{"type":"FeatureCollection","features":[{"type":"Feature","properties":{"district":"Ariyalur"},"geometry":{"type":"Polygon","coordinates":[[[79.459,11.151],[79.457,11.157],[79.462,11.163],[79.463,11.168],[79.471,11.176],[79.477,11.177],[79.483,11.18],[79.487,11.186],[79.492,11.192],[79.495,11.198],[79.501,11.203],[79.502,11.207],[79.503,11.213],[79.505,11.22],[79.508,11.225],[79.51,11.229],[79.506,11.233],[79.504,11.238],[79.5,11.244],[79.496,11.247],[79.495,11.254],[79.503,11.258],[79.504,11.261],[79.505,11.266],[79.504,11.269],[79.503,11.273],[79.501,11.275],[79.501,11.278],[79.501,11.289],[79.499,11.292],[79.495,11.304],[79.498,11.311],[79.49,11.317],[79.48,11.315],[79.472,11.316],[79.464,11.32],[79.461,11.323],[79.459,11.326],[79.456,11.326],[79.455,11.327],[79.452,11.329],[79.451,11.333],[79.447,11.336],[79.443,11.334],[79.433,11.343],[79.435,11.348],[79.437,11.353],[79.432,11.358],[79.427,11.364],[79.426,11.363],[79.42,11.361],[79.404,11.354],[79.399,11.352],[79.394,11.358],[79.389,11.367],[79.39,11.373],[79.394,11.377],[79.39,11.391],[79.393,11.399],[79.39,11.403],[79.385,11.408],[79.38,11.411],[79.379,11.405],[79.379,11.402],[79.385,11.402],[79.38,11.397],[79.373,11.399],[79.374,11.404],[79.376,11.412],[79.372,11.415],[79.368,11.418],[79.354,11.419],[79.35,11.418],[79.338,11.418],[79.334,11.419],[79.323,11.419],[79.313,11.418],[79.296,11.412],[79.29,11.402],[79.296,11.384],[79.294,11.38],[79.28,11.381],[79.273,11.384],[79.264,11.387],[79.259,11.388],[79.252,11.375],[79.245,11.37],[79.239,11.372],[79.239,11.386],[79.234,11.391],[79.225,11.392],[79.214,11.387],[79.205,11.383],[79.195,11.381],[79.188,11.378],[79.177,11.374],[79.168,11.378],[79.16,11.368],[79.153,11.365],[79.151,11.358],[79.16,11.349],[79.15,11.339],[79.131,11.332],[79.125,11.311],[79.143,11.299],[79.141,11.296],[79.126,11.296],[79.112,11.291],[79.11,11.283],[79.12,11.267],[79.122,11.249],[79.111,11.231],[79.095,11.215],[79.087,11.203],[79.073,11.207],[79.066,11.197],[79.076,11.189],[79.076,11.188],[79.077,11.185],[79.078,11.183],[79.078,11.18],[79.07,11.175],[79.073,11.168],[79.072,11.165],[79.068,11.154],[79.061,11.153],[79.06,11.144],[79.056,11.141],[79.058,11.129],[79.06,11.126],[79.065,11.128],[79.065,11.122],[79.067,11.117],[79.068,11.11],[79.068,11.106],[79.062,11.098],[79.06,11.093],[79.056,11.088],[79.05,11.085],[79.041,11.086],[79.034,11.084],[79.031,11.079],[79.025,11.075],[79.025,11.068],[79.02,11.067],[79.01,11.06],[79.008,11.042],[79.01,11.034],[79.01,11.023],[79.012,11.01],[79.002,11.005],[78.995,11.002],[78.99,10.994],[78.99,10.982],[78.984,10.976],[78.986,10.968],[78.974,10.971],[78.967,10.972],[78.958,10.973],[78.95,10.974],[78.946,10.976],[78.947,10.965],[78.949,10.959],[78.95,10.956],[78.956,10.952],[78.964,10.95],[78.972,10.948],[78.975,10.945],[78.98,10.938],[78.981,10.931],[78.984,10.922],[78.99,10.928],[78.999,10.924],[79.004,10.91],[79.006,10.895],[79.017,10.891],[79.023,10.89],[79.033,10.887],[79.042,10.887],[79.052,10.889],[79.062,10.897],[79.067,10.908],[79.073,10.919],[79.082,10.925],[79.085,10.927],[79.096,10.927],[79.109,10.925],[79.118,10.929],[79.128,10.933],[79.138,10.939],[79.144,10.941],[79.155,10.942],[79.166,10.941],[79.179,10.94],[79.184,10.944],[79.199,10.948],[79.206,10.94],[79.218,10.944],[79.225,10.949],[79.236,10.96],[79.243,10.967],[79.247,10.969],[79.264,10.982],[79.271,10.989],[79.274,10.997],[79.281,11.004],[79.291,11.014],[79.298,11.016],[79.306,11.019],[79.323,11.024],[79.333,11.03],[79.341,11.039],[79.348,11.043],[79.352,11.045],[79.358,11.049],[79.364,11.052],[79.374,11.055],[79.383,11.059],[79.391,11.063],[79.399,11.067],[79.403,11.071],[79.413,11.082],[79.417,11.091],[79.423,11.098],[79.423,11.102],[79.427,11.112],[79.43,11.12],[79.434,11.124],[79.438,11.128],[79.445,11.135],[79.448,11.14],[79.456,11.148],[79.459,11.151]]]}},{"type":"Feature","properties":{"district":"Chengalpattu"},"geometry":{"type":"Polygon","coordinates":[[[80.145,13.024],[80.146,13.032],[80.143,13.038],[80.14,13.041],[80.139,13.046],[80.129,13.045],[80.128,13.038],[80.129,13.035],[80.126,13.034],[80.122,13.033],[80.118,13.036],[80.118,13.038],[80.116,13.04],[80.112,13.041],[80.109,13.042],[80.108,13.041],[80.105,13.039],[80.103,13.04],[80.101,13.037],[80.099,13.035],[80.096,13.036],[80.094,13.038],[80.09,13.041],[80.089,13.041],[80.087,13.041],[80.086,13.04],[80.084,13.04],[80.082,13.041],[80.081,13.041],[80.081,13.038],[80.083,13.035],[80.082,13.032],[80.084,13.029],[80.083,13.027],[80.082,13.023],[80.082,13.019],[80.081,13.018],[80.08,13.016],[80.073,13.013],[80.057,13.004],[80.061,12.999],[80.062,12.99],[80.062,12.982],[80.057,12.982],[80.053,12.983],[80.053,12.981],[80.049,12.974],[80.048,12.969],[80.05,12.965],[80.052,12.96],[80.058,12.959],[80.061,12.962],[80.065,12.959],[80.067,12.959],[80.068,12.962],[80.072,12.967],[80.073,12.97],[80.075,12.969],[80.078,12.969],[80.08,12.971],[80.081,12.973],[80.084,12.971],[80.085,12.965],[80.085,12.961],[80.089,12.961],[80.096,12.958],[80.103,12.955],[80.104,12.95],[80.101,12.949],[80.095,12.946],[80.092,12.947],[80.089,12.943],[80.087,12.935],[80.085,12.929],[80.082,12.925],[80.078,12.921],[80.071,12.918],[80.068,12.915],[80.064,12.907],[80.061,12.901],[80.06,12.898],[80.059,12.895],[80.057,12.891],[80.055,12.886],[80.052,12.883],[80.053,12.881],[80.055,12.877],[80.059,12.873],[80.06,12.867],[80.061,12.863],[80.058,12.86],[80.055,12.853],[80.053,12.848],[80.051,12.84],[80.048,12.839],[80.045,12.84],[80.04,12.835],[80.034,12.832],[80.03,12.826],[80.027,12.823],[80.022,12.822],[80.018,12.818],[80.012,12.817],[80.009,12.815],[80.007,12.811],[80,12.812],[79.998,12.812],[79.994,12.811],[79.989,12.81],[79.983,12.813],[79.978,12.815],[79.972,12.814],[79.967,12.814],[79.964,12.817],[79.961,12.823],[79.959,12.824],[79.957,12.825],[79.956,12.818],[79.958,12.814],[79.961,12.81],[79.962,12.806],[79.961,12.799],[79.958,12.794],[79.952,12.791],[79.945,12.791],[79.941,12.787],[79.937,12.785],[79.933,12.787],[79.932,12.791],[79.929,12.796],[79.926,12.796],[79.919,12.798],[79.911,12.8],[79.908,12.795],[79.902,12.786],[79.891,12.783],[79.881,12.781],[79.877,12.778],[79.891,12.773],[79.888,12.764],[79.903,12.756],[79.911,12.754],[79.921,12.75],[79.928,12.744],[79.936,12.736],[79.942,12.727],[79.947,12.719],[79.953,12.706],[79.946,12.701],[79.931,12.699],[79.927,12.696],[79.917,12.693],[79.917,12.688],[79.919,12.681],[79.921,12.678],[79.921,12.672],[79.922,12.665],[79.923,12.657],[79.924,12.65],[79.925,12.646],[79.926,12.643],[79.928,12.64],[79.926,12.634],[79.913,12.636],[79.904,12.641],[79.894,12.636],[79.887,12.631],[79.883,12.632],[79.875,12.631],[79.862,12.627],[79.846,12.631],[79.837,12.623],[79.821,12.621],[79.805,12.629],[79.811,12.618],[79.813,12.608],[79.814,12.598],[79.814,12.588],[79.817,12.587],[79.82,12.576],[79.819,12.565],[79.793,12.561],[79.785,12.561],[79.773,12.551],[79.763,12.555],[79.76,12.559],[79.753,12.555],[79.754,12.545],[79.751,12.541],[79.748,12.537],[79.744,12.532],[79.746,12.528],[79.748,12.526],[79.748,12.525],[79.749,12.524],[79.749,12.524],[79.754,12.522],[79.755,12.518],[79.756,12.514],[79.753,12.509],[79.749,12.503],[79.746,12.503],[79.745,12.503],[79.744,12.503],[79.739,12.501],[79.739,12.501],[79.734,12.499],[79.726,12.5],[79.723,12.501],[79.721,12.496],[79.725,12.494],[79.73,12.492],[79.741,12.488],[79.747,12.484],[79.744,12.475],[79.746,12.464],[79.749,12.458],[79.74,12.457],[79.735,12.454],[79.735,12.445],[79.738,12.439],[79.736,12.43],[79.725,12.437],[79.718,12.439],[79.717,12.432],[79.713,12.433],[79.706,12.431],[79.709,12.428],[79.708,12.424],[79.707,12.416],[79.704,12.416],[79.697,12.418],[79.691,12.419],[79.693,12.414],[79.699,12.409],[79.698,12.402],[79.688,12.401],[79.682,12.397],[79.678,12.395],[79.672,12.393],[79.667,12.39],[79.664,12.387],[79.661,12.38],[79.667,12.374],[79.66,12.366],[79.658,12.365],[79.657,12.364],[79.653,12.361],[79.647,12.359],[79.643,12.35],[79.645,12.344],[79.649,12.34],[79.655,12.329],[79.661,12.323],[79.671,12.318],[79.683,12.316],[79.697,12.325],[79.71,12.335],[79.719,12.334],[79.727,12.331],[79.734,12.329],[79.742,12.327],[79.751,12.326],[79.757,12.327],[79.76,12.327],[79.766,12.331],[79.773,12.336],[79.779,12.339],[79.793,12.336],[79.799,12.337],[79.801,12.33],[79.81,12.326],[79.812,12.321],[79.819,12.315],[79.821,12.314],[79.827,12.313],[79.83,12.307],[79.832,12.303],[79.836,12.295],[79.841,12.289],[79.843,12.28],[79.847,12.276],[79.849,12.275],[79.856,12.269],[79.86,12.264],[79.865,12.257],[79.866,12.251],[79.871,12.247],[79.874,12.243],[79.879,12.24],[79.883,12.238],[79.889,12.236],[79.895,12.233],[79.898,12.231],[79.905,12.231],[79.909,12.231],[79.914,12.236],[79.925,12.232],[79.922,12.241],[79.923,12.25],[79.935,12.246],[79.945,12.242],[79.957,12.231],[79.965,12.234],[79.981,12.239],[79.988,12.251],[80.004,12.257],[80.012,12.263],[80.017,12.27],[80.022,12.281],[80.039,12.308],[80.051,12.324],[80.056,12.332],[80.063,12.341],[80.074,12.356],[80.09,12.374],[80.097,12.382],[80.111,12.399],[80.123,12.417],[80.127,12.421],[80.131,12.427],[80.137,12.436],[80.143,12.444],[80.151,12.456],[80.157,12.469],[80.158,12.474],[80.159,12.487],[80.16,12.496],[80.161,12.504],[80.162,12.51],[80.163,12.514],[80.164,12.521],[80.166,12.528],[80.169,12.537],[80.171,12.543],[80.174,12.551],[80.179,12.561],[80.182,12.567],[80.185,12.574],[80.185,12.579],[80.187,12.589],[80.19,12.596],[80.193,12.604],[80.198,12.615],[80.2,12.618],[80.199,12.624],[80.203,12.637],[80.205,12.643],[80.208,12.655],[80.212,12.66],[80.215,12.668],[80.219,12.678],[80.222,12.688],[80.223,12.692],[80.227,12.702],[80.231,12.713],[80.235,12.724],[80.239,12.734],[80.243,12.744],[80.245,12.752],[80.251,12.769],[80.253,12.775],[80.254,12.781],[80.255,12.785],[80.254,12.788],[80.255,12.79],[80.252,12.79],[80.25,12.794],[80.25,12.798],[80.249,12.803],[80.248,12.808],[80.248,12.815],[80.248,12.822],[80.249,12.831],[80.249,12.843],[80.247,12.857],[80.236,12.858],[80.231,12.852],[80.217,12.856],[80.213,12.861],[80.21,12.876],[80.215,12.887],[80.218,12.904],[80.213,12.911],[80.202,12.911],[80.199,12.915],[80.2,12.925],[80.199,12.931],[80.198,12.932],[80.199,12.933],[80.197,12.935],[80.194,12.937],[80.189,12.939],[80.192,12.942],[80.198,12.946],[80.2,12.951],[80.202,12.955],[80.201,12.958],[80.197,12.96],[80.196,12.967],[80.194,12.969],[80.189,12.97],[80.182,12.971],[80.179,12.979],[80.17,12.98],[80.169,12.982],[80.164,12.992],[80.164,13.003],[80.16,13.008],[80.159,13.014],[80.156,13.014],[80.154,13.015],[80.149,13.016],[80.145,13.022],[80.145,13.024]]]}},{"type":"Feature","properties":{"district":"Chennai"},"geometry":{"type":"Polygon","coordinates":[[[80.332,13.235],[80.326,13.233],[80.319,13.23],[80.317,13.226],[80.311,13.217],[80.297,13.213],[80.284,13.221],[80.281,13.23],[80.271,13.223],[80.271,13.204],[80.267,13.203],[80.258,13.205],[80.252,13.206],[80.249,13.2],[80.238,13.203],[80.235,13.197],[80.222,13.198],[80.224,13.184],[80.214,13.173],[80.209,13.176],[80.2,13.181],[80.199,13.175],[80.196,13.175],[80.194,13.174],[80.191,13.168],[80.193,13.166],[80.193,13.16],[80.194,13.156],[80.187,13.149],[80.178,13.149],[80.176,13.147],[80.175,13.139],[80.168,13.141],[80.151,13.14],[80.143,13.118],[80.142,13.098],[80.145,13.09],[80.16,13.082],[80.162,13.065],[80.159,13.05],[80.158,13.041],[80.146,13.04],[80.153,13.05],[80.153,13.054],[80.154,13.063],[80.146,13.057],[80.141,13.049],[80.14,13.045],[80.141,13.04],[80.144,13.038],[80.145,13.032],[80.147,13.025],[80.159,13.025],[80.163,13.025],[80.166,13.022],[80.17,13.025],[80.175,13.024],[80.177,13.024],[80.181,13.023],[80.183,13.025],[80.185,13.025],[80.189,13.023],[80.191,13.026],[80.193,13.028],[80.195,13.029],[80.197,13.029],[80.198,13.029],[80.199,13.024],[80.199,13.016],[80.211,13.008],[80.208,12.999],[80.205,12.988],[80.209,12.977],[80.222,12.966],[80.232,12.974],[80.242,12.979],[80.248,12.982],[80.264,12.975],[80.268,12.979],[80.271,12.99],[80.273,12.999],[80.275,13.007],[80.276,13.012],[80.276,13.013],[80.278,13.016],[80.279,13.024],[80.281,13.036],[80.281,13.042],[80.282,13.046],[80.283,13.052],[80.286,13.06],[80.287,13.063],[80.287,13.065],[80.289,13.069],[80.291,13.073],[80.293,13.078],[80.297,13.084],[80.299,13.087],[80.301,13.09],[80.302,13.09],[80.303,13.092],[80.304,13.097],[80.305,13.1],[80.309,13.105],[80.311,13.108],[80.31,13.108],[80.309,13.106],[80.305,13.102],[80.304,13.103],[80.304,13.102],[80.304,13.101],[80.303,13.098],[80.302,13.099],[80.302,13.098],[80.303,13.097],[80.302,13.092],[80.295,13.093],[80.297,13.099],[80.298,13.099],[80.299,13.099],[80.299,13.098],[80.3,13.099],[80.299,13.098],[80.3,13.098],[80.301,13.098],[80.302,13.099],[80.299,13.1],[80.299,13.104],[80.299,13.107],[80.3,13.108],[80.3,13.108],[80.302,13.112],[80.303,13.111],[80.303,13.11],[80.303,13.109],[80.303,13.108],[80.303,13.106],[80.304,13.107],[80.305,13.111],[80.302,13.115],[80.301,13.12],[80.301,13.122],[80.305,13.13],[80.305,13.131],[80.305,13.13],[80.3,13.123],[80.297,13.124],[80.297,13.125],[80.298,13.126],[80.299,13.129],[80.298,13.131],[80.299,13.133],[80.3,13.133],[80.302,13.131],[80.303,13.129],[80.304,13.13],[80.304,13.131],[80.303,13.133],[80.301,13.134],[80.298,13.135],[80.298,13.136],[80.299,13.139],[80.301,13.143],[80.303,13.147],[80.307,13.154],[80.309,13.16],[80.312,13.166],[80.313,13.173],[80.316,13.178],[80.318,13.186],[80.32,13.192],[80.324,13.204],[80.326,13.213],[80.329,13.224],[80.332,13.232],[80.333,13.235],[80.332,13.235]]]}},{"type":"Feature","properties":{"district":"Coimbatore"},"geometry":{"type":"Polygon","coordinates":[[[77.147,11.336],[77.141,11.338],[77.138,11.34],[77.138,11.342],[77.137,11.343],[77.137,11.344],[77.138,11.346],[77.136,11.346],[77.135,11.349],[77.134,11.35],[77.132,11.351],[77.131,11.355],[77.13,11.356],[77.131,11.359],[77.13,11.358],[77.131,11.361],[77.133,11.363],[77.132,11.365],[77.13,11.366],[77.13,11.371],[77.129,11.375],[77.127,11.378],[77.115,11.379],[77.113,11.381],[77.112,11.387],[77.111,11.398],[77.111,11.405],[77.107,11.406],[77.102,11.405],[77.092,11.403],[77.093,11.399],[77.09,11.397],[77.089,11.396],[77.091,11.395],[77.089,11.393],[77.087,11.392],[77.085,11.39],[77.081,11.388],[77.079,11.39],[77.077,11.391],[77.076,11.39],[77.072,11.387],[77.07,11.393],[77.071,11.402],[77.067,11.402],[77.062,11.403],[77.056,11.404],[77.051,11.403],[77.046,11.4],[77.041,11.397],[77.037,11.393],[77.034,11.387],[77.028,11.388],[77.023,11.387],[77.025,11.377],[77.022,11.371],[77.017,11.371],[77.014,11.369],[77,11.374],[76.989,11.381],[76.981,11.383],[76.981,11.378],[76.977,11.381],[76.971,11.386],[76.965,11.386],[76.961,11.383],[76.96,11.381],[76.955,11.379],[76.948,11.376],[76.937,11.377],[76.933,11.374],[76.929,11.369],[76.93,11.369],[76.935,11.369],[76.939,11.366],[76.946,11.366],[76.948,11.366],[76.94,11.364],[76.937,11.359],[76.933,11.359],[76.933,11.356],[76.932,11.359],[76.932,11.362],[76.929,11.36],[76.925,11.36],[76.925,11.357],[76.92,11.359],[76.915,11.356],[76.913,11.353],[76.908,11.352],[76.902,11.351],[76.901,11.356],[76.903,11.362],[76.9,11.362],[76.897,11.363],[76.894,11.365],[76.891,11.365],[76.888,11.365],[76.89,11.361],[76.886,11.357],[76.886,11.354],[76.883,11.352],[76.881,11.354],[76.879,11.357],[76.877,11.358],[76.875,11.354],[76.872,11.352],[76.869,11.354],[76.868,11.354],[76.865,11.352],[76.863,11.352],[76.863,11.349],[76.865,11.347],[76.869,11.346],[76.868,11.345],[76.864,11.346],[76.861,11.347],[76.859,11.344],[76.858,11.345],[76.856,11.346],[76.855,11.345],[76.854,11.344],[76.854,11.34],[76.851,11.343],[76.849,11.339],[76.849,11.337],[76.849,11.335],[76.853,11.333],[76.854,11.331],[76.852,11.327],[76.854,11.325],[76.856,11.325],[76.86,11.325],[76.859,11.322],[76.859,11.321],[76.855,11.317],[76.859,11.313],[76.859,11.309],[76.859,11.304],[76.855,11.306],[76.855,11.306],[76.855,11.304],[76.854,11.299],[76.851,11.295],[76.85,11.293],[76.847,11.293],[76.845,11.29],[76.835,11.29],[76.829,11.293],[76.827,11.291],[76.826,11.291],[76.824,11.293],[76.818,11.29],[76.814,11.293],[76.81,11.296],[76.807,11.299],[76.801,11.296],[76.797,11.29],[76.793,11.285],[76.791,11.28],[76.79,11.279],[76.787,11.279],[76.785,11.281],[76.782,11.284],[76.778,11.286],[76.774,11.287],[76.771,11.289],[76.767,11.286],[76.767,11.282],[76.77,11.276],[76.769,11.273],[76.768,11.268],[76.767,11.267],[76.767,11.265],[76.766,11.264],[76.765,11.261],[76.763,11.26],[76.759,11.258],[76.755,11.255],[76.756,11.253],[76.75,11.248],[76.743,11.253],[76.73,11.245],[76.715,11.257],[76.709,11.262],[76.702,11.261],[76.7,11.252],[76.701,11.249],[76.702,11.245],[76.705,11.242],[76.707,11.238],[76.709,11.236],[76.712,11.232],[76.717,11.23],[76.723,11.225],[76.726,11.221],[76.727,11.218],[76.73,11.216],[76.731,11.213],[76.728,11.211],[76.725,11.208],[76.723,11.204],[76.726,11.198],[76.728,11.196],[76.729,11.193],[76.729,11.191],[76.725,11.192],[76.721,11.189],[76.719,11.187],[76.716,11.187],[76.71,11.188],[76.709,11.182],[76.707,11.18],[76.703,11.181],[76.7,11.181],[76.7,11.176],[76.698,11.176],[76.693,11.172],[76.692,11.164],[76.69,11.161],[76.692,11.158],[76.696,11.155],[76.695,11.152],[76.7,11.15],[76.701,11.147],[76.703,11.144],[76.712,11.142],[76.711,11.145],[76.71,11.148],[76.716,11.149],[76.718,11.148],[76.717,11.145],[76.718,11.143],[76.721,11.141],[76.724,11.139],[76.727,11.134],[76.729,11.134],[76.73,11.13],[76.733,11.132],[76.735,11.135],[76.737,11.135],[76.74,11.133],[76.739,11.132],[76.741,11.133],[76.744,11.136],[76.746,11.138],[76.748,11.136],[76.748,11.134],[76.747,11.133],[76.747,11.131],[76.746,11.131],[76.746,11.13],[76.746,11.127],[76.747,11.125],[76.748,11.123],[76.747,11.122],[76.747,11.119],[76.748,11.117],[76.747,11.114],[76.748,11.112],[76.747,11.11],[76.746,11.109],[76.744,11.108],[76.743,11.108],[76.741,11.109],[76.741,11.109],[76.741,11.106],[76.741,11.105],[76.739,11.104],[76.739,11.103],[76.741,11.1],[76.743,11.1],[76.744,11.098],[76.746,11.095],[76.746,11.093],[76.749,11.093],[76.75,11.094],[76.752,11.092],[76.753,11.087],[76.755,11.083],[76.755,11.079],[76.752,11.078],[76.75,11.079],[76.748,11.075],[76.746,11.076],[76.744,11.072],[76.741,11.073],[76.741,11.07],[76.744,11.068],[76.742,11.066],[76.743,11.062],[76.746,11.06],[76.744,11.058],[76.746,11.055],[76.748,11.055],[76.75,11.055],[76.752,11.055],[76.754,11.054],[76.756,11.053],[76.758,11.053],[76.76,11.052],[76.761,11.051],[76.762,11.048],[76.764,11.047],[76.766,11.045],[76.769,11.043],[76.772,11.043],[76.777,11.043],[76.779,11.042],[76.781,11.043],[76.785,11.044],[76.788,11.045],[76.789,11.045],[76.791,11.048],[76.792,11.049],[76.792,11.049],[76.793,11.052],[76.793,11.052],[76.793,11.053],[76.794,11.053],[76.794,11.054],[76.794,11.054],[76.795,11.055],[76.796,11.055],[76.796,11.056],[76.797,11.056],[76.798,11.056],[76.801,11.054],[76.797,11.047],[76.794,11.042],[76.793,11.039],[76.793,11.039],[76.79,11.036],[76.785,11.036],[76.781,11.034],[76.772,11.033],[76.765,11.029],[76.763,11.031],[76.759,11.031],[76.756,11.032],[76.752,11.033],[76.75,11.033],[76.744,11.037],[76.738,11.04],[76.732,11.038],[76.727,11.041],[76.72,11.041],[76.714,11.04],[76.71,11.036],[76.708,11.032],[76.7,11.027],[76.695,11.022],[76.693,11.018],[76.691,11.014],[76.689,11.009],[76.688,11.004],[76.688,11.001],[76.686,10.995],[76.685,10.991],[76.686,10.989],[76.677,10.979],[76.674,10.975],[76.667,10.968],[76.667,10.959],[76.664,10.951],[76.665,10.943],[76.659,10.941],[76.659,10.933],[76.66,10.93],[76.666,10.926],[76.677,10.918],[76.692,10.912],[76.699,10.91],[76.705,10.91],[76.711,10.909],[76.715,10.908],[76.716,10.907],[76.717,10.906],[76.719,10.905],[76.721,10.905],[76.723,10.904],[76.724,10.903],[76.725,10.902],[76.727,10.901],[76.728,10.9],[76.73,10.899],[76.731,10.898],[76.732,10.898],[76.736,10.897],[76.739,10.895],[76.74,10.892],[76.744,10.892],[76.752,10.894],[76.757,10.893],[76.76,10.894],[76.762,10.892],[76.765,10.891],[76.766,10.89],[76.767,10.888],[76.77,10.887],[76.773,10.889],[76.774,10.89],[76.775,10.89],[76.777,10.889],[76.779,10.89],[76.782,10.89],[76.783,10.888],[76.787,10.887],[76.789,10.885],[76.791,10.884],[76.791,10.883],[76.792,10.881],[76.796,10.88],[76.799,10.88],[76.803,10.878],[76.805,10.879],[76.807,10.878],[76.809,10.877],[76.812,10.878],[76.812,10.876],[76.812,10.876],[76.814,10.876],[76.816,10.873],[76.82,10.873],[76.826,10.871],[76.828,10.872],[76.831,10.869],[76.831,10.864],[76.832,10.86],[76.833,10.859],[76.837,10.857],[76.84,10.855],[76.843,10.851],[76.848,10.849],[76.849,10.847],[76.852,10.842],[76.854,10.839],[76.854,10.835],[76.852,10.832],[76.85,10.829],[76.849,10.829],[76.847,10.827],[76.845,10.825],[76.848,10.822],[76.849,10.818],[76.853,10.819],[76.856,10.818],[76.86,10.818],[76.865,10.817],[76.868,10.811],[76.872,10.808],[76.877,10.809],[76.883,10.809],[76.888,10.809],[76.896,10.809],[76.901,10.806],[76.901,10.803],[76.902,10.799],[76.904,10.793],[76.905,10.787],[76.907,10.783],[76.908,10.778],[76.905,10.774],[76.903,10.772],[76.904,10.763],[76.9,10.756],[76.896,10.751],[76.896,10.747],[76.896,10.745],[76.894,10.743],[76.893,10.741],[76.891,10.738],[76.889,10.735],[76.888,10.732],[76.889,10.731],[76.889,10.729],[76.89,10.725],[76.891,10.724],[76.893,10.721],[76.892,10.719],[76.89,10.717],[76.886,10.719],[76.882,10.717],[76.88,10.714],[76.877,10.709],[76.875,10.706],[76.871,10.699],[76.87,10.697],[76.87,10.693],[76.87,10.691],[76.868,10.688],[76.866,10.686],[76.867,10.683],[76.867,10.679],[76.87,10.677],[76.878,10.676],[76.879,10.672],[76.878,10.669],[76.879,10.666],[76.881,10.662],[76.881,10.659],[76.883,10.652],[76.883,10.646],[76.882,10.64],[76.878,10.639],[76.872,10.636],[76.868,10.634],[76.861,10.633],[76.855,10.634],[76.85,10.635],[76.844,10.636],[76.84,10.634],[76.831,10.638],[76.828,10.637],[76.826,10.636],[76.823,10.635],[76.819,10.634],[76.814,10.636],[76.814,10.632],[76.813,10.627],[76.811,10.625],[76.811,10.623],[76.811,10.62],[76.813,10.619],[76.815,10.617],[76.816,10.615],[76.816,10.613],[76.818,10.611],[76.816,10.609],[76.817,10.606],[76.817,10.603],[76.82,10.601],[76.822,10.599],[76.825,10.597],[76.827,10.596],[76.828,10.597],[76.831,10.598],[76.834,10.599],[76.836,10.599],[76.837,10.598],[76.838,10.597],[76.838,10.595],[76.838,10.593],[76.837,10.591],[76.837,10.589],[76.837,10.587],[76.837,10.585],[76.837,10.583],[76.837,10.581],[76.835,10.579],[76.834,10.573],[76.834,10.571],[76.836,10.568],[76.838,10.566],[76.839,10.563],[76.837,10.559],[76.836,10.557],[76.836,10.553],[76.835,10.549],[76.838,10.543],[76.841,10.534],[76.838,10.522],[76.834,10.51],[76.831,10.5],[76.831,10.492],[76.828,10.455],[76.823,10.417],[76.83,10.411],[76.832,10.406],[76.827,10.398],[76.833,10.386],[76.84,10.38],[76.844,10.377],[76.848,10.369],[76.847,10.365],[76.846,10.358],[76.842,10.354],[76.839,10.349],[76.836,10.34],[76.838,10.338],[76.836,10.332],[76.835,10.329],[76.833,10.317],[76.83,10.31],[76.83,10.307],[76.83,10.304],[76.833,10.303],[76.839,10.301],[76.841,10.299],[76.844,10.294],[76.842,10.291],[76.845,10.289],[76.848,10.287],[76.849,10.285],[76.852,10.285],[76.852,10.288],[76.853,10.291],[76.856,10.293],[76.859,10.293],[76.86,10.292],[76.863,10.293],[76.864,10.295],[76.867,10.296],[76.869,10.297],[76.873,10.299],[76.875,10.294],[76.873,10.282],[76.875,10.275],[76.887,10.268],[76.898,10.262],[76.901,10.252],[76.905,10.251],[76.905,10.249],[76.905,10.244],[76.903,10.24],[76.909,10.24],[76.91,10.237],[76.914,10.234],[76.923,10.233],[76.931,10.236],[76.94,10.239],[76.948,10.234],[76.954,10.232],[76.959,10.234],[76.967,10.231],[76.973,10.226],[76.978,10.224],[76.982,10.22],[76.984,10.221],[76.986,10.223],[76.991,10.226],[76.992,10.229],[76.995,10.23],[76.998,10.23],[77,10.231],[77,10.232],[77.001,10.234],[77.001,10.235],[77.002,10.235],[77.003,10.234],[77.004,10.235],[77.004,10.236],[77.005,10.237],[77.005,10.238],[77.007,10.239],[77.008,10.239],[77.008,10.24],[77.011,10.24],[77.011,10.24],[77.012,10.243],[77.013,10.244],[77.014,10.246],[77.015,10.246],[77.017,10.246],[77.018,10.246],[77.02,10.247],[77.022,10.248],[77.025,10.25],[77.027,10.25],[77.028,10.25],[77.03,10.251],[77.031,10.252],[77.031,10.252],[77.031,10.252],[77.031,10.252],[77.032,10.252],[77.033,10.252],[77.033,10.252],[77.034,10.252],[77.034,10.252],[77.034,10.252],[77.035,10.252],[77.035,10.252],[77.035,10.252],[77.035,10.252],[77.036,10.253],[77.036,10.253],[77.037,10.253],[77.037,10.253],[77.037,10.253],[77.038,10.253],[77.038,10.253],[77.039,10.253],[77.039,10.253],[77.04,10.253],[77.041,10.253],[77.041,10.253],[77.041,10.253],[77.041,10.254],[77.041,10.254],[77.042,10.254],[77.042,10.255],[77.042,10.255],[77.042,10.255],[77.042,10.256],[77.045,10.257],[77.049,10.261],[77.051,10.262],[77.051,10.263],[77.051,10.263],[77.051,10.263],[77.051,10.264],[77.052,10.264],[77.052,10.265],[77.052,10.265],[77.052,10.266],[77.052,10.266],[77.051,10.266],[77.051,10.266],[77.051,10.267],[77.051,10.267],[77.051,10.267],[77.051,10.267],[77.051,10.267],[77.051,10.267],[77.051,10.267],[77.051,10.267],[77.051,10.267],[77.051,10.267],[77.051,10.267],[77.051,10.267],[77.051,10.267],[77.051,10.267],[77.051,10.267],[77.051,10.268],[77.051,10.268],[77.051,10.268],[77.051,10.268],[77.051,10.268],[77.051,10.268],[77.051,10.268],[77.051,10.268],[77.051,10.268],[77.051,10.268],[77.051,10.268],[77.051,10.268],[77.051,10.268],[77.051,10.268],[77.051,10.268],[77.051,10.269],[77.051,10.269],[77.051,10.269],[77.051,10.269],[77.051,10.269],[77.051,10.269],[77.051,10.269],[77.051,10.269],[77.051,10.269],[77.052,10.269],[77.052,10.27],[77.052,10.27],[77.052,10.27],[77.052,10.27],[77.052,10.27],[77.052,10.27],[77.052,10.27],[77.052,10.27],[77.052,10.27],[77.052,10.27],[77.052,10.27],[77.052,10.271],[77.052,10.271],[77.052,10.271],[77.052,10.271],[77.052,10.271],[77.052,10.271],[77.052,10.272],[77.053,10.272],[77.051,10.274],[77.051,10.276],[77.049,10.278],[77.047,10.28],[77.045,10.282],[77.044,10.284],[77.049,10.285],[77.055,10.287],[77.058,10.288],[77.059,10.29],[77.062,10.291],[77.063,10.294],[77.065,10.296],[77.068,10.298],[77.074,10.3],[77.075,10.3],[77.075,10.3],[77.08,10.304],[77.084,10.307],[77.088,10.31],[77.091,10.314],[77.091,10.315],[77.091,10.315],[77.091,10.315],[77.091,10.315],[77.09,10.316],[77.09,10.316],[77.09,10.316],[77.09,10.317],[77.09,10.317],[77.09,10.317],[77.09,10.317],[77.09,10.318],[77.089,10.318],[77.089,10.319],[77.089,10.319],[77.089,10.319],[77.089,10.319],[77.089,10.32],[77.089,10.32],[77.089,10.321],[77.089,10.321],[77.089,10.323],[77.083,10.332],[77.085,10.343],[77.089,10.358],[77.092,10.365],[77.09,10.369],[77.089,10.374],[77.087,10.378],[77.083,10.381],[77.08,10.385],[77.078,10.388],[77.074,10.39],[77.07,10.394],[77.068,10.397],[77.057,10.405],[77.05,10.411],[77.046,10.414],[77.045,10.422],[77.049,10.434],[77.055,10.443],[77.064,10.449],[77.072,10.459],[77.073,10.463],[77.072,10.466],[77.072,10.465],[77.069,10.465],[77.066,10.465],[77.065,10.468],[77.06,10.474],[77.059,10.48],[77.063,10.485],[77.067,10.49],[77.074,10.496],[77.075,10.502],[77.077,10.507],[77.077,10.516],[77.075,10.523],[77.076,10.531],[77.073,10.544],[77.074,10.549],[77.076,10.551],[77.076,10.554],[77.076,10.556],[77.077,10.559],[77.079,10.56],[77.081,10.562],[77.083,10.564],[77.081,10.566],[77.08,10.569],[77.081,10.572],[77.083,10.574],[77.084,10.576],[77.086,10.578],[77.087,10.579],[77.09,10.581],[77.097,10.584],[77.105,10.585],[77.114,10.585],[77.124,10.585],[77.134,10.584],[77.144,10.583],[77.156,10.584],[77.166,10.588],[77.171,10.605],[77.17,10.607],[77.173,10.609],[77.173,10.614],[77.174,10.617],[77.175,10.621],[77.176,10.625],[77.179,10.633],[77.174,10.644],[77.161,10.648],[77.153,10.655],[77.147,10.658],[77.145,10.663],[77.141,10.677],[77.141,10.681],[77.142,10.686],[77.143,10.696],[77.142,10.705],[77.141,10.717],[77.14,10.725],[77.14,10.728],[77.139,10.731],[77.138,10.735],[77.135,10.746],[77.138,10.755],[77.145,10.765],[77.153,10.768],[77.157,10.775],[77.16,10.783],[77.163,10.793],[77.166,10.797],[77.172,10.802],[77.178,10.797],[77.185,10.798],[77.186,10.799],[77.186,10.799],[77.187,10.8],[77.188,10.8],[77.188,10.8],[77.189,10.801],[77.189,10.801],[77.192,10.802],[77.197,10.803],[77.202,10.802],[77.206,10.802],[77.211,10.803],[77.216,10.803],[77.21,10.791],[77.221,10.783],[77.23,10.777],[77.239,10.778],[77.247,10.778],[77.278,10.784],[77.28,10.803],[77.288,10.808],[77.296,10.811],[77.298,10.818],[77.292,10.828],[77.292,10.836],[77.289,10.84],[77.288,10.848],[77.275,10.855],[77.257,10.883],[77.248,10.905],[77.241,10.905],[77.236,10.907],[77.221,10.901],[77.214,10.902],[77.211,10.902],[77.21,10.904],[77.208,10.905],[77.208,10.906],[77.208,10.907],[77.207,10.91],[77.205,10.911],[77.203,10.913],[77.188,10.919],[77.184,10.922],[77.182,10.921],[77.176,10.936],[77.178,10.942],[77.171,10.953],[77.169,10.96],[77.169,10.965],[77.164,10.979],[77.159,10.991],[77.155,10.999],[77.164,11.002],[77.169,11.009],[77.175,11.019],[77.179,11.037],[77.176,11.048],[77.17,11.055],[77.166,11.065],[77.172,11.069],[77.183,11.074],[77.195,11.079],[77.204,11.088],[77.218,11.091],[77.227,11.098],[77.238,11.104],[77.243,11.105],[77.247,11.106],[77.254,11.109],[77.263,11.106],[77.264,11.111],[77.26,11.116],[77.257,11.119],[77.254,11.121],[77.252,11.128],[77.247,11.132],[77.242,11.138],[77.236,11.14],[77.233,11.131],[77.225,11.126],[77.222,11.126],[77.213,11.132],[77.21,11.135],[77.21,11.139],[77.205,11.139],[77.199,11.144],[77.191,11.148],[77.186,11.147],[77.185,11.142],[77.179,11.138],[77.175,11.142],[77.176,11.152],[77.178,11.158],[77.182,11.161],[77.179,11.163],[77.175,11.166],[77.167,11.167],[77.161,11.169],[77.16,11.177],[77.159,11.194],[77.15,11.201],[77.146,11.21],[77.149,11.219],[77.156,11.231],[77.164,11.244],[77.164,11.255],[77.169,11.279],[77.164,11.284],[77.156,11.28],[77.155,11.28],[77.153,11.279],[77.15,11.282],[77.141,11.282],[77.14,11.283],[77.138,11.286],[77.129,11.286],[77.124,11.286],[77.119,11.292],[77.119,11.302],[77.126,11.303],[77.126,11.308],[77.13,11.307],[77.134,11.307],[77.141,11.305],[77.147,11.305],[77.151,11.317],[77.15,11.327],[77.147,11.336]]]}},{"type":"Feature","properties":{"district":"Cuddalore"},"geometry":{"type":"MultiPolygon","coordinates":[[[[79.813,11.423],[79.812,11.427],[79.811,11.432],[79.809,11.436],[79.808,11.443],[79.806,11.447],[79.804,11.451],[79.802,11.455],[79.801,11.458],[79.799,11.461],[79.796,11.465],[79.796,11.465],[79.795,11.466],[79.796,11.463],[79.798,11.458],[79.795,11.461],[79.792,11.465],[79.791,11.468],[79.79,11.472],[79.787,11.475],[79.784,11.48],[79.782,11.483],[79.779,11.486],[79.777,11.491],[79.776,11.494],[79.777,11.496],[79.778,11.499],[79.779,11.505],[79.776,11.509],[79.771,11.514],[79.775,11.508],[79.778,11.503],[79.775,11.503],[79.774,11.502],[79.772,11.504],[79.769,11.509],[79.768,11.514],[79.772,11.506],[79.774,11.505],[79.772,11.508],[79.769,11.513],[79.767,11.519],[79.765,11.524],[79.762,11.531],[79.76,11.54],[79.759,11.544],[79.758,11.551],[79.757,11.556],[79.757,11.563],[79.757,11.569],[79.757,11.577],[79.757,11.585],[79.757,11.593],[79.758,11.6],[79.759,11.608],[79.76,11.616],[79.761,11.627],[79.763,11.636],[79.765,11.646],[79.767,11.658],[79.769,11.667],[79.771,11.675],[79.772,11.681],[79.774,11.688],[79.776,11.696],[79.778,11.702],[79.781,11.711],[79.783,11.721],[79.784,11.727],[79.785,11.731],[79.788,11.743],[79.789,11.749],[79.791,11.758],[79.793,11.768],[79.795,11.778],[79.788,11.787],[79.78,11.781],[79.771,11.782],[79.77,11.784],[79.771,11.788],[79.765,11.791],[79.761,11.788],[79.758,11.783],[79.756,11.777],[79.749,11.777],[79.74,11.781],[79.731,11.781],[79.724,11.785],[79.715,11.789],[79.714,11.796],[79.718,11.798],[79.724,11.799],[79.725,11.803],[79.724,11.809],[79.733,11.809],[79.736,11.813],[79.735,11.817],[79.733,11.824],[79.729,11.837],[79.732,11.837],[79.738,11.838],[79.738,11.843],[79.739,11.843],[79.744,11.842],[79.752,11.838],[79.758,11.836],[79.764,11.834],[79.765,11.833],[79.768,11.823],[79.771,11.823],[79.773,11.826],[79.776,11.829],[79.778,11.831],[79.782,11.832],[79.785,11.831],[79.793,11.828],[79.796,11.827],[79.798,11.826],[79.8,11.832],[79.794,11.832],[79.798,11.836],[79.801,11.836],[79.808,11.835],[79.806,11.839],[79.808,11.845],[79.803,11.853],[79.801,11.855],[79.79,11.855],[79.782,11.856],[79.78,11.85],[79.777,11.846],[79.776,11.842],[79.775,11.838],[79.769,11.838],[79.765,11.843],[79.763,11.848],[79.764,11.852],[79.766,11.856],[79.769,11.858],[79.771,11.861],[79.77,11.863],[79.769,11.868],[79.77,11.875],[79.766,11.876],[79.764,11.877],[79.76,11.876],[79.758,11.873],[79.759,11.868],[79.754,11.865],[79.754,11.86],[79.754,11.855],[79.754,11.85],[79.75,11.848],[79.745,11.849],[79.743,11.852],[79.743,11.86],[79.742,11.863],[79.734,11.865],[79.725,11.862],[79.719,11.856],[79.717,11.855],[79.714,11.86],[79.713,11.867],[79.71,11.868],[79.709,11.878],[79.709,11.885],[79.71,11.888],[79.708,11.889],[79.697,11.889],[79.69,11.886],[79.685,11.886],[79.686,11.885],[79.685,11.881],[79.69,11.871],[79.692,11.862],[79.695,11.857],[79.696,11.843],[79.703,11.832],[79.687,11.833],[79.69,11.828],[79.687,11.817],[79.689,11.81],[79.686,11.802],[79.677,11.8],[79.674,11.808],[79.666,11.811],[79.661,11.809],[79.656,11.804],[79.647,11.799],[79.64,11.799],[79.633,11.803],[79.625,11.811],[79.619,11.822],[79.607,11.828],[79.601,11.832],[79.595,11.838],[79.587,11.843],[79.578,11.843],[79.575,11.841],[79.57,11.84],[79.562,11.841],[79.555,11.844],[79.553,11.846],[79.545,11.847],[79.539,11.851],[79.531,11.856],[79.524,11.858],[79.52,11.857],[79.509,11.858],[79.499,11.863],[79.482,11.868],[79.475,11.87],[79.468,11.872],[79.455,11.871],[79.452,11.854],[79.46,11.847],[79.472,11.847],[79.469,11.844],[79.47,11.841],[79.472,11.835],[79.48,11.837],[79.481,11.829],[79.48,11.825],[79.478,11.822],[79.48,11.819],[79.483,11.812],[79.479,11.807],[79.477,11.806],[79.471,11.803],[79.464,11.801],[79.463,11.808],[79.452,11.81],[79.443,11.809],[79.439,11.791],[79.431,11.78],[79.435,11.775],[79.441,11.767],[79.443,11.765],[79.451,11.768],[79.464,11.768],[79.46,11.755],[79.463,11.743],[79.443,11.735],[79.431,11.732],[79.436,11.724],[79.435,11.709],[79.439,11.691],[79.442,11.68],[79.444,11.666],[79.429,11.668],[79.418,11.668],[79.414,11.672],[79.399,11.676],[79.392,11.68],[79.383,11.68],[79.372,11.675],[79.36,11.669],[79.351,11.658],[79.332,11.661],[79.326,11.648],[79.311,11.642],[79.297,11.642],[79.291,11.647],[79.281,11.649],[79.275,11.647],[79.271,11.644],[79.26,11.649],[79.248,11.652],[79.247,11.647],[79.244,11.642],[79.236,11.629],[79.228,11.632],[79.223,11.635],[79.218,11.638],[79.21,11.633],[79.21,11.626],[79.211,11.62],[79.203,11.611],[79.193,11.594],[79.185,11.587],[79.179,11.589],[79.172,11.593],[79.154,11.598],[79.149,11.591],[79.144,11.588],[79.136,11.589],[79.13,11.595],[79.117,11.602],[79.117,11.608],[79.112,11.614],[79.109,11.614],[79.103,11.611],[79.099,11.614],[79.099,11.617],[79.097,11.621],[79.093,11.623],[79.091,11.624],[79.088,11.629],[79.08,11.631],[79.072,11.63],[79.069,11.621],[79.066,11.612],[79.066,11.611],[79.077,11.607],[79.076,11.597],[79.071,11.599],[79.068,11.598],[79.063,11.593],[79.06,11.59],[79.056,11.587],[79.052,11.586],[79.049,11.586],[79.048,11.586],[79.045,11.587],[79.043,11.589],[79.045,11.589],[79.047,11.591],[79.048,11.594],[79.047,11.597],[79.042,11.599],[79.034,11.598],[79.026,11.603],[79.021,11.605],[79.018,11.606],[79.014,11.6],[79.016,11.594],[79.016,11.587],[79.012,11.583],[79.005,11.577],[78.995,11.574],[78.98,11.567],[78.966,11.572],[78.953,11.57],[78.94,11.569],[78.932,11.568],[78.927,11.566],[78.921,11.553],[78.918,11.546],[78.915,11.536],[78.916,11.528],[78.909,11.516],[78.902,11.506],[78.889,11.506],[78.88,11.505],[78.888,11.495],[78.893,11.488],[78.907,11.477],[78.911,11.466],[78.917,11.46],[78.925,11.453],[78.933,11.44],[78.946,11.425],[78.956,11.414],[78.962,11.405],[78.982,11.403],[78.997,11.408],[79.005,11.401],[79.016,11.396],[79.023,11.395],[79.031,11.394],[79.042,11.399],[79.051,11.403],[79.061,11.402],[79.072,11.4],[79.082,11.397],[79.092,11.398],[79.102,11.401],[79.111,11.4],[79.119,11.397],[79.129,11.394],[79.14,11.386],[79.147,11.383],[79.164,11.381],[79.171,11.375],[79.185,11.376],[79.193,11.38],[79.2,11.382],[79.208,11.384],[79.22,11.39],[79.228,11.392],[79.237,11.39],[79.239,11.378],[79.24,11.37],[79.249,11.372],[79.254,11.384],[79.26,11.388],[79.268,11.386],[79.274,11.38],[79.289,11.38],[79.296,11.38],[79.293,11.39],[79.292,11.41],[79.298,11.412],[79.319,11.419],[79.331,11.419],[79.336,11.418],[79.347,11.416],[79.353,11.418],[79.363,11.419],[79.37,11.417],[79.374,11.413],[79.378,11.411],[79.374,11.403],[79.376,11.398],[79.382,11.397],[79.382,11.4],[79.379,11.403],[79.379,11.409],[79.385,11.409],[79.388,11.406],[79.393,11.402],[79.391,11.392],[79.39,11.388],[79.393,11.376],[79.389,11.37],[79.394,11.367],[79.396,11.354],[79.4,11.35],[79.413,11.364],[79.424,11.36],[79.425,11.365],[79.428,11.358],[79.437,11.357],[79.437,11.349],[79.431,11.346],[79.437,11.334],[79.445,11.334],[79.449,11.334],[79.452,11.332],[79.454,11.327],[79.455,11.327],[79.457,11.327],[79.46,11.325],[79.462,11.321],[79.465,11.318],[79.474,11.314],[79.485,11.317],[79.497,11.315],[79.497,11.309],[79.497,11.295],[79.502,11.291],[79.501,11.281],[79.502,11.276],[79.501,11.273],[79.504,11.272],[79.505,11.269],[79.505,11.263],[79.504,11.258],[79.495,11.259],[79.495,11.249],[79.498,11.245],[79.501,11.242],[79.505,11.236],[79.507,11.231],[79.509,11.227],[79.506,11.223],[79.504,11.217],[79.503,11.209],[79.501,11.204],[79.499,11.201],[79.494,11.196],[79.489,11.188],[79.485,11.183],[79.482,11.178],[79.474,11.177],[79.464,11.171],[79.463,11.167],[79.46,11.16],[79.457,11.154],[79.462,11.153],[79.473,11.161],[79.478,11.162],[79.487,11.167],[79.495,11.172],[79.5,11.176],[79.507,11.177],[79.514,11.179],[79.523,11.182],[79.529,11.185],[79.538,11.191],[79.544,11.195],[79.549,11.199],[79.555,11.203],[79.56,11.207],[79.565,11.209],[79.57,11.209],[79.578,11.213],[79.586,11.215],[79.594,11.217],[79.601,11.22],[79.605,11.225],[79.609,11.229],[79.61,11.235],[79.611,11.244],[79.612,11.25],[79.616,11.256],[79.623,11.255],[79.634,11.246],[79.646,11.249],[79.649,11.261],[79.645,11.271],[79.643,11.281],[79.644,11.289],[79.648,11.297],[79.659,11.304],[79.665,11.306],[79.676,11.308],[79.69,11.316],[79.706,11.33],[79.715,11.339],[79.732,11.349],[79.747,11.351],[79.758,11.352],[79.759,11.363],[79.761,11.379],[79.767,11.382],[79.778,11.377],[79.795,11.375],[79.804,11.383],[79.807,11.401],[79.813,11.423]],[[79.699,11.874],[79.699,11.868],[79.696,11.86],[79.699,11.874],[79.699,11.874]],[[79.697,11.823],[79.703,11.816],[79.703,11.814],[79.693,11.814],[79.697,11.823]]],[[[79.782,11.902],[79.778,11.905],[79.769,11.901],[79.771,11.889],[79.772,11.884],[79.773,11.875],[79.778,11.878],[79.78,11.877],[79.779,11.869],[79.778,11.867],[79.778,11.863],[79.781,11.863],[79.785,11.863],[79.787,11.873],[79.789,11.876],[79.792,11.877],[79.793,11.882],[79.795,11.888],[79.797,11.896],[79.792,11.898],[79.783,11.901],[79.782,11.902]],[[79.79,11.895],[79.79,11.895],[79.789,11.895],[79.789,11.895],[79.789,11.896],[79.791,11.895],[79.791,11.895],[79.791,11.895],[79.79,11.895]],[[79.791,11.884],[79.792,11.885],[79.793,11.885],[79.793,11.883],[79.791,11.884]]]]}},{"type":"Feature","properties":{"district":"Dharmapuri"},"geometry":{"type":"Polygon","coordinates":[[[78.633,12.177],[78.629,12.179],[78.624,12.182],[78.621,12.184],[78.616,12.183],[78.611,12.182],[78.607,12.179],[78.604,12.176],[78.6,12.173],[78.598,12.169],[78.594,12.167],[78.589,12.165],[78.584,12.164],[78.582,12.163],[78.58,12.168],[78.579,12.173],[78.578,12.177],[78.577,12.182],[78.576,12.186],[78.576,12.191],[78.573,12.194],[78.569,12.192],[78.565,12.191],[78.561,12.188],[78.558,12.184],[78.556,12.181],[78.55,12.18],[78.545,12.179],[78.542,12.179],[78.537,12.18],[78.529,12.18],[78.522,12.179],[78.517,12.178],[78.518,12.174],[78.516,12.17],[78.516,12.166],[78.514,12.162],[78.511,12.159],[78.508,12.155],[78.508,12.15],[78.508,12.146],[78.506,12.143],[78.502,12.144],[78.499,12.142],[78.496,12.14],[78.491,12.141],[78.487,12.142],[78.483,12.143],[78.479,12.145],[78.475,12.147],[78.47,12.149],[78.465,12.147],[78.466,12.149],[78.467,12.153],[78.469,12.157],[78.47,12.162],[78.468,12.167],[78.47,12.171],[78.472,12.173],[78.47,12.174],[78.468,12.177],[78.465,12.178],[78.462,12.179],[78.457,12.181],[78.452,12.183],[78.448,12.185],[78.447,12.189],[78.445,12.191],[78.44,12.191],[78.436,12.191],[78.432,12.19],[78.428,12.19],[78.422,12.19],[78.418,12.192],[78.415,12.194],[78.412,12.196],[78.407,12.196],[78.405,12.192],[78.401,12.189],[78.397,12.189],[78.394,12.187],[78.39,12.186],[78.387,12.19],[78.385,12.193],[78.38,12.196],[78.377,12.195],[78.375,12.197],[78.377,12.202],[78.38,12.206],[78.384,12.206],[78.389,12.205],[78.392,12.205],[78.395,12.209],[78.399,12.213],[78.402,12.214],[78.401,12.218],[78.404,12.222],[78.401,12.225],[78.396,12.226],[78.391,12.227],[78.386,12.228],[78.382,12.227],[78.379,12.226],[78.377,12.222],[78.375,12.224],[78.371,12.226],[78.368,12.225],[78.364,12.225],[78.36,12.224],[78.355,12.226],[78.355,12.228],[78.359,12.232],[78.359,12.236],[78.356,12.239],[78.354,12.243],[78.353,12.247],[78.349,12.249],[78.344,12.253],[78.339,12.259],[78.332,12.264],[78.326,12.264],[78.323,12.259],[78.317,12.26],[78.309,12.265],[78.305,12.27],[78.3,12.274],[78.295,12.271],[78.287,12.268],[78.282,12.268],[78.278,12.262],[78.275,12.261],[78.269,12.263],[78.264,12.27],[78.262,12.276],[78.261,12.281],[78.262,12.286],[78.26,12.29],[78.258,12.294],[78.251,12.298],[78.243,12.3],[78.237,12.301],[78.235,12.305],[78.235,12.311],[78.229,12.314],[78.23,12.318],[78.237,12.321],[78.239,12.323],[78.243,12.326],[78.245,12.327],[78.246,12.33],[78.246,12.331],[78.247,12.333],[78.244,12.334],[78.24,12.334],[78.239,12.336],[78.239,12.338],[78.236,12.341],[78.236,12.344],[78.236,12.347],[78.231,12.348],[78.228,12.349],[78.225,12.345],[78.223,12.343],[78.219,12.341],[78.217,12.336],[78.213,12.332],[78.206,12.33],[78.204,12.329],[78.204,12.332],[78.202,12.333],[78.201,12.336],[78.199,12.335],[78.196,12.332],[78.191,12.333],[78.188,12.336],[78.181,12.336],[78.178,12.334],[78.175,12.336],[78.172,12.338],[78.169,12.343],[78.166,12.346],[78.164,12.352],[78.165,12.354],[78.164,12.358],[78.167,12.363],[78.165,12.363],[78.162,12.364],[78.159,12.364],[78.155,12.365],[78.148,12.368],[78.143,12.371],[78.142,12.375],[78.139,12.377],[78.135,12.382],[78.133,12.387],[78.132,12.392],[78.129,12.4],[78.129,12.403],[78.132,12.406],[78.135,12.407],[78.135,12.41],[78.132,12.411],[78.133,12.413],[78.134,12.416],[78.137,12.417],[78.139,12.421],[78.139,12.424],[78.143,12.424],[78.142,12.429],[78.141,12.431],[78.139,12.433],[78.138,12.435],[78.135,12.436],[78.131,12.437],[78.13,12.439],[78.128,12.441],[78.126,12.443],[78.123,12.444],[78.121,12.445],[78.116,12.444],[78.114,12.446],[78.114,12.448],[78.116,12.45],[78.117,12.452],[78.118,12.454],[78.117,12.455],[78.113,12.456],[78.11,12.455],[78.107,12.455],[78.106,12.452],[78.102,12.45],[78.099,12.446],[78.096,12.446],[78.095,12.447],[78.09,12.447],[78.087,12.448],[78.081,12.449],[78.078,12.45],[78.077,12.454],[78.079,12.457],[78.079,12.462],[78.078,12.463],[78.076,12.464],[78.07,12.467],[78.066,12.467],[78.064,12.466],[78.061,12.465],[78.06,12.466],[78.058,12.469],[78.053,12.474],[78.049,12.475],[78.043,12.474],[78.041,12.471],[78.04,12.464],[78.036,12.461],[78.03,12.46],[78.025,12.462],[78.024,12.465],[78.022,12.467],[78.024,12.471],[78.02,12.473],[78.018,12.476],[78.017,12.481],[78.013,12.484],[78.012,12.487],[78.015,12.491],[78.012,12.494],[78.012,12.496],[78.012,12.498],[78.012,12.5],[78.013,12.5],[78.012,12.502],[78.005,12.503],[78.004,12.5],[78,12.5],[77.998,12.502],[77.996,12.5],[77.992,12.501],[77.993,12.505],[77.99,12.509],[77.987,12.509],[77.983,12.507],[77.982,12.5],[77.974,12.498],[77.97,12.496],[77.965,12.49],[77.964,12.485],[77.959,12.484],[77.953,12.486],[77.953,12.492],[77.95,12.498],[77.946,12.499],[77.953,12.502],[77.951,12.503],[77.95,12.506],[77.942,12.514],[77.928,12.507],[77.918,12.505],[77.911,12.509],[77.909,12.512],[77.902,12.502],[77.903,12.497],[77.906,12.489],[77.91,12.49],[77.922,12.491],[77.927,12.482],[77.931,12.475],[77.931,12.466],[77.926,12.45],[77.939,12.448],[77.945,12.449],[77.948,12.443],[77.953,12.439],[77.961,12.432],[77.964,12.426],[77.965,12.422],[77.968,12.417],[77.971,12.412],[77.97,12.408],[77.968,12.402],[77.97,12.399],[77.968,12.396],[77.965,12.391],[77.959,12.385],[77.955,12.38],[77.95,12.375],[77.95,12.37],[77.951,12.361],[77.948,12.34],[77.942,12.333],[77.933,12.329],[77.927,12.325],[77.921,12.326],[77.914,12.328],[77.909,12.327],[77.902,12.331],[77.895,12.333],[77.885,12.334],[77.879,12.336],[77.87,12.331],[77.867,12.328],[77.871,12.325],[77.871,12.321],[77.872,12.316],[77.873,12.31],[77.875,12.302],[77.874,12.294],[77.874,12.288],[77.871,12.284],[77.87,12.278],[77.868,12.27],[77.866,12.262],[77.86,12.255],[77.855,12.261],[77.847,12.263],[77.84,12.255],[77.836,12.249],[77.829,12.244],[77.824,12.24],[77.815,12.235],[77.811,12.229],[77.809,12.213],[77.805,12.187],[77.803,12.176],[77.795,12.169],[77.795,12.151],[77.775,12.166],[77.756,12.165],[77.749,12.158],[77.748,12.152],[77.747,12.144],[77.75,12.138],[77.756,12.131],[77.768,12.125],[77.777,12.114],[77.774,12.109],[77.767,12.106],[77.761,12.092],[77.756,12.08],[77.749,12.075],[77.744,12.071],[77.738,12.067],[77.733,12.065],[77.728,12.062],[77.721,12.052],[77.716,12.045],[77.709,12.036],[77.704,12.027],[77.699,12.019],[77.695,12.012],[77.691,12.003],[77.684,11.988],[77.676,11.969],[77.674,11.956],[77.676,11.952],[77.68,11.95],[77.691,11.942],[77.702,11.944],[77.71,11.941],[77.739,11.94],[77.739,11.935],[77.742,11.93],[77.745,11.928],[77.747,11.928],[77.751,11.927],[77.751,11.924],[77.759,11.918],[77.761,11.912],[77.763,11.91],[77.774,11.912],[77.8,11.908],[77.811,11.908],[77.832,11.902],[77.839,11.898],[77.847,11.896],[77.851,11.899],[77.85,11.904],[77.857,11.908],[77.861,11.913],[77.865,11.915],[77.869,11.915],[77.872,11.912],[77.878,11.911],[77.884,11.912],[77.889,11.908],[77.893,11.908],[77.895,11.908],[77.898,11.903],[77.903,11.902],[77.911,11.901],[77.917,11.898],[77.921,11.901],[77.923,11.9],[77.925,11.9],[77.927,11.9],[77.929,11.9],[77.931,11.9],[77.934,11.901],[77.935,11.9],[77.936,11.9],[77.94,11.897],[77.944,11.898],[77.947,11.895],[77.949,11.895],[77.952,11.899],[77.957,11.901],[77.961,11.901],[77.963,11.9],[77.969,11.896],[77.977,11.897],[77.979,11.901],[77.982,11.903],[77.986,11.905],[77.989,11.907],[77.994,11.908],[77.996,11.91],[77.998,11.91],[77.998,11.912],[78,11.912],[78,11.914],[78.001,11.914],[78.004,11.915],[78.006,11.914],[78.007,11.915],[78.007,11.917],[78.008,11.918],[78.009,11.92],[78.01,11.921],[78.012,11.921],[78.014,11.921],[78.015,11.92],[78.019,11.92],[78.02,11.921],[78.021,11.92],[78.024,11.919],[78.026,11.92],[78.027,11.92],[78.028,11.922],[78.028,11.924],[78.03,11.925],[78.03,11.929],[78.031,11.93],[78.033,11.931],[78.034,11.932],[78.034,11.934],[78.034,11.934],[78.035,11.935],[78.036,11.934],[78.038,11.934],[78.039,11.936],[78.039,11.936],[78.04,11.936],[78.042,11.935],[78.043,11.937],[78.046,11.937],[78.049,11.937],[78.051,11.937],[78.052,11.938],[78.053,11.938],[78.054,11.938],[78.056,11.938],[78.058,11.938],[78.06,11.938],[78.062,11.938],[78.065,11.938],[78.066,11.938],[78.067,11.939],[78.067,11.939],[78.069,11.938],[78.07,11.938],[78.072,11.938],[78.073,11.938],[78.074,11.938],[78.074,11.938],[78.077,11.941],[78.078,11.94],[78.079,11.94],[78.08,11.941],[78.08,11.942],[78.08,11.943],[78.081,11.945],[78.082,11.945],[78.083,11.944],[78.084,11.945],[78.085,11.946],[78.087,11.946],[78.088,11.947],[78.089,11.947],[78.09,11.948],[78.091,11.948],[78.091,11.949],[78.091,11.95],[78.091,11.95],[78.092,11.95],[78.093,11.95],[78.093,11.949],[78.094,11.949],[78.095,11.949],[78.096,11.95],[78.096,11.952],[78.096,11.953],[78.096,11.953],[78.096,11.953],[78.097,11.953],[78.099,11.954],[78.1,11.955],[78.101,11.956],[78.101,11.956],[78.103,11.955],[78.105,11.956],[78.107,11.956],[78.11,11.957],[78.112,11.957],[78.114,11.959],[78.117,11.96],[78.119,11.96],[78.123,11.96],[78.13,11.964],[78.135,11.963],[78.136,11.964],[78.137,11.964],[78.137,11.966],[78.137,11.966],[78.139,11.966],[78.14,11.967],[78.142,11.967],[78.143,11.968],[78.145,11.968],[78.147,11.967],[78.148,11.967],[78.15,11.968],[78.152,11.967],[78.153,11.968],[78.155,11.967],[78.156,11.967],[78.157,11.967],[78.158,11.968],[78.16,11.967],[78.162,11.967],[78.166,11.968],[78.169,11.968],[78.169,11.969],[78.17,11.969],[78.172,11.969],[78.174,11.969],[78.174,11.971],[78.175,11.972],[78.177,11.972],[78.18,11.973],[78.181,11.972],[78.183,11.97],[78.185,11.971],[78.186,11.971],[78.188,11.972],[78.19,11.973],[78.19,11.974],[78.191,11.974],[78.193,11.973],[78.195,11.974],[78.196,11.974],[78.197,11.974],[78.198,11.974],[78.2,11.974],[78.2,11.974],[78.201,11.975],[78.202,11.974],[78.203,11.975],[78.204,11.975],[78.205,11.975],[78.207,11.976],[78.209,11.975],[78.211,11.974],[78.213,11.975],[78.214,11.975],[78.215,11.976],[78.215,11.977],[78.217,11.977],[78.218,11.977],[78.218,11.976],[78.221,11.976],[78.222,11.976],[78.223,11.977],[78.224,11.978],[78.226,11.978],[78.227,11.979],[78.229,11.979],[78.231,11.979],[78.232,11.979],[78.234,11.979],[78.235,11.978],[78.237,11.974],[78.239,11.972],[78.245,11.968],[78.245,11.967],[78.245,11.966],[78.245,11.966],[78.245,11.964],[78.245,11.964],[78.246,11.963],[78.247,11.963],[78.247,11.961],[78.247,11.96],[78.248,11.96],[78.248,11.96],[78.248,11.959],[78.248,11.958],[78.248,11.957],[78.249,11.956],[78.251,11.954],[78.252,11.953],[78.253,11.951],[78.253,11.951],[78.253,11.949],[78.253,11.948],[78.252,11.947],[78.251,11.946],[78.252,11.945],[78.251,11.944],[78.25,11.942],[78.25,11.941],[78.25,11.939],[78.249,11.937],[78.243,11.93],[78.241,11.927],[78.234,11.919],[78.239,11.921],[78.243,11.927],[78.253,11.934],[78.257,11.936],[78.262,11.941],[78.267,11.94],[78.273,11.938],[78.27,11.934],[78.264,11.929],[78.26,11.922],[78.259,11.915],[78.264,11.916],[78.269,11.924],[78.273,11.929],[78.278,11.933],[78.286,11.93],[78.291,11.932],[78.288,11.925],[78.28,11.918],[78.275,11.907],[78.27,11.899],[78.277,11.9],[78.286,11.904],[78.291,11.911],[78.296,11.916],[78.301,11.922],[78.308,11.923],[78.314,11.93],[78.32,11.931],[78.324,11.93],[78.33,11.926],[78.328,11.915],[78.324,11.903],[78.32,11.893],[78.308,11.883],[78.319,11.891],[78.33,11.896],[78.339,11.898],[78.344,11.902],[78.35,11.908],[78.359,11.912],[78.359,11.904],[78.355,11.892],[78.366,11.892],[78.368,11.881],[78.364,11.874],[78.359,11.866],[78.353,11.859],[78.351,11.852],[78.35,11.846],[78.347,11.84],[78.35,11.836],[78.348,11.83],[78.344,11.821],[78.337,11.811],[78.329,11.798],[78.32,11.79],[78.315,11.781],[78.33,11.777],[78.345,11.793],[78.364,11.809],[78.373,11.818],[78.383,11.829],[78.386,11.839],[78.393,11.852],[78.394,11.857],[78.401,11.864],[78.414,11.88],[78.431,11.875],[78.434,11.858],[78.442,11.838],[78.46,11.827],[78.472,11.822],[78.476,11.82],[78.478,11.818],[78.495,11.816],[78.505,11.814],[78.51,11.813],[78.512,11.811],[78.517,11.812],[78.522,11.815],[78.525,11.814],[78.528,11.812],[78.533,11.809],[78.537,11.808],[78.541,11.807],[78.547,11.807],[78.552,11.809],[78.556,11.81],[78.563,11.814],[78.572,11.819],[78.576,11.819],[78.586,11.82],[78.593,11.822],[78.596,11.824],[78.601,11.83],[78.603,11.834],[78.602,11.837],[78.608,11.849],[78.618,11.86],[78.625,11.867],[78.627,11.872],[78.632,11.873],[78.635,11.876],[78.636,11.88],[78.635,11.887],[78.639,11.887],[78.647,11.885],[78.653,11.885],[78.655,11.886],[78.656,11.892],[78.662,11.895],[78.67,11.897],[78.677,11.901],[78.69,11.904],[78.691,11.899],[78.698,11.895],[78.705,11.897],[78.708,11.901],[78.71,11.903],[78.711,11.908],[78.715,11.91],[78.722,11.917],[78.724,11.92],[78.719,11.928],[78.713,11.932],[78.706,11.937],[78.704,11.942],[78.708,11.946],[78.711,11.951],[78.712,11.955],[78.711,11.964],[78.711,11.967],[78.713,11.973],[78.716,11.981],[78.709,11.986],[78.703,11.986],[78.698,11.992],[78.699,11.995],[78.702,11.999],[78.702,12.001],[78.701,12.003],[78.7,12.005],[78.701,12.008],[78.701,12.01],[78.702,12.013],[78.703,12.014],[78.703,12.015],[78.704,12.018],[78.704,12.021],[78.704,12.024],[78.704,12.026],[78.704,12.029],[78.704,12.031],[78.705,12.033],[78.707,12.036],[78.707,12.038],[78.708,12.04],[78.708,12.042],[78.709,12.045],[78.709,12.047],[78.711,12.05],[78.712,12.052],[78.713,12.054],[78.716,12.057],[78.717,12.062],[78.72,12.066],[78.72,12.069],[78.721,12.072],[78.721,12.076],[78.722,12.078],[78.723,12.081],[78.724,12.085],[78.724,12.087],[78.723,12.087],[78.723,12.088],[78.724,12.09],[78.725,12.092],[78.725,12.092],[78.727,12.093],[78.727,12.094],[78.726,12.095],[78.726,12.097],[78.727,12.099],[78.729,12.102],[78.731,12.105],[78.733,12.107],[78.735,12.11],[78.736,12.111],[78.734,12.113],[78.734,12.113],[78.736,12.115],[78.738,12.117],[78.74,12.118],[78.743,12.121],[78.744,12.122],[78.745,12.124],[78.744,12.125],[78.742,12.128],[78.74,12.131],[78.738,12.134],[78.735,12.133],[78.733,12.131],[78.73,12.129],[78.727,12.127],[78.724,12.127],[78.719,12.125],[78.715,12.124],[78.711,12.122],[78.707,12.121],[78.705,12.121],[78.702,12.118],[78.698,12.116],[78.696,12.115],[78.694,12.115],[78.692,12.115],[78.691,12.115],[78.69,12.112],[78.688,12.11],[78.685,12.107],[78.681,12.106],[78.677,12.106],[78.673,12.105],[78.668,12.103],[78.666,12.103],[78.663,12.103],[78.662,12.102],[78.662,12.103],[78.663,12.105],[78.664,12.108],[78.665,12.113],[78.664,12.116],[78.662,12.117],[78.659,12.119],[78.659,12.12],[78.659,12.121],[78.659,12.121],[78.658,12.124],[78.656,12.126],[78.654,12.128],[78.652,12.128],[78.65,12.129],[78.648,12.129],[78.646,12.129],[78.643,12.128],[78.64,12.128],[78.637,12.127],[78.635,12.127],[78.631,12.128],[78.631,12.129],[78.63,12.131],[78.631,12.132],[78.631,12.133],[78.631,12.135],[78.632,12.138],[78.634,12.141],[78.634,12.144],[78.635,12.146],[78.636,12.147],[78.639,12.147],[78.641,12.148],[78.642,12.15],[78.643,12.153],[78.644,12.154],[78.645,12.155],[78.646,12.158],[78.648,12.162],[78.647,12.164],[78.647,12.164],[78.644,12.166],[78.641,12.168],[78.639,12.17],[78.639,12.17],[78.638,12.172],[78.637,12.173],[78.636,12.174],[78.635,12.175],[78.634,12.176],[78.633,12.177]]]}},{"type":"Feature","properties":{"district":"Dindigul"},"geometry":{"type":"Polygon","coordinates":[[[78.2,10.547],[78.195,10.55],[78.19,10.555],[78.19,10.558],[78.18,10.56],[78.161,10.562],[78.152,10.564],[78.144,10.562],[78.133,10.575],[78.135,10.583],[78.136,10.596],[78.145,10.606],[78.165,10.614],[78.161,10.625],[78.16,10.64],[78.162,10.647],[78.155,10.65],[78.146,10.654],[78.147,10.663],[78.146,10.67],[78.145,10.677],[78.147,10.683],[78.147,10.693],[78.151,10.702],[78.152,10.704],[78.154,10.714],[78.155,10.728],[78.152,10.735],[78.152,10.742],[78.153,10.746],[78.157,10.753],[78.158,10.755],[78.161,10.76],[78.163,10.765],[78.165,10.768],[78.166,10.771],[78.168,10.774],[78.169,10.777],[78.169,10.784],[78.169,10.788],[78.169,10.793],[78.169,10.795],[78.17,10.799],[78.172,10.801],[78.175,10.804],[78.177,10.807],[78.179,10.809],[78.182,10.813],[78.184,10.817],[78.186,10.819],[78.183,10.82],[78.181,10.821],[78.184,10.821],[78.184,10.823],[78.185,10.825],[78.185,10.826],[78.186,10.826],[78.186,10.827],[78.186,10.829],[78.187,10.83],[78.187,10.833],[78.184,10.833],[78.182,10.833],[78.182,10.831],[78.182,10.829],[78.182,10.826],[78.183,10.824],[78.18,10.823],[78.178,10.823],[78.177,10.824],[78.176,10.826],[78.175,10.83],[78.176,10.833],[78.175,10.835],[78.173,10.835],[78.173,10.832],[78.17,10.832],[78.17,10.834],[78.167,10.834],[78.166,10.834],[78.164,10.834],[78.16,10.833],[78.158,10.831],[78.158,10.828],[78.155,10.828],[78.153,10.826],[78.152,10.823],[78.151,10.82],[78.15,10.816],[78.15,10.811],[78.15,10.809],[78.149,10.807],[78.15,10.806],[78.149,10.806],[78.149,10.804],[78.146,10.804],[78.143,10.804],[78.141,10.803],[78.138,10.804],[78.137,10.804],[78.135,10.804],[78.133,10.803],[78.131,10.803],[78.13,10.804],[78.128,10.804],[78.124,10.804],[78.121,10.804],[78.111,10.805],[78.107,10.805],[78.103,10.802],[78.101,10.797],[78.099,10.796],[78.096,10.789],[78.097,10.78],[78.099,10.773],[78.094,10.767],[78.092,10.768],[78.087,10.77],[78.081,10.772],[78.08,10.775],[78.07,10.776],[78.069,10.771],[78.064,10.769],[78.057,10.764],[78.057,10.769],[78.055,10.774],[78.051,10.773],[78.048,10.775],[78.047,10.778],[78.041,10.777],[78.036,10.775],[78.034,10.775],[78.034,10.78],[78.027,10.78],[78.023,10.777],[78.023,10.774],[78.024,10.772],[78.022,10.774],[78.01,10.775],[78.003,10.774],[77.998,10.774],[77.998,10.773],[77.997,10.771],[77.997,10.769],[77.996,10.767],[77.996,10.764],[77.994,10.762],[77.989,10.761],[77.984,10.76],[77.982,10.76],[77.977,10.761],[77.972,10.763],[77.968,10.763],[77.964,10.764],[77.959,10.764],[77.955,10.766],[77.954,10.765],[77.95,10.767],[77.946,10.768],[77.942,10.768],[77.939,10.768],[77.939,10.766],[77.937,10.762],[77.936,10.759],[77.934,10.756],[77.933,10.754],[77.932,10.751],[77.931,10.746],[77.931,10.743],[77.931,10.74],[77.931,10.739],[77.934,10.737],[77.938,10.738],[77.94,10.738],[77.942,10.74],[77.947,10.741],[77.949,10.742],[77.952,10.743],[77.955,10.743],[77.957,10.744],[77.961,10.743],[77.965,10.744],[77.969,10.744],[77.972,10.743],[77.975,10.743],[77.977,10.743],[77.981,10.744],[77.985,10.743],[77.989,10.743],[77.995,10.743],[77.998,10.743],[77.997,10.739],[77.996,10.737],[77.998,10.735],[77.999,10.73],[78.007,10.73],[78.011,10.726],[78.015,10.72],[78.011,10.714],[78.009,10.706],[78.009,10.698],[78.008,10.694],[78.007,10.685],[78.006,10.676],[78.001,10.676],[77.998,10.674],[77.995,10.673],[77.994,10.672],[77.993,10.671],[77.987,10.673],[77.981,10.674],[77.977,10.675],[77.975,10.675],[77.971,10.674],[77.97,10.673],[77.971,10.67],[77.971,10.665],[77.972,10.662],[77.972,10.658],[77.973,10.655],[77.975,10.652],[77.978,10.648],[77.979,10.645],[77.979,10.642],[77.978,10.64],[77.975,10.641],[77.972,10.64],[77.964,10.64],[77.96,10.64],[77.953,10.64],[77.95,10.644],[77.946,10.643],[77.944,10.644],[77.944,10.644],[77.94,10.643],[77.935,10.644],[77.932,10.647],[77.924,10.647],[77.916,10.648],[77.912,10.651],[77.909,10.657],[77.909,10.657],[77.906,10.654],[77.903,10.652],[77.903,10.649],[77.9,10.65],[77.899,10.65],[77.899,10.649],[77.898,10.649],[77.897,10.649],[77.897,10.647],[77.896,10.646],[77.896,10.646],[77.894,10.646],[77.889,10.648],[77.886,10.65],[77.885,10.65],[77.885,10.649],[77.882,10.649],[77.882,10.648],[77.88,10.647],[77.879,10.646],[77.877,10.645],[77.876,10.645],[77.876,10.643],[77.874,10.639],[77.874,10.637],[77.873,10.635],[77.873,10.635],[77.872,10.633],[77.872,10.631],[77.868,10.632],[77.865,10.634],[77.865,10.635],[77.862,10.635],[77.858,10.636],[77.854,10.636],[77.852,10.637],[77.85,10.636],[77.847,10.636],[77.847,10.638],[77.847,10.639],[77.846,10.639],[77.844,10.637],[77.842,10.637],[77.84,10.637],[77.837,10.635],[77.836,10.635],[77.836,10.635],[77.831,10.633],[77.825,10.637],[77.824,10.639],[77.821,10.642],[77.819,10.644],[77.819,10.645],[77.816,10.646],[77.813,10.649],[77.814,10.65],[77.814,10.652],[77.814,10.657],[77.814,10.66],[77.814,10.661],[77.814,10.663],[77.814,10.665],[77.815,10.667],[77.816,10.669],[77.816,10.67],[77.816,10.672],[77.816,10.672],[77.816,10.673],[77.817,10.675],[77.817,10.676],[77.818,10.679],[77.817,10.679],[77.815,10.678],[77.814,10.677],[77.813,10.679],[77.81,10.68],[77.81,10.681],[77.808,10.681],[77.804,10.681],[77.799,10.683],[77.794,10.685],[77.792,10.685],[77.789,10.685],[77.783,10.684],[77.782,10.684],[77.777,10.682],[77.773,10.68],[77.77,10.681],[77.767,10.679],[77.768,10.677],[77.764,10.674],[77.762,10.672],[77.76,10.672],[77.755,10.671],[77.754,10.66],[77.754,10.657],[77.754,10.653],[77.754,10.65],[77.751,10.647],[77.749,10.645],[77.749,10.644],[77.746,10.64],[77.743,10.637],[77.741,10.635],[77.738,10.636],[77.735,10.635],[77.731,10.633],[77.73,10.63],[77.726,10.63],[77.721,10.631],[77.72,10.634],[77.722,10.639],[77.722,10.641],[77.718,10.642],[77.713,10.643],[77.711,10.648],[77.709,10.651],[77.707,10.654],[77.703,10.658],[77.701,10.661],[77.699,10.664],[77.701,10.667],[77.702,10.67],[77.702,10.673],[77.703,10.676],[77.704,10.677],[77.707,10.68],[77.707,10.684],[77.709,10.686],[77.707,10.687],[77.708,10.69],[77.707,10.693],[77.707,10.698],[77.707,10.705],[77.707,10.709],[77.706,10.713],[77.706,10.719],[77.705,10.723],[77.704,10.727],[77.702,10.731],[77.701,10.734],[77.696,10.735],[77.694,10.735],[77.69,10.735],[77.69,10.732],[77.684,10.729],[77.682,10.728],[77.678,10.727],[77.674,10.725],[77.674,10.721],[77.669,10.718],[77.666,10.716],[77.664,10.713],[77.663,10.71],[77.663,10.707],[77.661,10.701],[77.661,10.697],[77.66,10.695],[77.659,10.692],[77.658,10.687],[77.658,10.685],[77.658,10.682],[77.657,10.677],[77.655,10.673],[77.647,10.671],[77.642,10.67],[77.637,10.669],[77.632,10.67],[77.624,10.672],[77.617,10.674],[77.615,10.674],[77.611,10.674],[77.608,10.675],[77.605,10.676],[77.602,10.676],[77.599,10.676],[77.596,10.676],[77.592,10.679],[77.587,10.683],[77.58,10.679],[77.579,10.675],[77.576,10.669],[77.573,10.666],[77.572,10.659],[77.57,10.657],[77.568,10.656],[77.565,10.652],[77.562,10.649],[77.56,10.646],[77.556,10.644],[77.554,10.643],[77.551,10.641],[77.55,10.64],[77.549,10.637],[77.549,10.635],[77.549,10.633],[77.548,10.631],[77.549,10.629],[77.545,10.626],[77.545,10.624],[77.545,10.621],[77.545,10.617],[77.544,10.614],[77.537,10.609],[77.532,10.607],[77.525,10.608],[77.509,10.607],[77.513,10.614],[77.516,10.612],[77.515,10.617],[77.51,10.623],[77.507,10.627],[77.506,10.63],[77.504,10.633],[77.504,10.638],[77.503,10.642],[77.499,10.644],[77.493,10.645],[77.484,10.648],[77.479,10.648],[77.475,10.645],[77.472,10.643],[77.466,10.645],[77.458,10.642],[77.457,10.639],[77.452,10.638],[77.442,10.629],[77.429,10.629],[77.417,10.625],[77.413,10.618],[77.411,10.618],[77.407,10.616],[77.404,10.613],[77.401,10.612],[77.397,10.606],[77.394,10.605],[77.397,10.602],[77.396,10.6],[77.395,10.597],[77.389,10.597],[77.387,10.591],[77.385,10.591],[77.385,10.582],[77.381,10.575],[77.379,10.564],[77.371,10.555],[77.369,10.552],[77.37,10.537],[77.373,10.531],[77.375,10.53],[77.378,10.528],[77.392,10.524],[77.404,10.524],[77.405,10.513],[77.403,10.504],[77.402,10.5],[77.402,10.499],[77.401,10.499],[77.398,10.499],[77.395,10.5],[77.395,10.5],[77.395,10.498],[77.394,10.497],[77.393,10.495],[77.392,10.495],[77.391,10.495],[77.39,10.496],[77.39,10.496],[77.386,10.496],[77.385,10.496],[77.382,10.494],[77.38,10.494],[77.379,10.494],[77.379,10.494],[77.378,10.493],[77.377,10.49],[77.377,10.486],[77.377,10.486],[77.378,10.486],[77.379,10.485],[77.38,10.485],[77.38,10.483],[77.381,10.481],[77.382,10.479],[77.382,10.477],[77.382,10.476],[77.382,10.475],[77.382,10.475],[77.383,10.473],[77.384,10.472],[77.385,10.471],[77.385,10.471],[77.384,10.47],[77.384,10.467],[77.385,10.464],[77.385,10.463],[77.384,10.463],[77.384,10.461],[77.385,10.459],[77.385,10.457],[77.385,10.455],[77.385,10.453],[77.385,10.45],[77.384,10.449],[77.38,10.45],[77.375,10.45],[77.371,10.449],[77.369,10.447],[77.368,10.447],[77.366,10.448],[77.361,10.446],[77.346,10.448],[77.344,10.452],[77.343,10.454],[77.332,10.454],[77.329,10.453],[77.327,10.452],[77.323,10.449],[77.323,10.446],[77.324,10.446],[77.324,10.441],[77.326,10.438],[77.327,10.437],[77.32,10.434],[77.32,10.432],[77.321,10.43],[77.322,10.428],[77.323,10.427],[77.323,10.425],[77.322,10.424],[77.322,10.423],[77.321,10.421],[77.32,10.42],[77.32,10.419],[77.319,10.418],[77.32,10.417],[77.32,10.415],[77.319,10.414],[77.319,10.413],[77.319,10.412],[77.319,10.41],[77.32,10.409],[77.32,10.408],[77.32,10.407],[77.319,10.406],[77.318,10.404],[77.317,10.4],[77.317,10.394],[77.317,10.392],[77.316,10.388],[77.316,10.387],[77.316,10.384],[77.315,10.377],[77.315,10.373],[77.316,10.362],[77.317,10.356],[77.32,10.355],[77.325,10.354],[77.332,10.355],[77.335,10.347],[77.332,10.334],[77.334,10.33],[77.33,10.327],[77.328,10.325],[77.327,10.322],[77.327,10.319],[77.33,10.316],[77.331,10.314],[77.33,10.31],[77.331,10.308],[77.334,10.307],[77.335,10.306],[77.338,10.304],[77.341,10.301],[77.341,10.298],[77.342,10.295],[77.345,10.293],[77.347,10.29],[77.348,10.287],[77.348,10.285],[77.348,10.282],[77.348,10.281],[77.35,10.279],[77.351,10.278],[77.351,10.277],[77.351,10.275],[77.351,10.273],[77.351,10.272],[77.35,10.27],[77.349,10.267],[77.348,10.264],[77.347,10.264],[77.345,10.264],[77.343,10.264],[77.34,10.264],[77.337,10.265],[77.335,10.267],[77.331,10.269],[77.329,10.271],[77.326,10.27],[77.325,10.269],[77.325,10.266],[77.324,10.263],[77.322,10.262],[77.319,10.257],[77.318,10.255],[77.315,10.251],[77.31,10.246],[77.303,10.246],[77.301,10.249],[77.299,10.253],[77.295,10.25],[77.294,10.246],[77.293,10.243],[77.292,10.24],[77.289,10.233],[77.29,10.228],[77.292,10.224],[77.295,10.218],[77.288,10.212],[77.283,10.208],[77.286,10.204],[77.285,10.201],[77.283,10.197],[77.279,10.195],[77.278,10.191],[77.277,10.188],[77.275,10.184],[77.275,10.178],[77.275,10.173],[77.274,10.168],[77.273,10.164],[77.273,10.161],[77.274,10.158],[77.274,10.155],[77.273,10.151],[77.273,10.147],[77.272,10.143],[77.273,10.14],[77.275,10.138],[77.274,10.136],[77.274,10.133],[77.274,10.131],[77.271,10.127],[77.268,10.126],[77.267,10.124],[77.268,10.119],[77.278,10.118],[77.283,10.12],[77.283,10.124],[77.287,10.127],[77.288,10.126],[77.291,10.127],[77.292,10.131],[77.296,10.132],[77.3,10.135],[77.304,10.135],[77.308,10.136],[77.31,10.136],[77.312,10.136],[77.317,10.133],[77.32,10.131],[77.324,10.128],[77.325,10.131],[77.326,10.135],[77.326,10.137],[77.329,10.142],[77.332,10.141],[77.338,10.138],[77.342,10.136],[77.346,10.139],[77.349,10.142],[77.351,10.143],[77.352,10.145],[77.354,10.148],[77.355,10.149],[77.356,10.149],[77.358,10.15],[77.359,10.151],[77.361,10.151],[77.364,10.149],[77.367,10.146],[77.369,10.143],[77.37,10.142],[77.371,10.141],[77.372,10.139],[77.375,10.143],[77.378,10.144],[77.384,10.146],[77.386,10.148],[77.388,10.151],[77.39,10.153],[77.393,10.156],[77.394,10.16],[77.396,10.162],[77.401,10.16],[77.408,10.159],[77.409,10.155],[77.41,10.152],[77.41,10.148],[77.411,10.146],[77.413,10.144],[77.416,10.144],[77.418,10.142],[77.421,10.14],[77.424,10.138],[77.428,10.136],[77.43,10.136],[77.433,10.136],[77.434,10.135],[77.437,10.134],[77.438,10.133],[77.439,10.133],[77.44,10.133],[77.444,10.134],[77.449,10.136],[77.453,10.136],[77.455,10.134],[77.457,10.132],[77.459,10.132],[77.462,10.13],[77.466,10.129],[77.465,10.13],[77.467,10.133],[77.468,10.136],[77.468,10.139],[77.469,10.14],[77.468,10.142],[77.47,10.143],[77.472,10.143],[77.473,10.144],[77.473,10.146],[77.475,10.146],[77.477,10.148],[77.479,10.147],[77.482,10.148],[77.481,10.151],[77.483,10.154],[77.485,10.153],[77.486,10.151],[77.487,10.15],[77.488,10.148],[77.489,10.148],[77.492,10.152],[77.495,10.155],[77.497,10.157],[77.499,10.159],[77.5,10.161],[77.502,10.16],[77.503,10.16],[77.505,10.16],[77.507,10.161],[77.508,10.161],[77.51,10.161],[77.511,10.161],[77.512,10.161],[77.513,10.162],[77.514,10.163],[77.515,10.164],[77.516,10.165],[77.516,10.166],[77.517,10.166],[77.518,10.166],[77.519,10.167],[77.52,10.168],[77.521,10.169],[77.522,10.17],[77.523,10.171],[77.524,10.172],[77.525,10.172],[77.525,10.175],[77.523,10.175],[77.523,10.176],[77.525,10.176],[77.526,10.177],[77.527,10.177],[77.528,10.179],[77.529,10.178],[77.531,10.178],[77.532,10.179],[77.533,10.179],[77.534,10.179],[77.536,10.179],[77.537,10.18],[77.537,10.181],[77.537,10.182],[77.538,10.183],[77.538,10.184],[77.538,10.186],[77.538,10.187],[77.539,10.188],[77.539,10.187],[77.54,10.186],[77.541,10.184],[77.543,10.184],[77.543,10.183],[77.544,10.182],[77.545,10.182],[77.546,10.183],[77.547,10.185],[77.547,10.186],[77.546,10.187],[77.545,10.187],[77.544,10.188],[77.543,10.189],[77.545,10.189],[77.545,10.191],[77.544,10.192],[77.545,10.193],[77.547,10.192],[77.548,10.192],[77.55,10.191],[77.551,10.191],[77.55,10.193],[77.549,10.194],[77.548,10.195],[77.548,10.196],[77.549,10.196],[77.55,10.196],[77.549,10.197],[77.548,10.198],[77.547,10.199],[77.547,10.2],[77.547,10.201],[77.548,10.201],[77.548,10.202],[77.548,10.203],[77.549,10.204],[77.549,10.204],[77.55,10.202],[77.55,10.201],[77.55,10.2],[77.551,10.2],[77.553,10.201],[77.554,10.201],[77.555,10.202],[77.556,10.202],[77.557,10.201],[77.558,10.2],[77.559,10.199],[77.56,10.199],[77.561,10.199],[77.563,10.199],[77.563,10.198],[77.564,10.197],[77.565,10.196],[77.566,10.196],[77.566,10.194],[77.567,10.194],[77.568,10.194],[77.568,10.192],[77.568,10.191],[77.567,10.191],[77.567,10.19],[77.568,10.189],[77.568,10.189],[77.567,10.188],[77.568,10.188],[77.568,10.186],[77.568,10.185],[77.567,10.183],[77.568,10.182],[77.569,10.182],[77.57,10.181],[77.571,10.182],[77.572,10.183],[77.573,10.184],[77.573,10.185],[77.574,10.186],[77.575,10.187],[77.577,10.189],[77.579,10.19],[77.581,10.19],[77.582,10.19],[77.583,10.19],[77.584,10.191],[77.584,10.192],[77.585,10.192],[77.586,10.192],[77.587,10.193],[77.588,10.194],[77.589,10.195],[77.589,10.197],[77.591,10.197],[77.591,10.195],[77.591,10.194],[77.591,10.192],[77.592,10.191],[77.593,10.191],[77.595,10.192],[77.596,10.193],[77.597,10.194],[77.6,10.196],[77.601,10.197],[77.602,10.198],[77.603,10.199],[77.603,10.2],[77.601,10.201],[77.6,10.202],[77.599,10.202],[77.598,10.202],[77.596,10.202],[77.596,10.203],[77.596,10.204],[77.596,10.206],[77.597,10.206],[77.599,10.206],[77.6,10.207],[77.601,10.208],[77.601,10.207],[77.601,10.207],[77.601,10.206],[77.602,10.206],[77.602,10.206],[77.604,10.206],[77.604,10.207],[77.605,10.208],[77.605,10.209],[77.608,10.211],[77.609,10.212],[77.609,10.213],[77.611,10.213],[77.613,10.213],[77.614,10.213],[77.615,10.213],[77.617,10.213],[77.619,10.214],[77.62,10.216],[77.621,10.218],[77.622,10.219],[77.624,10.217],[77.623,10.215],[77.624,10.213],[77.626,10.211],[77.63,10.21],[77.632,10.207],[77.636,10.207],[77.638,10.206],[77.642,10.203],[77.644,10.205],[77.645,10.203],[77.649,10.201],[77.649,10.2],[77.651,10.198],[77.653,10.199],[77.653,10.196],[77.653,10.195],[77.655,10.195],[77.658,10.194],[77.658,10.192],[77.66,10.192],[77.663,10.192],[77.663,10.19],[77.663,10.189],[77.666,10.189],[77.668,10.191],[77.67,10.193],[77.672,10.197],[77.674,10.196],[77.676,10.197],[77.678,10.197],[77.68,10.199],[77.682,10.201],[77.684,10.202],[77.687,10.201],[77.689,10.199],[77.692,10.197],[77.695,10.198],[77.697,10.201],[77.698,10.202],[77.697,10.206],[77.698,10.207],[77.7,10.207],[77.703,10.208],[77.703,10.211],[77.702,10.213],[77.704,10.214],[77.705,10.213],[77.706,10.213],[77.706,10.215],[77.707,10.216],[77.707,10.214],[77.708,10.213],[77.708,10.211],[77.708,10.21],[77.709,10.209],[77.71,10.207],[77.707,10.206],[77.707,10.205],[77.706,10.202],[77.705,10.201],[77.704,10.2],[77.705,10.197],[77.704,10.196],[77.701,10.195],[77.702,10.194],[77.702,10.192],[77.703,10.19],[77.705,10.189],[77.704,10.187],[77.705,10.185],[77.705,10.184],[77.706,10.184],[77.707,10.183],[77.708,10.181],[77.71,10.179],[77.711,10.178],[77.713,10.175],[77.713,10.172],[77.713,10.17],[77.716,10.17],[77.717,10.169],[77.72,10.168],[77.722,10.167],[77.724,10.165],[77.726,10.163],[77.728,10.161],[77.729,10.159],[77.728,10.156],[77.726,10.154],[77.725,10.154],[77.724,10.148],[77.724,10.143],[77.724,10.137],[77.727,10.135],[77.73,10.133],[77.729,10.131],[77.726,10.133],[77.721,10.133],[77.718,10.13],[77.714,10.128],[77.71,10.129],[77.707,10.129],[77.706,10.132],[77.704,10.134],[77.702,10.134],[77.698,10.135],[77.696,10.137],[77.695,10.141],[77.693,10.143],[77.691,10.146],[77.687,10.146],[77.686,10.145],[77.683,10.144],[77.68,10.144],[77.678,10.144],[77.675,10.141],[77.675,10.139],[77.675,10.134],[77.675,10.127],[77.674,10.127],[77.67,10.126],[77.672,10.121],[77.676,10.12],[77.678,10.117],[77.682,10.116],[77.686,10.114],[77.691,10.112],[77.696,10.11],[77.699,10.106],[77.703,10.103],[77.702,10.098],[77.7,10.096],[77.699,10.094],[77.7,10.091],[77.699,10.09],[77.698,10.088],[77.697,10.087],[77.7,10.086],[77.705,10.084],[77.708,10.082],[77.709,10.076],[77.709,10.07],[77.708,10.066],[77.708,10.064],[77.709,10.057],[77.71,10.054],[77.71,10.05],[77.711,10.048],[77.713,10.048],[77.712,10.045],[77.711,10.046],[77.708,10.041],[77.706,10.038],[77.707,10.037],[77.709,10.035],[77.71,10.033],[77.711,10.034],[77.712,10.033],[77.712,10.03],[77.712,10.029],[77.713,10.025],[77.712,10.022],[77.715,10.02],[77.718,10.018],[77.723,10.022],[77.725,10.026],[77.729,10.026],[77.735,10.031],[77.739,10.034],[77.744,10.037],[77.748,10.041],[77.754,10.048],[77.76,10.048],[77.77,10.055],[77.78,10.051],[77.785,10.053],[77.791,10.057],[77.8,10.063],[77.811,10.068],[77.826,10.068],[77.838,10.074],[77.853,10.075],[77.868,10.071],[77.877,10.063],[77.882,10.067],[77.883,10.07],[77.883,10.074],[77.89,10.078],[77.895,10.077],[77.899,10.074],[77.9,10.072],[77.903,10.072],[77.903,10.075],[77.906,10.075],[77.911,10.075],[77.913,10.073],[77.92,10.072],[77.921,10.077],[77.923,10.082],[77.926,10.091],[77.933,10.089],[77.934,10.086],[77.946,10.086],[77.943,10.09],[77.94,10.091],[77.938,10.092],[77.936,10.091],[77.934,10.09],[77.932,10.09],[77.93,10.099],[77.932,10.103],[77.934,10.107],[77.934,10.114],[77.941,10.119],[77.947,10.123],[77.951,10.126],[77.953,10.129],[77.956,10.131],[77.959,10.131],[77.961,10.135],[77.963,10.135],[77.967,10.133],[77.973,10.131],[77.976,10.133],[77.981,10.136],[77.986,10.141],[77.987,10.144],[77.99,10.148],[77.991,10.15],[77.993,10.152],[77.993,10.155],[77.995,10.156],[77.997,10.159],[77.999,10.161],[78.001,10.162],[78.009,10.162],[78.013,10.168],[78.018,10.177],[78.026,10.185],[78.048,10.185],[78.063,10.183],[78.072,10.188],[78.083,10.186],[78.093,10.184],[78.098,10.191],[78.103,10.192],[78.107,10.189],[78.114,10.189],[78.117,10.189],[78.123,10.187],[78.126,10.186],[78.131,10.188],[78.136,10.184],[78.142,10.183],[78.144,10.182],[78.149,10.176],[78.151,10.171],[78.151,10.169],[78.151,10.165],[78.155,10.161],[78.16,10.156],[78.161,10.151],[78.159,10.147],[78.159,10.144],[78.164,10.14],[78.165,10.134],[78.165,10.13],[78.165,10.125],[78.164,10.121],[78.161,10.115],[78.158,10.111],[78.157,10.107],[78.162,10.104],[78.167,10.103],[78.17,10.099],[78.175,10.098],[78.169,10.095],[78.17,10.092],[78.175,10.093],[78.182,10.09],[78.189,10.088],[78.195,10.083],[78.201,10.074],[78.205,10.068],[78.21,10.071],[78.213,10.075],[78.217,10.075],[78.226,10.077],[78.23,10.079],[78.237,10.078],[78.241,10.08],[78.246,10.084],[78.256,10.087],[78.26,10.086],[78.261,10.091],[78.264,10.092],[78.264,10.096],[78.261,10.101],[78.269,10.107],[78.274,10.115],[78.272,10.126],[78.273,10.131],[78.281,10.13],[78.281,10.14],[78.284,10.147],[78.282,10.155],[78.283,10.163],[78.279,10.166],[78.273,10.164],[78.265,10.16],[78.268,10.156],[78.267,10.153],[78.26,10.154],[78.261,10.164],[78.272,10.172],[78.273,10.181],[78.271,10.183],[78.277,10.188],[78.283,10.191],[78.286,10.196],[78.291,10.201],[78.295,10.205],[78.303,10.209],[78.308,10.208],[78.313,10.209],[78.309,10.215],[78.315,10.215],[78.321,10.215],[78.326,10.224],[78.328,10.232],[78.323,10.241],[78.326,10.249],[78.33,10.251],[78.332,10.255],[78.328,10.256],[78.329,10.265],[78.33,10.27],[78.328,10.272],[78.329,10.275],[78.329,10.277],[78.327,10.28],[78.328,10.283],[78.326,10.285],[78.329,10.286],[78.335,10.288],[78.34,10.289],[78.336,10.294],[78.339,10.298],[78.335,10.298],[78.332,10.297],[78.331,10.299],[78.333,10.302],[78.336,10.308],[78.336,10.312],[78.337,10.319],[78.338,10.325],[78.335,10.328],[78.331,10.333],[78.331,10.337],[78.327,10.339],[78.324,10.337],[78.32,10.343],[78.318,10.348],[78.314,10.35],[78.31,10.351],[78.305,10.353],[78.302,10.355],[78.298,10.358],[78.294,10.36],[78.29,10.365],[78.286,10.37],[78.282,10.372],[78.28,10.375],[78.278,10.38],[78.278,10.386],[78.284,10.391],[78.288,10.395],[78.294,10.404],[78.302,10.407],[78.307,10.416],[78.307,10.424],[78.311,10.43],[78.313,10.436],[78.314,10.44],[78.306,10.445],[78.295,10.451],[78.291,10.452],[78.287,10.453],[78.281,10.454],[78.275,10.455],[78.267,10.458],[78.264,10.459],[78.256,10.462],[78.251,10.464],[78.246,10.468],[78.233,10.47],[78.221,10.466],[78.217,10.47],[78.208,10.474],[78.202,10.48],[78.2,10.485],[78.197,10.493],[78.188,10.501],[78.184,10.502],[78.18,10.503],[78.176,10.503],[78.177,10.517],[78.185,10.522],[78.186,10.529],[78.189,10.537],[78.195,10.542],[78.2,10.547]]]}},{"type":"Feature","properties":{"district":"Erode"},"geometry":{"type":"MultiPolygon","coordinates":[[[[77.427,11.761],[77.423,11.762],[77.422,11.769],[77.422,11.772],[77.414,11.775],[77.412,11.776],[77.403,11.781],[77.396,11.786],[77.39,11.788],[77.383,11.788],[77.376,11.787],[77.369,11.79],[77.366,11.79],[77.361,11.781],[77.357,11.778],[77.348,11.775],[77.345,11.774],[77.335,11.771],[77.333,11.772],[77.33,11.774],[77.324,11.78],[77.315,11.791],[77.304,11.8],[77.301,11.803],[77.297,11.807],[77.293,11.809],[77.288,11.8],[77.285,11.801],[77.274,11.804],[77.268,11.807],[77.264,11.809],[77.255,11.812],[77.25,11.812],[77.25,11.804],[77.236,11.795],[77.21,11.794],[77.195,11.793],[77.193,11.793],[77.191,11.793],[77.189,11.793],[77.189,11.793],[77.189,11.793],[77.182,11.786],[77.141,11.775],[77.126,11.773],[77.12,11.773],[77.115,11.774],[77.112,11.774],[77.112,11.769],[77.112,11.765],[77.112,11.757],[77.109,11.751],[77.112,11.745],[77.115,11.739],[77.115,11.733],[77.118,11.732],[77.115,11.728],[77.117,11.729],[77.118,11.726],[77.118,11.721],[77.104,11.733],[77.081,11.741],[77.064,11.76],[77.06,11.772],[77.064,11.778],[77.069,11.782],[77.063,11.79],[77.046,11.788],[77.043,11.782],[77.036,11.771],[77.032,11.779],[77.035,11.794],[77.03,11.805],[77.017,11.808],[77.013,11.815],[76.997,11.81],[76.987,11.811],[76.982,11.812],[76.982,11.805],[76.984,11.803],[76.982,11.8],[76.981,11.797],[76.978,11.792],[76.975,11.788],[76.972,11.78],[76.962,11.781],[76.956,11.791],[76.949,11.79],[76.938,11.79],[76.928,11.793],[76.918,11.793],[76.907,11.794],[76.9,11.784],[76.897,11.776],[76.897,11.765],[76.892,11.75],[76.888,11.734],[76.88,11.727],[76.871,11.721],[76.862,11.71],[76.861,11.703],[76.854,11.693],[76.85,11.686],[76.85,11.684],[76.849,11.681],[76.847,11.677],[76.845,11.673],[76.844,11.671],[76.844,11.668],[76.841,11.666],[76.842,11.662],[76.839,11.66],[76.838,11.656],[76.835,11.655],[76.836,11.654],[76.834,11.65],[76.835,11.645],[76.837,11.643],[76.836,11.641],[76.835,11.639],[76.838,11.636],[76.841,11.635],[76.844,11.633],[76.844,11.633],[76.845,11.633],[76.844,11.628],[76.844,11.627],[76.846,11.625],[76.849,11.624],[76.849,11.622],[76.85,11.621],[76.852,11.622],[76.849,11.619],[76.85,11.617],[76.853,11.616],[76.858,11.614],[76.857,11.611],[76.856,11.608],[76.857,11.605],[76.856,11.599],[76.849,11.596],[76.847,11.594],[76.848,11.591],[76.846,11.586],[76.847,11.582],[76.844,11.585],[76.842,11.584],[76.841,11.582],[76.837,11.582],[76.836,11.577],[76.834,11.574],[76.831,11.574],[76.831,11.571],[76.836,11.571],[76.84,11.569],[76.84,11.566],[76.844,11.564],[76.848,11.559],[76.857,11.55],[76.864,11.542],[76.866,11.534],[76.865,11.532],[76.864,11.529],[76.864,11.525],[76.865,11.522],[76.868,11.519],[76.871,11.523],[76.889,11.526],[76.894,11.527],[76.905,11.528],[76.909,11.526],[76.914,11.524],[76.927,11.533],[76.936,11.527],[76.943,11.524],[76.942,11.519],[76.941,11.518],[76.935,11.509],[76.937,11.5],[76.937,11.495],[76.935,11.482],[76.956,11.479],[76.972,11.468],[76.977,11.47],[76.98,11.472],[76.985,11.475],[76.989,11.478],[76.991,11.481],[76.994,11.479],[76.997,11.477],[77.001,11.471],[77.006,11.461],[77.008,11.457],[77.011,11.454],[77.012,11.45],[77.012,11.442],[77.007,11.434],[77,11.435],[76.998,11.438],[76.996,11.441],[76.992,11.44],[76.985,11.44],[76.982,11.438],[76.98,11.435],[76.979,11.429],[76.978,11.422],[76.977,11.416],[76.977,11.41],[76.979,11.405],[76.981,11.401],[76.973,11.397],[76.968,11.392],[76.96,11.384],[76.959,11.381],[76.961,11.383],[76.965,11.386],[76.97,11.386],[76.976,11.383],[76.981,11.378],[76.981,11.382],[76.988,11.382],[76.993,11.377],[77.013,11.369],[77.016,11.371],[77.02,11.37],[77.026,11.375],[77.023,11.387],[77.026,11.389],[77.033,11.385],[77.036,11.391],[77.04,11.395],[77.046,11.399],[77.046,11.403],[77.056,11.404],[77.061,11.404],[77.065,11.402],[77.07,11.402],[77.07,11.394],[77.07,11.386],[77.076,11.389],[77.076,11.392],[77.079,11.39],[77.081,11.388],[77.084,11.389],[77.086,11.391],[77.089,11.393],[77.091,11.394],[77.089,11.396],[77.09,11.397],[77.093,11.399],[77.091,11.403],[77.098,11.404],[77.106,11.406],[77.111,11.406],[77.111,11.4],[77.112,11.388],[77.113,11.382],[77.114,11.379],[77.122,11.379],[77.129,11.376],[77.131,11.375],[77.13,11.366],[77.132,11.364],[77.133,11.364],[77.132,11.362],[77.13,11.358],[77.131,11.359],[77.131,11.356],[77.129,11.354],[77.132,11.353],[77.133,11.35],[77.135,11.349],[77.136,11.347],[77.138,11.346],[77.137,11.343],[77.136,11.344],[77.138,11.342],[77.138,11.34],[77.141,11.338],[77.146,11.336],[77.151,11.335],[77.158,11.333],[77.161,11.33],[77.163,11.326],[77.165,11.322],[77.168,11.317],[77.174,11.318],[77.18,11.316],[77.183,11.314],[77.183,11.319],[77.183,11.322],[77.181,11.324],[77.181,11.325],[77.181,11.326],[77.18,11.327],[77.179,11.329],[77.177,11.331],[77.175,11.332],[77.175,11.335],[77.177,11.34],[77.179,11.342],[77.182,11.341],[77.187,11.342],[77.197,11.339],[77.198,11.34],[77.199,11.341],[77.2,11.344],[77.201,11.343],[77.204,11.345],[77.208,11.344],[77.209,11.348],[77.211,11.349],[77.215,11.35],[77.216,11.35],[77.217,11.351],[77.218,11.35],[77.221,11.352],[77.229,11.351],[77.231,11.353],[77.234,11.351],[77.235,11.35],[77.235,11.35],[77.233,11.348],[77.232,11.347],[77.231,11.346],[77.23,11.346],[77.229,11.346],[77.227,11.343],[77.227,11.343],[77.224,11.343],[77.222,11.34],[77.223,11.339],[77.224,11.338],[77.227,11.337],[77.228,11.336],[77.232,11.335],[77.232,11.333],[77.234,11.332],[77.235,11.331],[77.236,11.328],[77.237,11.326],[77.236,11.325],[77.235,11.325],[77.235,11.324],[77.237,11.322],[77.237,11.314],[77.233,11.315],[77.229,11.315],[77.228,11.317],[77.226,11.317],[77.225,11.316],[77.225,11.315],[77.223,11.315],[77.221,11.313],[77.22,11.312],[77.219,11.31],[77.221,11.31],[77.221,11.31],[77.221,11.307],[77.218,11.306],[77.217,11.307],[77.214,11.306],[77.213,11.307],[77.21,11.308],[77.205,11.309],[77.205,11.31],[77.204,11.31],[77.203,11.305],[77.202,11.304],[77.202,11.303],[77.203,11.301],[77.204,11.3],[77.206,11.3],[77.209,11.298],[77.21,11.299],[77.211,11.299],[77.211,11.298],[77.212,11.299],[77.216,11.298],[77.217,11.298],[77.218,11.301],[77.219,11.304],[77.221,11.303],[77.224,11.303],[77.228,11.304],[77.233,11.305],[77.239,11.305],[77.242,11.305],[77.24,11.307],[77.238,11.311],[77.239,11.315],[77.24,11.318],[77.241,11.32],[77.239,11.321],[77.238,11.322],[77.241,11.324],[77.243,11.324],[77.246,11.324],[77.247,11.325],[77.248,11.327],[77.247,11.328],[77.247,11.329],[77.248,11.329],[77.251,11.329],[77.251,11.326],[77.253,11.322],[77.253,11.32],[77.25,11.315],[77.25,11.314],[77.251,11.311],[77.254,11.311],[77.255,11.313],[77.259,11.313],[77.263,11.316],[77.268,11.321],[77.272,11.324],[77.276,11.33],[77.282,11.334],[77.287,11.333],[77.288,11.337],[77.289,11.344],[77.291,11.337],[77.293,11.333],[77.291,11.328],[77.288,11.323],[77.288,11.318],[77.287,11.313],[77.288,11.3],[77.287,11.291],[77.292,11.287],[77.295,11.286],[77.304,11.284],[77.308,11.284],[77.309,11.283],[77.311,11.282],[77.313,11.279],[77.308,11.275],[77.302,11.275],[77.297,11.274],[77.296,11.272],[77.3,11.271],[77.302,11.269],[77.304,11.267],[77.307,11.266],[77.31,11.264],[77.313,11.263],[77.316,11.261],[77.319,11.261],[77.323,11.26],[77.327,11.259],[77.33,11.258],[77.331,11.257],[77.336,11.257],[77.335,11.261],[77.336,11.264],[77.337,11.265],[77.339,11.266],[77.341,11.268],[77.341,11.27],[77.342,11.273],[77.345,11.274],[77.346,11.277],[77.345,11.279],[77.347,11.282],[77.347,11.283],[77.348,11.285],[77.348,11.288],[77.348,11.291],[77.347,11.296],[77.345,11.3],[77.342,11.302],[77.34,11.302],[77.337,11.303],[77.336,11.304],[77.333,11.307],[77.334,11.311],[77.334,11.314],[77.335,11.316],[77.337,11.317],[77.343,11.317],[77.346,11.316],[77.35,11.316],[77.355,11.316],[77.361,11.316],[77.362,11.318],[77.366,11.317],[77.367,11.329],[77.363,11.341],[77.373,11.339],[77.379,11.335],[77.381,11.33],[77.386,11.326],[77.393,11.322],[77.396,11.318],[77.403,11.315],[77.411,11.313],[77.421,11.311],[77.425,11.316],[77.432,11.316],[77.436,11.312],[77.438,11.31],[77.441,11.307],[77.444,11.306],[77.444,11.309],[77.447,11.31],[77.448,11.311],[77.45,11.311],[77.45,11.306],[77.455,11.307],[77.453,11.308],[77.452,11.313],[77.455,11.31],[77.456,11.308],[77.458,11.307],[77.457,11.305],[77.458,11.302],[77.462,11.299],[77.46,11.297],[77.458,11.3],[77.458,11.296],[77.456,11.294],[77.458,11.291],[77.46,11.29],[77.46,11.287],[77.46,11.286],[77.462,11.283],[77.465,11.284],[77.463,11.279],[77.467,11.278],[77.469,11.269],[77.465,11.263],[77.465,11.258],[77.466,11.253],[77.471,11.252],[77.47,11.247],[77.475,11.241],[77.477,11.24],[77.48,11.237],[77.482,11.237],[77.484,11.237],[77.487,11.236],[77.487,11.235],[77.489,11.235],[77.489,11.231],[77.493,11.231],[77.494,11.232],[77.495,11.23],[77.496,11.23],[77.499,11.227],[77.498,11.225],[77.494,11.222],[77.497,11.221],[77.501,11.218],[77.499,11.21],[77.499,11.206],[77.505,11.202],[77.507,11.2],[77.51,11.199],[77.514,11.202],[77.515,11.207],[77.516,11.203],[77.516,11.199],[77.514,11.195],[77.513,11.189],[77.498,11.182],[77.489,11.181],[77.489,11.179],[77.485,11.18],[77.478,11.184],[77.475,11.184],[77.475,11.181],[77.473,11.176],[77.474,11.171],[77.473,11.169],[77.47,11.167],[77.47,11.164],[77.473,11.163],[77.471,11.162],[77.476,11.16],[77.476,11.161],[77.477,11.162],[77.476,11.162],[77.476,11.164],[77.478,11.163],[77.478,11.16],[77.481,11.16],[77.485,11.16],[77.484,11.155],[77.484,11.153],[77.482,11.151],[77.484,11.15],[77.484,11.147],[77.482,11.146],[77.482,11.143],[77.482,11.142],[77.483,11.141],[77.485,11.14],[77.485,11.141],[77.485,11.143],[77.488,11.142],[77.491,11.142],[77.494,11.141],[77.495,11.144],[77.496,11.143],[77.497,11.146],[77.499,11.145],[77.499,11.142],[77.5,11.136],[77.503,11.107],[77.508,11.107],[77.515,11.106],[77.52,11.106],[77.526,11.106],[77.531,11.104],[77.536,11.106],[77.544,11.108],[77.547,11.109],[77.554,11.109],[77.561,11.112],[77.567,11.112],[77.575,11.119],[77.581,11.119],[77.586,11.121],[77.591,11.118],[77.594,11.114],[77.6,11.112],[77.607,11.116],[77.612,11.123],[77.615,11.126],[77.62,11.127],[77.625,11.126],[77.631,11.125],[77.637,11.124],[77.645,11.116],[77.651,11.116],[77.656,11.113],[77.659,11.106],[77.671,11.1],[77.685,11.098],[77.697,11.096],[77.704,11.092],[77.712,11.085],[77.717,11.078],[77.726,11.077],[77.731,11.082],[77.742,11.083],[77.747,11.078],[77.753,11.076],[77.758,11.07],[77.767,11.063],[77.773,11.059],[77.779,11.062],[77.793,11.067],[77.802,11.064],[77.808,11.069],[77.816,11.071],[77.822,11.068],[77.828,11.063],[77.83,11.056],[77.831,11.048],[77.84,11.045],[77.847,11.048],[77.852,11.043],[77.855,11.031],[77.864,11.029],[77.868,11.024],[77.877,11.024],[77.885,11.028],[77.892,11.033],[77.902,11.035],[77.906,11.045],[77.914,11.046],[77.921,11.048],[77.924,11.055],[77.929,11.061],[77.933,11.07],[77.923,11.072],[77.913,11.073],[77.901,11.075],[77.893,11.078],[77.888,11.087],[77.888,11.097],[77.886,11.11],[77.883,11.117],[77.882,11.127],[77.884,11.144],[77.885,11.148],[77.883,11.158],[77.876,11.166],[77.865,11.176],[77.861,11.186],[77.862,11.191],[77.867,11.207],[77.871,11.216],[77.869,11.223],[77.866,11.234],[77.866,11.241],[77.86,11.248],[77.855,11.252],[77.841,11.261],[77.826,11.261],[77.812,11.265],[77.801,11.277],[77.793,11.29],[77.79,11.294],[77.784,11.3],[77.78,11.308],[77.771,11.324],[77.758,11.333],[77.753,11.343],[77.752,11.352],[77.745,11.36],[77.74,11.367],[77.733,11.37],[77.72,11.376],[77.711,11.388],[77.702,11.397],[77.695,11.409],[77.684,11.418],[77.686,11.437],[77.693,11.453],[77.696,11.464],[77.697,11.47],[77.702,11.481],[77.709,11.489],[77.713,11.493],[77.719,11.499],[77.722,11.504],[77.731,11.51],[77.733,11.513],[77.733,11.517],[77.724,11.532],[77.728,11.544],[77.732,11.552],[77.745,11.566],[77.743,11.576],[77.736,11.597],[77.74,11.609],[77.749,11.625],[77.75,11.633],[77.757,11.641],[77.76,11.647],[77.762,11.653],[77.764,11.662],[77.767,11.669],[77.768,11.677],[77.773,11.685],[77.776,11.695],[77.775,11.696],[77.769,11.695],[77.747,11.657],[77.742,11.655],[77.734,11.658],[77.729,11.655],[77.725,11.65],[77.722,11.652],[77.716,11.65],[77.716,11.648],[77.718,11.646],[77.716,11.642],[77.708,11.637],[77.701,11.635],[77.7,11.638],[77.695,11.643],[77.69,11.658],[77.695,11.674],[77.697,11.689],[77.698,11.693],[77.694,11.694],[77.69,11.696],[77.694,11.704],[77.694,11.712],[77.691,11.718],[77.695,11.72],[77.698,11.728],[77.698,11.733],[77.699,11.739],[77.704,11.748],[77.707,11.755],[77.707,11.764],[77.71,11.769],[77.712,11.773],[77.717,11.781],[77.719,11.788],[77.716,11.797],[77.706,11.776],[77.676,11.733],[77.672,11.728],[77.66,11.719],[77.651,11.704],[77.64,11.683],[77.636,11.67],[77.625,11.666],[77.618,11.676],[77.623,11.665],[77.606,11.654],[77.592,11.679],[77.582,11.676],[77.567,11.657],[77.557,11.645],[77.536,11.603],[77.522,11.587],[77.513,11.589],[77.513,11.575],[77.497,11.556],[77.486,11.55],[77.466,11.555],[77.447,11.561],[77.451,11.572],[77.45,11.595],[77.443,11.624],[77.44,11.641],[77.439,11.648],[77.446,11.67],[77.44,11.677],[77.441,11.685],[77.437,11.698],[77.438,11.706],[77.439,11.711],[77.443,11.716],[77.439,11.717],[77.435,11.721],[77.435,11.728],[77.427,11.733],[77.422,11.728],[77.418,11.735],[77.416,11.742],[77.424,11.751],[77.425,11.758],[77.427,11.761]],[[76.952,11.548],[76.95,11.554],[76.955,11.553],[76.952,11.548]],[[77.001,11.517],[77.005,11.517],[77.004,11.515],[77.004,11.514],[77.004,11.513],[77.002,11.514],[77.001,11.514],[77,11.516],[77,11.516],[77.001,11.517]]],[[[77.549,11.641],[77.544,11.644],[77.541,11.64],[77.546,11.636],[77.549,11.641]]],[[[77.558,11.663],[77.56,11.666],[77.56,11.666],[77.558,11.668],[77.555,11.669],[77.553,11.666],[77.552,11.664],[77.556,11.661],[77.558,11.663]]],[[[77.557,11.82],[77.556,11.822],[77.555,11.822],[77.554,11.821],[77.553,11.82],[77.552,11.822],[77.551,11.821],[77.549,11.82],[77.549,11.819],[77.55,11.818],[77.552,11.816],[77.552,11.816],[77.554,11.817],[77.556,11.819],[77.558,11.82],[77.557,11.82]]],[[[77.532,11.848],[77.527,11.841],[77.535,11.826],[77.527,11.8],[77.533,11.785],[77.521,11.77],[77.5,11.751],[77.474,11.741],[77.462,11.734],[77.456,11.712],[77.452,11.695],[77.465,11.687],[77.471,11.714],[77.483,11.721],[77.493,11.735],[77.504,11.748],[77.514,11.753],[77.528,11.748],[77.543,11.743],[77.54,11.752],[77.553,11.764],[77.56,11.76],[77.563,11.733],[77.568,11.716],[77.583,11.722],[77.589,11.74],[77.594,11.753],[77.588,11.77],[77.596,11.772],[77.605,11.768],[77.615,11.761],[77.618,11.751],[77.622,11.734],[77.636,11.741],[77.635,11.754],[77.617,11.777],[77.601,11.789],[77.583,11.785],[77.572,11.788],[77.573,11.794],[77.568,11.802],[77.559,11.802],[77.549,11.802],[77.55,11.808],[77.547,11.82],[77.544,11.834],[77.532,11.848]]]]}},{"type":"Feature","properties":{"district":"Kallakurichi"},"geometry":{"type":"Polygon","coordinates":[[[79.173,12.03],[79.156,12.037],[79.147,12.044],[79.14,12.039],[79.138,12.032],[79.129,12.021],[79.117,12.023],[79.107,12.02],[79.099,12.024],[79.095,12.028],[79.09,12.03],[79.081,12.039],[79.077,12.044],[79.084,12.043],[79.09,12.045],[79.094,12.057],[79.099,12.069],[79.09,12.079],[79.085,12.081],[79.076,12.07],[79.073,12.07],[79.065,12.07],[79.063,12.07],[79.062,12.065],[79.061,12.061],[79.066,12.056],[79.068,12.053],[79.068,12.05],[79.064,12.051],[79.059,12.05],[79.056,12.044],[79.049,12.037],[79.041,12.042],[79.027,12.047],[79.026,12.048],[79.022,12.054],[79.022,12.057],[79.032,12.064],[79.02,12.065],[79.016,12.065],[79.007,12.067],[78.999,12.067],[78.996,12.068],[78.993,12.066],[78.99,12.062],[78.989,12.056],[78.987,12.06],[78.984,12.064],[78.982,12.065],[78.975,12.067],[78.97,12.066],[78.964,12.065],[78.96,12.069],[78.958,12.068],[78.955,12.066],[78.951,12.061],[78.945,12.055],[78.942,12.052],[78.944,12.05],[78.943,12.047],[78.946,12.042],[78.946,12.035],[78.945,12.031],[78.939,12.024],[78.935,12.023],[78.927,12.014],[78.923,12.011],[78.914,12.01],[78.905,12.005],[78.89,12.003],[78.88,12.003],[78.876,12.005],[78.872,12.006],[78.869,12.004],[78.867,12.007],[78.866,12.006],[78.865,12.004],[78.862,12.006],[78.862,12.012],[78.86,12.011],[78.851,12.009],[78.849,12.01],[78.846,12.007],[78.837,12.007],[78.834,12.007],[78.829,12.008],[78.824,12.009],[78.815,12.011],[78.804,12.02],[78.801,12.017],[78.792,12.012],[78.785,12.009],[78.777,12.007],[78.767,12.008],[78.763,12.009],[78.757,12.011],[78.752,12.004],[78.746,11.998],[78.742,11.995],[78.738,11.994],[78.735,11.991],[78.736,11.988],[78.73,11.987],[78.728,11.987],[78.722,11.988],[78.718,11.987],[78.715,11.978],[78.713,11.972],[78.71,11.967],[78.711,11.962],[78.712,11.955],[78.71,11.951],[78.707,11.945],[78.704,11.94],[78.709,11.934],[78.714,11.932],[78.721,11.925],[78.724,11.92],[78.72,11.915],[78.714,11.91],[78.711,11.906],[78.709,11.903],[78.708,11.9],[78.704,11.897],[78.695,11.895],[78.691,11.9],[78.687,11.903],[78.676,11.899],[78.667,11.896],[78.66,11.895],[78.656,11.891],[78.655,11.885],[78.652,11.885],[78.644,11.886],[78.638,11.888],[78.635,11.885],[78.636,11.879],[78.634,11.875],[78.631,11.873],[78.627,11.87],[78.628,11.867],[78.634,11.866],[78.641,11.866],[78.655,11.865],[78.66,11.857],[78.681,11.858],[78.695,11.851],[78.693,11.832],[78.693,11.828],[78.691,11.822],[78.69,11.817],[78.692,11.809],[78.685,11.801],[78.662,11.791],[78.658,11.778],[78.643,11.756],[78.639,11.741],[78.645,11.719],[78.652,11.707],[78.651,11.693],[78.65,11.668],[78.649,11.662],[78.66,11.657],[78.68,11.644],[78.678,11.663],[78.678,11.671],[78.686,11.684],[78.7,11.692],[78.718,11.683],[78.733,11.691],[78.756,11.696],[78.781,11.703],[78.804,11.688],[78.805,11.679],[78.806,11.664],[78.8,11.659],[78.793,11.653],[78.782,11.645],[78.778,11.636],[78.783,11.638],[78.786,11.639],[78.788,11.63],[78.789,11.619],[78.777,11.613],[78.777,11.605],[78.784,11.602],[78.802,11.595],[78.824,11.579],[78.829,11.576],[78.822,11.568],[78.816,11.562],[78.815,11.548],[78.817,11.542],[78.835,11.54],[78.836,11.529],[78.846,11.522],[78.858,11.523],[78.871,11.518],[78.873,11.512],[78.884,11.507],[78.899,11.505],[78.907,11.511],[78.914,11.526],[78.915,11.534],[78.919,11.545],[78.921,11.552],[78.924,11.567],[78.931,11.567],[78.939,11.569],[78.95,11.571],[78.962,11.57],[78.974,11.57],[78.992,11.571],[79.004,11.575],[79.011,11.583],[79.014,11.586],[79.019,11.594],[79.014,11.599],[79.015,11.604],[79.02,11.605],[79.024,11.603],[79.033,11.599],[79.04,11.599],[79.045,11.597],[79.05,11.594],[79.047,11.591],[79.045,11.59],[79.044,11.589],[79.045,11.587],[79.047,11.587],[79.049,11.586],[79.051,11.586],[79.055,11.586],[79.058,11.59],[79.062,11.592],[79.065,11.597],[79.07,11.599],[79.075,11.598],[79.077,11.603],[79.068,11.61],[79.066,11.612],[79.069,11.62],[79.068,11.626],[79.079,11.63],[79.085,11.632],[79.091,11.625],[79.092,11.623],[79.096,11.621],[79.099,11.619],[79.098,11.615],[79.102,11.612],[79.106,11.615],[79.112,11.614],[79.116,11.61],[79.118,11.604],[79.123,11.597],[79.135,11.592],[79.142,11.588],[79.148,11.589],[79.153,11.598],[79.167,11.596],[79.178,11.591],[79.184,11.586],[79.19,11.594],[79.202,11.61],[79.209,11.619],[79.213,11.625],[79.21,11.633],[79.217,11.639],[79.222,11.636],[79.225,11.632],[79.235,11.629],[79.243,11.642],[79.247,11.647],[79.249,11.651],[79.256,11.65],[79.266,11.646],[79.273,11.645],[79.28,11.649],[79.288,11.648],[79.296,11.643],[79.309,11.633],[79.321,11.648],[79.331,11.659],[79.342,11.661],[79.363,11.663],[79.367,11.674],[79.382,11.68],[79.391,11.68],[79.395,11.677],[79.41,11.673],[79.418,11.668],[79.429,11.667],[79.436,11.666],[79.442,11.677],[79.441,11.69],[79.435,11.701],[79.436,11.721],[79.428,11.731],[79.44,11.738],[79.457,11.739],[79.461,11.755],[79.463,11.766],[79.453,11.769],[79.447,11.765],[79.442,11.768],[79.436,11.768],[79.431,11.779],[79.439,11.789],[79.442,11.809],[79.449,11.808],[79.458,11.81],[79.466,11.803],[79.471,11.8],[79.473,11.805],[79.479,11.807],[79.483,11.812],[79.48,11.819],[79.479,11.822],[79.478,11.823],[79.481,11.828],[79.48,11.835],[79.472,11.835],[79.47,11.84],[79.469,11.844],[79.472,11.845],[79.463,11.847],[79.452,11.849],[79.455,11.868],[79.432,11.88],[79.418,11.895],[79.405,11.903],[79.387,11.913],[79.375,11.92],[79.361,11.919],[79.351,11.925],[79.331,11.923],[79.319,11.921],[79.315,11.92],[79.308,11.926],[79.302,11.937],[79.284,11.942],[79.274,11.948],[79.261,11.95],[79.25,11.951],[79.237,11.952],[79.228,11.957],[79.218,11.969],[79.209,11.974],[79.188,11.973],[79.186,11.986],[79.181,11.987],[79.172,11.989],[79.168,11.992],[79.17,11.999],[79.17,12.004],[79.169,12.007],[79.17,12.016],[79.172,12.027],[79.173,12.03]]]}},{"type":"Feature","properties":{"district":"Kanniyakumari"},"geometry":{"type":"Polygon","coordinates":[[[77.589,8.142],[77.585,8.148],[77.584,8.155],[77.566,8.155],[77.553,8.157],[77.539,8.162],[77.539,8.165],[77.538,8.167],[77.543,8.176],[77.542,8.185],[77.553,8.192],[77.546,8.201],[77.55,8.206],[77.545,8.21],[77.544,8.216],[77.547,8.218],[77.541,8.221],[77.545,8.228],[77.545,8.24],[77.548,8.244],[77.56,8.244],[77.57,8.248],[77.575,8.245],[77.571,8.257],[77.564,8.26],[77.563,8.266],[77.56,8.272],[77.556,8.276],[77.554,8.279],[77.562,8.277],[77.564,8.279],[77.561,8.281],[77.558,8.284],[77.557,8.288],[77.553,8.291],[77.548,8.299],[77.544,8.307],[77.536,8.315],[77.535,8.324],[77.533,8.328],[77.533,8.335],[77.538,8.335],[77.54,8.336],[77.539,8.34],[77.539,8.343],[77.539,8.348],[77.536,8.351],[77.535,8.357],[77.535,8.362],[77.535,8.369],[77.54,8.377],[77.537,8.386],[77.532,8.392],[77.523,8.39],[77.516,8.383],[77.504,8.384],[77.492,8.379],[77.482,8.394],[77.473,8.397],[77.471,8.416],[77.465,8.422],[77.463,8.436],[77.468,8.447],[77.468,8.458],[77.464,8.468],[77.452,8.472],[77.445,8.485],[77.446,8.492],[77.442,8.502],[77.439,8.505],[77.433,8.507],[77.427,8.512],[77.42,8.515],[77.413,8.517],[77.406,8.517],[77.4,8.521],[77.394,8.522],[77.389,8.524],[77.381,8.521],[77.377,8.523],[77.374,8.518],[77.371,8.521],[77.367,8.527],[77.366,8.53],[77.363,8.532],[77.363,8.537],[77.361,8.54],[77.358,8.539],[77.355,8.54],[77.352,8.542],[77.35,8.544],[77.351,8.546],[77.347,8.545],[77.342,8.548],[77.338,8.551],[77.335,8.553],[77.33,8.555],[77.327,8.556],[77.325,8.558],[77.322,8.558],[77.318,8.56],[77.315,8.56],[77.311,8.56],[77.308,8.561],[77.305,8.563],[77.302,8.566],[77.298,8.567],[77.293,8.568],[77.289,8.569],[77.288,8.57],[77.287,8.568],[77.287,8.567],[77.282,8.57],[77.278,8.573],[77.273,8.575],[77.271,8.578],[77.269,8.579],[77.269,8.578],[77.271,8.572],[77.275,8.564],[77.274,8.56],[77.279,8.554],[77.283,8.549],[77.28,8.542],[77.274,8.536],[77.274,8.533],[77.269,8.523],[77.267,8.519],[77.265,8.512],[77.26,8.506],[77.251,8.505],[77.246,8.501],[77.244,8.498],[77.24,8.497],[77.232,8.507],[77.213,8.511],[77.208,8.505],[77.203,8.5],[77.205,8.498],[77.209,8.494],[77.214,8.487],[77.211,8.48],[77.214,8.47],[77.227,8.458],[77.228,8.452],[77.226,8.447],[77.219,8.446],[77.211,8.446],[77.206,8.442],[77.203,8.436],[77.203,8.435],[77.197,8.429],[77.197,8.422],[77.189,8.41],[77.183,8.4],[77.181,8.395],[77.171,8.387],[77.167,8.387],[77.157,8.389],[77.151,8.385],[77.152,8.381],[77.155,8.381],[77.16,8.379],[77.161,8.374],[77.158,8.368],[77.154,8.361],[77.156,8.356],[77.159,8.359],[77.167,8.36],[77.17,8.362],[77.172,8.36],[77.174,8.354],[77.174,8.348],[77.169,8.344],[77.167,8.342],[77.17,8.338],[77.173,8.332],[77.18,8.325],[77.178,8.323],[77.174,8.32],[77.172,8.324],[77.171,8.326],[77.17,8.331],[77.16,8.329],[77.151,8.329],[77.148,8.332],[77.143,8.33],[77.138,8.328],[77.132,8.326],[77.129,8.325],[77.128,8.322],[77.119,8.321],[77.119,8.317],[77.121,8.316],[77.121,8.309],[77.117,8.31],[77.116,8.309],[77.113,8.304],[77.109,8.306],[77.102,8.307],[77.101,8.3],[77.098,8.298],[77.111,8.283],[77.153,8.252],[77.16,8.246],[77.166,8.242],[77.168,8.239],[77.17,8.238],[77.175,8.233],[77.178,8.229],[77.181,8.224],[77.185,8.219],[77.191,8.216],[77.194,8.214],[77.203,8.209],[77.207,8.207],[77.211,8.205],[77.212,8.205],[77.212,8.204],[77.216,8.201],[77.22,8.199],[77.223,8.197],[77.225,8.195],[77.226,8.193],[77.23,8.188],[77.231,8.186],[77.233,8.185],[77.235,8.182],[77.237,8.18],[77.238,8.179],[77.242,8.176],[77.245,8.175],[77.247,8.173],[77.249,8.173],[77.252,8.173],[77.258,8.172],[77.264,8.169],[77.271,8.165],[77.278,8.161],[77.284,8.158],[77.292,8.152],[77.298,8.148],[77.302,8.141],[77.303,8.138],[77.304,8.136],[77.304,8.132],[77.308,8.128],[77.31,8.127],[77.313,8.124],[77.314,8.124],[77.315,8.123],[77.316,8.122],[77.317,8.122],[77.317,8.122],[77.318,8.122],[77.319,8.124],[77.32,8.124],[77.321,8.124],[77.322,8.123],[77.322,8.123],[77.323,8.125],[77.324,8.126],[77.331,8.126],[77.339,8.125],[77.35,8.123],[77.361,8.12],[77.365,8.118],[77.385,8.112],[77.403,8.106],[77.415,8.103],[77.426,8.1],[77.431,8.099],[77.432,8.098],[77.437,8.097],[77.443,8.095],[77.448,8.094],[77.459,8.093],[77.473,8.09],[77.482,8.089],[77.484,8.089],[77.486,8.089],[77.486,8.089],[77.488,8.088],[77.499,8.085],[77.511,8.083],[77.526,8.082],[77.533,8.078],[77.54,8.079],[77.547,8.078],[77.551,8.078],[77.552,8.083],[77.555,8.088],[77.563,8.092],[77.563,8.094],[77.56,8.095],[77.558,8.1],[77.559,8.107],[77.557,8.112],[77.559,8.119],[77.565,8.125],[77.566,8.126],[77.57,8.13],[77.576,8.135],[77.582,8.139],[77.589,8.142]]]}},{"type":"Feature","properties":{"district":"Karur"},"geometry":{"type":"Polygon","coordinates":[[[78.165,11.013],[78.163,11.017],[78.158,11.024],[78.15,11.031],[78.145,11.037],[78.144,11.038],[78.141,11.04],[78.137,11.041],[78.135,11.042],[78.134,11.045],[78.132,11.047],[78.129,11.05],[78.126,11.052],[78.124,11.054],[78.121,11.058],[78.114,11.065],[78.103,11.074],[78.091,11.077],[78.075,11.079],[78.057,11.075],[78.047,11.08],[78.041,11.084],[78.032,11.088],[78.018,11.093],[78,11.096],[77.995,11.097],[77.988,11.095],[77.982,11.091],[77.975,11.084],[77.958,11.071],[77.945,11.065],[77.936,11.069],[77.929,11.062],[77.926,11.057],[77.921,11.049],[77.917,11.045],[77.909,11.046],[77.903,11.039],[77.896,11.033],[77.886,11.03],[77.881,11.024],[77.872,11.023],[77.865,11.027],[77.859,11.03],[77.852,11.036],[77.852,11.046],[77.841,11.047],[77.832,11.047],[77.829,11.052],[77.829,11.06],[77.823,11.067],[77.819,11.07],[77.811,11.071],[77.805,11.063],[77.795,11.067],[77.786,11.064],[77.777,11.057],[77.781,11.044],[77.786,11.038],[77.791,11.034],[77.789,11.025],[77.79,11.021],[77.788,11.016],[77.786,11.011],[77.783,11.005],[77.782,11.001],[77.78,10.997],[77.776,10.995],[77.764,10.986],[77.759,10.98],[77.753,10.981],[77.75,10.976],[77.753,10.966],[77.768,10.966],[77.77,10.96],[77.77,10.954],[77.768,10.951],[77.769,10.946],[77.767,10.935],[77.762,10.919],[77.761,10.903],[77.771,10.895],[77.772,10.889],[77.773,10.879],[77.776,10.87],[77.784,10.873],[77.784,10.878],[77.786,10.884],[77.79,10.886],[77.796,10.877],[77.795,10.872],[77.798,10.865],[77.808,10.858],[77.818,10.858],[77.823,10.854],[77.826,10.848],[77.83,10.841],[77.836,10.835],[77.845,10.837],[77.849,10.842],[77.855,10.849],[77.86,10.847],[77.865,10.845],[77.87,10.841],[77.873,10.834],[77.872,10.827],[77.874,10.821],[77.875,10.813],[77.874,10.808],[77.872,10.803],[77.871,10.797],[77.878,10.789],[77.89,10.794],[77.893,10.783],[77.89,10.774],[77.883,10.774],[77.875,10.775],[77.873,10.774],[77.866,10.776],[77.858,10.781],[77.851,10.785],[77.844,10.785],[77.838,10.786],[77.836,10.787],[77.834,10.79],[77.828,10.792],[77.826,10.798],[77.819,10.797],[77.813,10.8],[77.806,10.803],[77.799,10.806],[77.796,10.8],[77.794,10.794],[77.791,10.79],[77.785,10.788],[77.779,10.79],[77.773,10.776],[77.772,10.767],[77.778,10.765],[77.781,10.761],[77.784,10.758],[77.789,10.756],[77.796,10.753],[77.81,10.757],[77.82,10.756],[77.824,10.754],[77.826,10.751],[77.827,10.749],[77.826,10.745],[77.824,10.741],[77.824,10.738],[77.822,10.734],[77.822,10.732],[77.823,10.729],[77.822,10.727],[77.823,10.724],[77.824,10.721],[77.825,10.717],[77.824,10.715],[77.823,10.713],[77.822,10.712],[77.82,10.709],[77.819,10.706],[77.817,10.706],[77.816,10.704],[77.815,10.703],[77.813,10.702],[77.81,10.699],[77.809,10.696],[77.808,10.694],[77.809,10.693],[77.808,10.692],[77.809,10.69],[77.81,10.687],[77.81,10.686],[77.81,10.684],[77.808,10.681],[77.81,10.681],[77.81,10.68],[77.813,10.679],[77.814,10.677],[77.815,10.678],[77.816,10.679],[77.818,10.679],[77.817,10.677],[77.817,10.675],[77.816,10.674],[77.816,10.673],[77.816,10.672],[77.816,10.67],[77.816,10.67],[77.815,10.667],[77.814,10.665],[77.814,10.664],[77.814,10.661],[77.814,10.66],[77.814,10.657],[77.814,10.653],[77.814,10.65],[77.813,10.649],[77.815,10.647],[77.818,10.645],[77.819,10.644],[77.82,10.643],[77.824,10.639],[77.825,10.637],[77.831,10.633],[77.836,10.634],[77.836,10.635],[77.837,10.635],[77.84,10.637],[77.841,10.637],[77.844,10.637],[77.846,10.639],[77.846,10.639],[77.847,10.638],[77.847,10.637],[77.85,10.636],[77.852,10.637],[77.854,10.636],[77.858,10.636],[77.861,10.635],[77.865,10.635],[77.865,10.634],[77.866,10.633],[77.872,10.631],[77.872,10.632],[77.873,10.635],[77.873,10.635],[77.874,10.637],[77.874,10.638],[77.876,10.642],[77.876,10.645],[77.877,10.645],[77.879,10.646],[77.88,10.647],[77.882,10.648],[77.882,10.649],[77.885,10.649],[77.885,10.65],[77.886,10.65],[77.889,10.649],[77.893,10.646],[77.896,10.646],[77.896,10.646],[77.897,10.647],[77.897,10.649],[77.898,10.649],[77.898,10.649],[77.899,10.649],[77.9,10.65],[77.903,10.649],[77.903,10.652],[77.906,10.654],[77.909,10.657],[77.909,10.657],[77.911,10.653],[77.915,10.648],[77.923,10.647],[77.932,10.647],[77.935,10.644],[77.94,10.643],[77.944,10.644],[77.944,10.644],[77.945,10.643],[77.95,10.644],[77.952,10.64],[77.959,10.64],[77.963,10.64],[77.971,10.64],[77.975,10.641],[77.978,10.64],[77.979,10.642],[77.979,10.645],[77.978,10.648],[77.975,10.652],[77.973,10.654],[77.972,10.657],[77.972,10.662],[77.972,10.664],[77.971,10.669],[77.97,10.672],[77.971,10.674],[77.975,10.675],[77.977,10.675],[77.979,10.675],[77.987,10.674],[77.991,10.672],[77.993,10.672],[77.995,10.673],[77.997,10.674],[78.001,10.676],[78.006,10.675],[78.007,10.685],[78.008,10.694],[78.009,10.697],[78.009,10.706],[78.011,10.714],[78.015,10.72],[78.01,10.725],[78.007,10.73],[77.999,10.73],[77.998,10.735],[77.996,10.737],[77.997,10.739],[77.998,10.743],[77.996,10.743],[77.989,10.743],[77.986,10.743],[77.981,10.744],[77.978,10.743],[77.976,10.743],[77.972,10.743],[77.969,10.743],[77.965,10.744],[77.962,10.744],[77.958,10.744],[77.955,10.743],[77.953,10.743],[77.949,10.743],[77.947,10.741],[77.942,10.74],[77.94,10.738],[77.938,10.738],[77.934,10.737],[77.931,10.738],[77.931,10.74],[77.931,10.742],[77.931,10.745],[77.932,10.751],[77.933,10.754],[77.934,10.755],[77.936,10.758],[77.937,10.762],[77.939,10.765],[77.939,10.767],[77.942,10.768],[77.945,10.768],[77.95,10.767],[77.953,10.766],[77.955,10.766],[77.959,10.764],[77.964,10.764],[77.967,10.763],[77.972,10.763],[77.977,10.761],[77.98,10.76],[77.984,10.76],[77.989,10.761],[77.993,10.762],[77.996,10.764],[77.996,10.766],[77.997,10.769],[77.997,10.771],[77.998,10.773],[77.998,10.774],[78.003,10.774],[78.01,10.775],[78.021,10.774],[78.024,10.772],[78.023,10.774],[78.023,10.777],[78.027,10.777],[78.034,10.78],[78.033,10.775],[78.036,10.775],[78.041,10.777],[78.047,10.778],[78.048,10.775],[78.051,10.773],[78.055,10.774],[78.057,10.77],[78.057,10.764],[78.061,10.768],[78.068,10.77],[78.07,10.775],[78.079,10.776],[78.08,10.773],[78.085,10.771],[78.091,10.768],[78.094,10.767],[78.099,10.771],[78.097,10.78],[78.097,10.787],[78.098,10.795],[78.1,10.796],[78.103,10.802],[78.106,10.805],[78.11,10.805],[78.119,10.804],[78.124,10.804],[78.128,10.804],[78.13,10.804],[78.131,10.803],[78.133,10.802],[78.134,10.804],[78.137,10.804],[78.138,10.804],[78.141,10.803],[78.143,10.804],[78.146,10.804],[78.148,10.804],[78.149,10.805],[78.15,10.806],[78.15,10.807],[78.15,10.809],[78.15,10.811],[78.15,10.815],[78.151,10.819],[78.152,10.822],[78.153,10.826],[78.154,10.828],[78.158,10.828],[78.158,10.83],[78.159,10.833],[78.164,10.834],[78.166,10.834],[78.167,10.834],[78.17,10.834],[78.17,10.832],[78.173,10.832],[78.173,10.835],[78.175,10.835],[78.176,10.833],[78.175,10.83],[78.175,10.826],[78.177,10.824],[78.178,10.823],[78.18,10.823],[78.182,10.824],[78.183,10.826],[78.182,10.829],[78.182,10.831],[78.182,10.833],[78.184,10.833],[78.186,10.833],[78.187,10.83],[78.186,10.829],[78.185,10.827],[78.186,10.827],[78.185,10.826],[78.185,10.825],[78.184,10.823],[78.184,10.821],[78.181,10.821],[78.182,10.82],[78.185,10.819],[78.185,10.817],[78.182,10.814],[78.179,10.809],[78.177,10.807],[78.175,10.805],[78.172,10.801],[78.17,10.799],[78.17,10.796],[78.169,10.793],[78.169,10.788],[78.169,10.784],[78.169,10.777],[78.168,10.774],[78.167,10.772],[78.165,10.768],[78.164,10.765],[78.161,10.76],[78.159,10.755],[78.157,10.753],[78.153,10.746],[78.152,10.743],[78.152,10.735],[78.155,10.73],[78.154,10.715],[78.152,10.705],[78.151,10.702],[78.148,10.694],[78.147,10.685],[78.145,10.677],[78.146,10.67],[78.146,10.667],[78.147,10.657],[78.153,10.649],[78.163,10.649],[78.16,10.64],[78.161,10.628],[78.164,10.617],[78.148,10.607],[78.136,10.597],[78.135,10.583],[78.133,10.575],[78.139,10.563],[78.152,10.564],[78.16,10.562],[78.18,10.56],[78.19,10.558],[78.19,10.555],[78.194,10.551],[78.2,10.547],[78.214,10.551],[78.243,10.554],[78.25,10.569],[78.259,10.575],[78.263,10.579],[78.262,10.583],[78.259,10.597],[78.256,10.605],[78.26,10.611],[78.263,10.616],[78.266,10.627],[78.267,10.635],[78.271,10.67],[78.273,10.679],[78.274,10.688],[78.277,10.699],[78.279,10.708],[78.28,10.716],[78.281,10.726],[78.283,10.734],[78.283,10.746],[78.286,10.743],[78.289,10.735],[78.292,10.727],[78.29,10.719],[78.291,10.706],[78.3,10.703],[78.316,10.702],[78.323,10.709],[78.328,10.708],[78.332,10.71],[78.337,10.707],[78.345,10.719],[78.358,10.722],[78.37,10.726],[78.377,10.717],[78.388,10.711],[78.398,10.693],[78.4,10.688],[78.402,10.678],[78.413,10.673],[78.423,10.671],[78.426,10.676],[78.43,10.679],[78.434,10.688],[78.445,10.69],[78.451,10.687],[78.458,10.687],[78.467,10.688],[78.468,10.696],[78.47,10.702],[78.475,10.704],[78.481,10.702],[78.49,10.698],[78.508,10.697],[78.515,10.698],[78.517,10.707],[78.528,10.71],[78.538,10.717],[78.546,10.723],[78.554,10.726],[78.56,10.732],[78.564,10.737],[78.567,10.742],[78.567,10.757],[78.564,10.765],[78.572,10.775],[78.566,10.781],[78.557,10.787],[78.55,10.791],[78.547,10.803],[78.556,10.813],[78.571,10.809],[78.581,10.816],[78.586,10.829],[78.578,10.833],[78.573,10.839],[78.579,10.849],[78.574,10.856],[78.57,10.856],[78.568,10.861],[78.563,10.863],[78.558,10.864],[78.552,10.876],[78.549,10.877],[78.542,10.879],[78.532,10.882],[78.525,10.882],[78.518,10.883],[78.513,10.884],[78.506,10.886],[78.502,10.887],[78.498,10.891],[78.492,10.893],[78.484,10.886],[78.48,10.886],[78.471,10.888],[78.471,10.896],[78.478,10.903],[78.476,10.906],[78.482,10.904],[78.488,10.904],[78.486,10.907],[78.479,10.909],[78.47,10.912],[78.465,10.916],[78.463,10.923],[78.452,10.927],[78.439,10.937],[78.431,10.945],[78.417,10.953],[78.403,10.961],[78.396,10.961],[78.386,10.961],[78.384,10.961],[78.381,10.963],[78.376,10.964],[78.359,10.963],[78.34,10.961],[78.334,10.963],[78.318,10.964],[78.308,10.963],[78.295,10.964],[78.281,10.967],[78.259,10.969],[78.25,10.969],[78.241,10.966],[78.222,10.96],[78.207,10.959],[78.195,10.963],[78.196,10.974],[78.189,10.978],[78.182,10.979],[78.175,10.989],[78.17,10.998],[78.169,11.003],[78.167,11.006],[78.165,11.012],[78.165,11.013]]]}},{"type":"Feature","properties":{"district":"Madurai"},"geometry":{"type":"Polygon","coordinates":[[[78.379,10.31],[78.375,10.31],[78.374,10.309],[78.372,10.309],[78.373,10.305],[78.373,10.303],[78.374,10.3],[78.37,10.3],[78.368,10.301],[78.366,10.298],[78.361,10.294],[78.353,10.297],[78.345,10.299],[78.334,10.3],[78.329,10.298],[78.332,10.297],[78.335,10.297],[78.339,10.297],[78.336,10.292],[78.339,10.288],[78.333,10.289],[78.33,10.286],[78.326,10.284],[78.329,10.282],[78.327,10.279],[78.329,10.278],[78.328,10.275],[78.329,10.272],[78.329,10.269],[78.328,10.264],[78.329,10.256],[78.332,10.253],[78.33,10.249],[78.322,10.248],[78.323,10.239],[78.328,10.229],[78.325,10.223],[78.321,10.215],[78.313,10.215],[78.31,10.212],[78.313,10.209],[78.307,10.21],[78.301,10.208],[78.291,10.204],[78.289,10.199],[78.285,10.195],[78.282,10.191],[78.276,10.188],[78.269,10.182],[78.273,10.178],[78.27,10.17],[78.26,10.162],[78.26,10.154],[78.269,10.152],[78.267,10.157],[78.268,10.162],[78.274,10.164],[78.281,10.167],[78.282,10.162],[78.283,10.153],[78.283,10.145],[78.28,10.137],[78.278,10.13],[78.271,10.13],[78.272,10.125],[78.272,10.116],[78.266,10.108],[78.262,10.1],[78.264,10.095],[78.264,10.092],[78.261,10.09],[78.259,10.085],[78.252,10.085],[78.243,10.084],[78.24,10.08],[78.235,10.078],[78.228,10.078],[78.223,10.078],[78.217,10.075],[78.212,10.075],[78.209,10.07],[78.204,10.067],[78.203,10.077],[78.192,10.084],[78.187,10.088],[78.18,10.092],[78.173,10.093],[78.17,10.092],[78.17,10.096],[78.173,10.098],[78.17,10.101],[78.166,10.103],[78.162,10.105],[78.156,10.107],[78.16,10.112],[78.162,10.118],[78.165,10.123],[78.165,10.126],[78.165,10.132],[78.165,10.135],[78.164,10.141],[78.159,10.144],[78.16,10.148],[78.161,10.152],[78.159,10.157],[78.153,10.162],[78.151,10.165],[78.151,10.17],[78.151,10.172],[78.148,10.177],[78.143,10.182],[78.139,10.183],[78.135,10.185],[78.13,10.187],[78.125,10.186],[78.122,10.188],[78.116,10.19],[78.113,10.189],[78.107,10.19],[78.102,10.191],[78.097,10.19],[78.091,10.182],[78.082,10.186],[78.071,10.188],[78.061,10.184],[78.044,10.185],[78.023,10.185],[78.018,10.177],[78.014,10.166],[78.008,10.162],[78,10.162],[77.998,10.161],[77.997,10.158],[77.995,10.156],[77.993,10.154],[77.993,10.151],[77.991,10.149],[77.989,10.148],[77.986,10.144],[77.985,10.139],[77.98,10.136],[77.975,10.132],[77.972,10.132],[77.966,10.132],[77.962,10.136],[77.961,10.133],[77.958,10.131],[77.955,10.131],[77.953,10.128],[77.95,10.125],[77.945,10.121],[77.939,10.118],[77.933,10.112],[77.934,10.105],[77.93,10.102],[77.931,10.093],[77.933,10.09],[77.935,10.09],[77.936,10.092],[77.938,10.092],[77.941,10.091],[77.945,10.09],[77.946,10.084],[77.932,10.087],[77.932,10.089],[77.925,10.09],[77.922,10.08],[77.921,10.075],[77.919,10.072],[77.913,10.073],[77.909,10.076],[77.904,10.075],[77.904,10.074],[77.903,10.071],[77.9,10.073],[77.898,10.075],[77.894,10.078],[77.889,10.077],[77.883,10.073],[77.883,10.069],[77.881,10.066],[77.875,10.062],[77.865,10.074],[77.848,10.075],[77.836,10.074],[77.823,10.066],[77.808,10.067],[77.798,10.062],[77.79,10.055],[77.783,10.052],[77.774,10.053],[77.764,10.056],[77.76,10.047],[77.752,10.045],[77.747,10.04],[77.742,10.036],[77.738,10.033],[77.733,10.029],[77.728,10.026],[77.725,10.024],[77.722,10.021],[77.717,10.018],[77.713,10.02],[77.712,10.023],[77.712,10.025],[77.712,10.024],[77.71,10.022],[77.709,10.02],[77.709,10.018],[77.705,10.017],[77.702,10.014],[77.7,10.016],[77.698,10.017],[77.698,10.015],[77.698,10.013],[77.698,10.008],[77.699,10.006],[77.698,10.002],[77.698,9.992],[77.697,9.983],[77.696,9.981],[77.694,9.976],[77.693,9.974],[77.694,9.973],[77.69,9.968],[77.68,9.967],[77.677,9.962],[77.674,9.957],[77.675,9.951],[77.677,9.946],[77.677,9.941],[77.679,9.933],[77.677,9.929],[77.672,9.921],[77.669,9.915],[77.664,9.916],[77.657,9.92],[77.655,9.919],[77.653,9.915],[77.651,9.907],[77.647,9.903],[77.647,9.9],[77.648,9.896],[77.646,9.892],[77.644,9.887],[77.64,9.882],[77.635,9.875],[77.631,9.871],[77.624,9.865],[77.621,9.864],[77.618,9.854],[77.619,9.847],[77.617,9.84],[77.62,9.835],[77.625,9.836],[77.625,9.834],[77.624,9.829],[77.622,9.82],[77.619,9.812],[77.615,9.805],[77.611,9.798],[77.608,9.795],[77.605,9.792],[77.602,9.788],[77.6,9.778],[77.593,9.772],[77.586,9.766],[77.572,9.751],[77.567,9.749],[77.564,9.744],[77.563,9.738],[77.559,9.734],[77.558,9.73],[77.557,9.726],[77.554,9.723],[77.554,9.717],[77.552,9.712],[77.547,9.707],[77.546,9.7],[77.546,9.697],[77.541,9.695],[77.539,9.689],[77.537,9.682],[77.535,9.675],[77.53,9.671],[77.528,9.666],[77.525,9.663],[77.522,9.66],[77.515,9.656],[77.512,9.653],[77.504,9.65],[77.505,9.643],[77.506,9.638],[77.5,9.631],[77.495,9.624],[77.49,9.618],[77.486,9.608],[77.48,9.601],[77.474,9.596],[77.467,9.584],[77.466,9.576],[77.474,9.572],[77.476,9.564],[77.48,9.565],[77.483,9.568],[77.487,9.571],[77.491,9.574],[77.495,9.574],[77.498,9.575],[77.498,9.58],[77.498,9.585],[77.498,9.589],[77.499,9.594],[77.502,9.598],[77.506,9.6],[77.51,9.605],[77.511,9.608],[77.513,9.61],[77.514,9.613],[77.517,9.617],[77.517,9.622],[77.517,9.627],[77.518,9.629],[77.52,9.633],[77.519,9.636],[77.522,9.639],[77.524,9.642],[77.526,9.644],[77.528,9.65],[77.533,9.654],[77.536,9.655],[77.536,9.658],[77.542,9.66],[77.546,9.659],[77.546,9.655],[77.545,9.652],[77.544,9.645],[77.552,9.644],[77.554,9.647],[77.559,9.652],[77.562,9.659],[77.564,9.66],[77.569,9.662],[77.575,9.665],[77.58,9.667],[77.586,9.667],[77.588,9.674],[77.591,9.679],[77.598,9.686],[77.601,9.69],[77.605,9.695],[77.612,9.697],[77.616,9.697],[77.621,9.701],[77.623,9.702],[77.626,9.703],[77.629,9.704],[77.63,9.703],[77.631,9.701],[77.633,9.703],[77.638,9.703],[77.641,9.705],[77.644,9.705],[77.647,9.701],[77.647,9.697],[77.649,9.699],[77.65,9.693],[77.651,9.691],[77.651,9.688],[77.651,9.686],[77.653,9.683],[77.656,9.681],[77.658,9.68],[77.66,9.681],[77.665,9.679],[77.669,9.679],[77.674,9.681],[77.678,9.683],[77.679,9.678],[77.682,9.678],[77.685,9.679],[77.685,9.681],[77.686,9.685],[77.69,9.69],[77.693,9.691],[77.693,9.695],[77.696,9.698],[77.699,9.699],[77.699,9.694],[77.701,9.691],[77.707,9.691],[77.71,9.694],[77.71,9.701],[77.71,9.705],[77.715,9.7],[77.721,9.696],[77.726,9.693],[77.734,9.693],[77.737,9.691],[77.74,9.69],[77.743,9.688],[77.754,9.684],[77.76,9.683],[77.765,9.674],[77.767,9.668],[77.768,9.661],[77.767,9.655],[77.771,9.648],[77.776,9.64],[77.803,9.642],[77.809,9.64],[77.814,9.641],[77.822,9.64],[77.829,9.636],[77.84,9.636],[77.843,9.636],[77.849,9.65],[77.855,9.648],[77.869,9.646],[77.874,9.645],[77.879,9.644],[77.883,9.644],[77.886,9.643],[77.893,9.639],[77.894,9.638],[77.895,9.632],[77.897,9.629],[77.9,9.627],[77.902,9.631],[77.906,9.633],[77.911,9.638],[77.92,9.637],[77.922,9.638],[77.922,9.641],[77.924,9.647],[77.929,9.647],[77.933,9.649],[77.94,9.649],[77.944,9.648],[77.946,9.647],[77.95,9.646],[77.953,9.65],[77.956,9.648],[77.959,9.647],[77.964,9.643],[77.963,9.639],[77.967,9.633],[77.972,9.632],[77.975,9.63],[77.98,9.631],[77.986,9.635],[77.989,9.638],[77.993,9.641],[77.998,9.642],[77.999,9.645],[78.007,9.648],[78.011,9.641],[78.015,9.643],[78.017,9.648],[78.019,9.651],[78.021,9.651],[78.022,9.654],[78.026,9.66],[78.031,9.661],[78.038,9.675],[78.041,9.679],[78.049,9.677],[78.061,9.671],[78.061,9.667],[78.062,9.662],[78.07,9.662],[78.078,9.661],[78.082,9.663],[78.082,9.67],[78.08,9.675],[78.085,9.676],[78.087,9.679],[78.087,9.681],[78.086,9.684],[78.085,9.686],[78.083,9.688],[78.084,9.691],[78.083,9.694],[78.079,9.696],[78.077,9.701],[78.08,9.708],[78.077,9.709],[78.075,9.711],[78.074,9.717],[78.071,9.719],[78.071,9.722],[78.068,9.725],[78.072,9.731],[78.072,9.733],[78.071,9.735],[78.07,9.737],[78.068,9.739],[78.065,9.739],[78.062,9.742],[78.062,9.744],[78.064,9.748],[78.066,9.751],[78.068,9.753],[78.07,9.752],[78.074,9.752],[78.076,9.75],[78.082,9.755],[78.088,9.757],[78.099,9.756],[78.102,9.757],[78.103,9.769],[78.089,9.777],[78.089,9.78],[78.099,9.78],[78.103,9.784],[78.105,9.786],[78.118,9.777],[78.126,9.771],[78.129,9.766],[78.137,9.763],[78.138,9.771],[78.14,9.781],[78.144,9.783],[78.146,9.794],[78.14,9.798],[78.14,9.806],[78.146,9.808],[78.16,9.802],[78.169,9.798],[78.171,9.794],[78.168,9.783],[78.161,9.776],[78.174,9.776],[78.176,9.772],[78.179,9.779],[78.182,9.79],[78.188,9.795],[78.193,9.805],[78.191,9.809],[78.189,9.812],[78.188,9.815],[78.182,9.82],[78.18,9.822],[78.172,9.826],[78.159,9.829],[78.152,9.828],[78.153,9.823],[78.148,9.819],[78.143,9.813],[78.138,9.811],[78.134,9.812],[78.128,9.814],[78.129,9.815],[78.131,9.819],[78.132,9.826],[78.131,9.828],[78.132,9.833],[78.127,9.84],[78.123,9.849],[78.129,9.852],[78.141,9.851],[78.147,9.853],[78.154,9.859],[78.151,9.87],[78.151,9.874],[78.155,9.873],[78.157,9.875],[78.171,9.873],[78.177,9.87],[78.181,9.869],[78.186,9.87],[78.191,9.87],[78.199,9.87],[78.201,9.873],[78.206,9.876],[78.211,9.874],[78.217,9.869],[78.222,9.864],[78.225,9.861],[78.229,9.864],[78.235,9.862],[78.241,9.86],[78.245,9.855],[78.241,9.851],[78.24,9.845],[78.247,9.837],[78.252,9.835],[78.256,9.835],[78.262,9.848],[78.267,9.855],[78.264,9.858],[78.257,9.863],[78.25,9.874],[78.263,9.87],[78.276,9.871],[78.287,9.87],[78.29,9.866],[78.293,9.862],[78.298,9.862],[78.303,9.863],[78.31,9.871],[78.312,9.881],[78.315,9.89],[78.311,9.895],[78.311,9.902],[78.314,9.911],[78.314,9.92],[78.316,9.924],[78.319,9.927],[78.328,9.928],[78.333,9.931],[78.335,9.936],[78.339,9.939],[78.344,9.938],[78.345,9.94],[78.347,9.939],[78.35,9.937],[78.352,9.94],[78.356,9.936],[78.365,9.934],[78.37,9.939],[78.369,9.948],[78.37,9.957],[78.372,9.961],[78.373,9.962],[78.375,9.959],[78.376,9.959],[78.378,9.961],[78.381,9.956],[78.385,9.956],[78.389,9.952],[78.399,9.954],[78.414,9.957],[78.423,9.96],[78.44,9.964],[78.448,9.966],[78.456,9.972],[78.451,9.984],[78.449,9.99],[78.449,9.991],[78.453,9.992],[78.456,9.992],[78.455,9.995],[78.457,10.001],[78.458,10.005],[78.458,10.008],[78.458,10.01],[78.458,10.012],[78.456,10.013],[78.456,10.015],[78.456,10.018],[78.454,10.02],[78.449,10.022],[78.448,10.025],[78.445,10.024],[78.445,10.027],[78.447,10.029],[78.444,10.033],[78.441,10.035],[78.436,10.035],[78.431,10.038],[78.429,10.043],[78.428,10.045],[78.428,10.052],[78.432,10.055],[78.438,10.061],[78.444,10.06],[78.446,10.059],[78.449,10.06],[78.453,10.06],[78.455,10.064],[78.454,10.07],[78.458,10.071],[78.461,10.07],[78.463,10.076],[78.462,10.079],[78.458,10.087],[78.459,10.093],[78.457,10.1],[78.459,10.103],[78.465,10.107],[78.468,10.109],[78.472,10.113],[78.473,10.116],[78.474,10.122],[78.472,10.121],[78.47,10.121],[78.464,10.121],[78.462,10.124],[78.458,10.124],[78.456,10.122],[78.455,10.12],[78.452,10.119],[78.451,10.119],[78.45,10.122],[78.446,10.125],[78.442,10.129],[78.44,10.131],[78.439,10.131],[78.438,10.132],[78.434,10.133],[78.433,10.134],[78.432,10.135],[78.43,10.134],[78.431,10.133],[78.432,10.131],[78.43,10.128],[78.428,10.125],[78.425,10.122],[78.424,10.126],[78.425,10.129],[78.425,10.133],[78.419,10.132],[78.417,10.132],[78.416,10.134],[78.411,10.136],[78.405,10.138],[78.403,10.141],[78.405,10.146],[78.407,10.15],[78.411,10.156],[78.412,10.161],[78.408,10.162],[78.406,10.163],[78.399,10.167],[78.398,10.169],[78.396,10.172],[78.395,10.174],[78.397,10.181],[78.4,10.185],[78.401,10.186],[78.403,10.19],[78.404,10.192],[78.405,10.2],[78.407,10.203],[78.41,10.208],[78.412,10.212],[78.412,10.213],[78.409,10.215],[78.409,10.217],[78.407,10.22],[78.407,10.224],[78.404,10.225],[78.402,10.226],[78.398,10.226],[78.397,10.228],[78.395,10.234],[78.393,10.239],[78.393,10.243],[78.394,10.247],[78.395,10.248],[78.398,10.249],[78.406,10.251],[78.41,10.256],[78.416,10.257],[78.425,10.258],[78.425,10.261],[78.424,10.268],[78.424,10.271],[78.421,10.271],[78.419,10.272],[78.417,10.275],[78.414,10.274],[78.412,10.274],[78.408,10.274],[78.405,10.276],[78.4,10.273],[78.397,10.273],[78.393,10.273],[78.391,10.273],[78.388,10.27],[78.387,10.271],[78.387,10.273],[78.384,10.274],[78.385,10.276],[78.384,10.283],[78.384,10.29],[78.382,10.292],[78.382,10.294],[78.383,10.292],[78.384,10.291],[78.386,10.289],[78.387,10.291],[78.388,10.293],[78.387,10.293],[78.387,10.294],[78.389,10.296],[78.391,10.297],[78.39,10.303],[78.388,10.303],[78.384,10.304],[78.382,10.306],[78.38,10.306],[78.38,10.308],[78.379,10.31]]]}},{"type":"Feature","properties":{"district":"The Nilgiris"},"geometry":{"type":"MultiPolygon","coordinates":[[[[76.847,11.594],[76.845,11.596],[76.842,11.597],[76.839,11.597],[76.834,11.6],[76.831,11.602],[76.828,11.605],[76.821,11.607],[76.819,11.605],[76.815,11.606],[76.811,11.608],[76.805,11.608],[76.802,11.608],[76.797,11.608],[76.793,11.612],[76.79,11.613],[76.787,11.612],[76.783,11.612],[76.776,11.612],[76.772,11.615],[76.769,11.615],[76.765,11.614],[76.761,11.616],[76.759,11.618],[76.755,11.618],[76.754,11.617],[76.751,11.616],[76.748,11.614],[76.741,11.614],[76.733,11.615],[76.723,11.615],[76.712,11.615],[76.704,11.615],[76.697,11.615],[76.692,11.614],[76.689,11.615],[76.682,11.614],[76.672,11.616],[76.661,11.615],[76.655,11.614],[76.649,11.613],[76.645,11.614],[76.641,11.613],[76.637,11.614],[76.635,11.614],[76.63,11.614],[76.625,11.612],[76.618,11.609],[76.615,11.608],[76.614,11.608],[76.614,11.609],[76.612,11.609],[76.611,11.611],[76.607,11.611],[76.605,11.611],[76.601,11.611],[76.598,11.611],[76.597,11.612],[76.597,11.614],[76.596,11.616],[76.594,11.617],[76.592,11.619],[76.59,11.618],[76.584,11.614],[76.58,11.615],[76.579,11.616],[76.577,11.615],[76.576,11.615],[76.576,11.616],[76.575,11.619],[76.573,11.619],[76.57,11.619],[76.568,11.619],[76.567,11.619],[76.565,11.621],[76.563,11.623],[76.56,11.622],[76.561,11.626],[76.562,11.629],[76.561,11.631],[76.561,11.633],[76.56,11.633],[76.558,11.637],[76.559,11.639],[76.558,11.639],[76.557,11.641],[76.555,11.643],[76.555,11.645],[76.554,11.646],[76.553,11.648],[76.554,11.649],[76.554,11.651],[76.555,11.653],[76.554,11.656],[76.553,11.658],[76.552,11.659],[76.55,11.662],[76.55,11.666],[76.551,11.67],[76.551,11.672],[76.551,11.673],[76.545,11.681],[76.539,11.689],[76.527,11.697],[76.515,11.703],[76.51,11.704],[76.504,11.699],[76.501,11.699],[76.499,11.696],[76.497,11.694],[76.496,11.694],[76.494,11.693],[76.492,11.693],[76.489,11.691],[76.488,11.692],[76.487,11.692],[76.484,11.693],[76.483,11.693],[76.482,11.693],[76.483,11.69],[76.483,11.688],[76.483,11.687],[76.481,11.685],[76.478,11.684],[76.477,11.683],[76.476,11.682],[76.474,11.681],[76.472,11.678],[76.469,11.676],[76.468,11.675],[76.467,11.673],[76.465,11.671],[76.462,11.669],[76.461,11.668],[76.459,11.666],[76.458,11.666],[76.458,11.665],[76.458,11.664],[76.457,11.665],[76.457,11.665],[76.456,11.665],[76.455,11.666],[76.455,11.665],[76.454,11.665],[76.454,11.665],[76.454,11.665],[76.453,11.665],[76.453,11.665],[76.452,11.665],[76.451,11.665],[76.451,11.664],[76.45,11.664],[76.449,11.666],[76.449,11.665],[76.448,11.664],[76.446,11.665],[76.446,11.665],[76.444,11.664],[76.443,11.664],[76.442,11.664],[76.441,11.664],[76.441,11.665],[76.44,11.666],[76.44,11.665],[76.439,11.665],[76.437,11.665],[76.436,11.665],[76.435,11.666],[76.434,11.666],[76.433,11.667],[76.432,11.666],[76.432,11.666],[76.433,11.662],[76.434,11.659],[76.435,11.657],[76.436,11.654],[76.438,11.653],[76.439,11.653],[76.441,11.651],[76.442,11.65],[76.443,11.65],[76.444,11.648],[76.444,11.646],[76.441,11.641],[76.434,11.636],[76.431,11.631],[76.426,11.634],[76.416,11.634],[76.408,11.634],[76.396,11.632],[76.386,11.628],[76.384,11.614],[76.378,11.604],[76.367,11.598],[76.357,11.592],[76.347,11.589],[76.34,11.589],[76.331,11.593],[76.318,11.582],[76.307,11.575],[76.3,11.578],[76.296,11.59],[76.293,11.59],[76.286,11.59],[76.279,11.601],[76.274,11.594],[76.264,11.591],[76.263,11.59],[76.261,11.59],[76.261,11.589],[76.26,11.589],[76.258,11.588],[76.256,11.587],[76.254,11.585],[76.253,11.585],[76.252,11.583],[76.25,11.582],[76.248,11.58],[76.246,11.579],[76.244,11.578],[76.243,11.577],[76.241,11.575],[76.239,11.576],[76.237,11.574],[76.234,11.571],[76.233,11.569],[76.235,11.567],[76.236,11.565],[76.238,11.561],[76.24,11.558],[76.241,11.556],[76.242,11.556],[76.244,11.554],[76.243,11.553],[76.243,11.549],[76.246,11.546],[76.246,11.541],[76.247,11.541],[76.25,11.537],[76.251,11.538],[76.251,11.536],[76.25,11.532],[76.25,11.528],[76.25,11.528],[76.247,11.527],[76.244,11.526],[76.243,11.526],[76.241,11.527],[76.24,11.528],[76.239,11.527],[76.24,11.524],[76.245,11.517],[76.249,11.51],[76.25,11.504],[76.252,11.501],[76.25,11.497],[76.248,11.469],[76.263,11.48],[76.268,11.481],[76.27,11.478],[76.278,11.479],[76.283,11.481],[76.294,11.473],[76.293,11.47],[76.294,11.466],[76.296,11.466],[76.305,11.468],[76.31,11.464],[76.319,11.458],[76.325,11.453],[76.329,11.456],[76.332,11.459],[76.337,11.462],[76.339,11.463],[76.342,11.467],[76.347,11.464],[76.359,11.459],[76.372,11.453],[76.379,11.449],[76.391,11.439],[76.407,11.438],[76.419,11.442],[76.418,11.42],[76.457,11.392],[76.462,11.387],[76.48,11.382],[76.494,11.378],[76.509,11.374],[76.516,11.362],[76.523,11.356],[76.548,11.345],[76.54,11.317],[76.546,11.3],[76.527,11.289],[76.524,11.278],[76.513,11.268],[76.489,11.259],[76.466,11.245],[76.452,11.235],[76.452,11.227],[76.439,11.199],[76.466,11.193],[76.484,11.211],[76.487,11.211],[76.495,11.211],[76.503,11.212],[76.509,11.212],[76.514,11.206],[76.522,11.202],[76.529,11.199],[76.534,11.197],[76.548,11.199],[76.572,11.202],[76.581,11.204],[76.587,11.205],[76.597,11.206],[76.617,11.199],[76.625,11.196],[76.63,11.194],[76.635,11.198],[76.644,11.204],[76.648,11.206],[76.653,11.21],[76.657,11.211],[76.665,11.215],[76.672,11.219],[76.679,11.222],[76.685,11.228],[76.685,11.231],[76.686,11.235],[76.69,11.236],[76.695,11.239],[76.701,11.239],[76.707,11.24],[76.704,11.243],[76.701,11.246],[76.701,11.25],[76.7,11.255],[76.706,11.263],[76.711,11.26],[76.723,11.254],[76.738,11.247],[76.747,11.252],[76.756,11.25],[76.752,11.254],[76.756,11.255],[76.762,11.259],[76.764,11.261],[76.765,11.261],[76.767,11.264],[76.768,11.266],[76.767,11.268],[76.768,11.27],[76.769,11.274],[76.769,11.278],[76.765,11.284],[76.769,11.29],[76.772,11.288],[76.776,11.286],[76.78,11.286],[76.783,11.283],[76.786,11.281],[76.789,11.28],[76.79,11.279],[76.791,11.281],[76.795,11.287],[76.798,11.294],[76.801,11.296],[76.808,11.299],[76.811,11.295],[76.816,11.291],[76.823,11.292],[76.824,11.291],[76.826,11.291],[76.828,11.291],[76.83,11.293],[76.843,11.287],[76.846,11.292],[76.848,11.293],[76.851,11.294],[76.854,11.296],[76.855,11.301],[76.854,11.305],[76.855,11.306],[76.856,11.305],[76.86,11.305],[76.86,11.31],[76.857,11.314],[76.855,11.318],[76.859,11.321],[76.86,11.324],[76.858,11.326],[76.855,11.325],[76.853,11.326],[76.852,11.328],[76.855,11.333],[76.851,11.334],[76.848,11.336],[76.848,11.337],[76.849,11.34],[76.852,11.342],[76.854,11.341],[76.855,11.345],[76.856,11.345],[76.857,11.346],[76.858,11.345],[76.86,11.347],[76.862,11.347],[76.865,11.346],[76.869,11.345],[76.868,11.346],[76.865,11.347],[76.863,11.35],[76.864,11.353],[76.866,11.353],[76.868,11.355],[76.869,11.354],[76.874,11.352],[76.876,11.355],[76.878,11.358],[76.88,11.356],[76.883,11.353],[76.884,11.352],[76.887,11.355],[76.888,11.359],[76.89,11.362],[76.89,11.365],[76.893,11.366],[76.896,11.364],[76.898,11.363],[76.9,11.361],[76.903,11.359],[76.902,11.354],[76.905,11.351],[76.911,11.353],[76.913,11.354],[76.919,11.356],[76.922,11.359],[76.925,11.359],[76.925,11.36],[76.93,11.361],[76.933,11.361],[76.932,11.358],[76.933,11.356],[76.935,11.358],[76.938,11.36],[76.941,11.364],[76.95,11.367],[76.944,11.366],[76.936,11.367],[76.935,11.37],[76.929,11.368],[76.93,11.371],[76.933,11.376],[76.942,11.377],[76.951,11.377],[76.957,11.381],[76.963,11.387],[76.968,11.394],[76.978,11.398],[76.981,11.402],[76.977,11.407],[76.976,11.413],[76.977,11.418],[76.979,11.426],[76.98,11.432],[76.982,11.436],[76.983,11.44],[76.988,11.44],[76.994,11.441],[76.998,11.441],[76.998,11.437],[77.001,11.435],[77.01,11.438],[77.012,11.445],[77.012,11.452],[77.01,11.456],[77.008,11.458],[77.004,11.464],[76.999,11.475],[76.997,11.478],[76.993,11.48],[76.991,11.481],[76.988,11.477],[76.983,11.474],[76.979,11.471],[76.975,11.47],[76.971,11.469],[76.949,11.479],[76.936,11.485],[76.938,11.497],[76.935,11.502],[76.94,11.515],[76.945,11.519],[76.941,11.521],[76.939,11.524],[76.929,11.526],[76.92,11.53],[76.912,11.525],[76.909,11.528],[76.902,11.527],[76.891,11.526],[76.878,11.524],[76.87,11.519],[76.866,11.52],[76.865,11.523],[76.864,11.527],[76.864,11.53],[76.865,11.533],[76.865,11.538],[76.863,11.544],[76.853,11.554],[76.849,11.561],[76.842,11.565],[76.839,11.566],[76.839,11.57],[76.834,11.571],[76.83,11.572],[76.832,11.574],[76.835,11.574],[76.837,11.579],[76.838,11.582],[76.842,11.582],[76.843,11.586],[76.846,11.583],[76.846,11.584],[76.847,11.588],[76.848,11.592],[76.847,11.594]]],[[[77.001,11.517],[77,11.516],[77,11.516],[77.001,11.514],[77.002,11.514],[77.004,11.513],[77.004,11.514],[77.004,11.515],[77.005,11.517],[77.001,11.517]]],[[[76.952,11.548],[76.953,11.555],[76.949,11.552],[76.952,11.548]]]]}},{"type":"Feature","properties":{"district":"Namakkal"},"geometry":{"type":"Polygon","coordinates":[[[78.486,11.407],[78.49,11.414],[78.481,11.41],[78.477,11.405],[78.471,11.408],[78.461,11.405],[78.454,11.401],[78.447,11.398],[78.438,11.39],[78.431,11.386],[78.427,11.386],[78.44,11.398],[78.445,11.405],[78.444,11.411],[78.448,11.427],[78.45,11.432],[78.453,11.432],[78.454,11.434],[78.456,11.437],[78.458,11.438],[78.448,11.439],[78.444,11.448],[78.44,11.458],[78.433,11.464],[78.427,11.47],[78.432,11.476],[78.436,11.485],[78.435,11.492],[78.437,11.495],[78.448,11.497],[78.456,11.501],[78.461,11.499],[78.465,11.502],[78.465,11.505],[78.471,11.528],[78.46,11.534],[78.463,11.539],[78.454,11.542],[78.459,11.556],[78.459,11.563],[78.453,11.566],[78.449,11.569],[78.451,11.585],[78.449,11.597],[78.434,11.597],[78.425,11.592],[78.41,11.588],[78.398,11.587],[78.388,11.587],[78.381,11.576],[78.375,11.582],[78.375,11.586],[78.374,11.585],[78.371,11.579],[78.366,11.578],[78.361,11.571],[78.36,11.567],[78.357,11.562],[78.351,11.554],[78.349,11.549],[78.344,11.546],[78.345,11.542],[78.34,11.539],[78.33,11.532],[78.327,11.535],[78.31,11.541],[78.324,11.543],[78.324,11.553],[78.32,11.563],[78.307,11.565],[78.315,11.574],[78.312,11.588],[78.307,11.588],[78.303,11.589],[78.297,11.587],[78.289,11.584],[78.279,11.58],[78.269,11.575],[78.265,11.571],[78.274,11.566],[78.268,11.561],[78.259,11.559],[78.252,11.556],[78.243,11.553],[78.226,11.561],[78.212,11.564],[78.203,11.561],[78.193,11.552],[78.178,11.549],[78.174,11.547],[78.165,11.548],[78.164,11.544],[78.162,11.543],[78.161,11.54],[78.154,11.539],[78.148,11.539],[78.145,11.539],[78.139,11.542],[78.138,11.543],[78.133,11.541],[78.133,11.538],[78.13,11.539],[78.126,11.542],[78.122,11.539],[78.119,11.54],[78.116,11.543],[78.114,11.548],[78.11,11.55],[78.11,11.556],[78.103,11.556],[78.099,11.554],[78.099,11.552],[78.095,11.547],[78.091,11.546],[78.087,11.548],[78.085,11.554],[78.083,11.553],[78.083,11.551],[78.082,11.549],[78.08,11.548],[78.078,11.546],[78.078,11.544],[78.077,11.542],[78.076,11.54],[78.076,11.534],[78.076,11.53],[78.078,11.527],[78.079,11.525],[78.076,11.524],[78.075,11.523],[78.072,11.523],[78.07,11.525],[78.071,11.528],[78.069,11.527],[78.069,11.525],[78.068,11.523],[78.067,11.522],[78.065,11.523],[78.063,11.522],[78.06,11.517],[78.06,11.52],[78.059,11.522],[78.055,11.518],[78.054,11.514],[78.053,11.514],[78.044,11.515],[78.045,11.52],[78.042,11.52],[78.036,11.522],[78.035,11.523],[78.034,11.525],[78.034,11.527],[78.035,11.529],[78.027,11.53],[78.024,11.527],[78.018,11.53],[78.01,11.527],[78.004,11.525],[78.001,11.526],[77.994,11.526],[77.989,11.527],[77.984,11.529],[77.981,11.53],[77.978,11.531],[77.977,11.53],[77.976,11.525],[77.973,11.517],[77.972,11.516],[77.973,11.515],[77.974,11.513],[77.972,11.509],[77.974,11.504],[77.976,11.503],[77.976,11.499],[77.975,11.496],[77.974,11.493],[77.973,11.489],[77.973,11.486],[77.973,11.483],[77.973,11.478],[77.974,11.475],[77.972,11.471],[77.971,11.468],[77.967,11.47],[77.963,11.469],[77.957,11.469],[77.953,11.47],[77.95,11.472],[77.948,11.473],[77.948,11.472],[77.947,11.468],[77.945,11.465],[77.943,11.462],[77.938,11.46],[77.933,11.46],[77.93,11.458],[77.928,11.459],[77.925,11.462],[77.925,11.459],[77.924,11.457],[77.924,11.454],[77.922,11.452],[77.919,11.453],[77.916,11.457],[77.914,11.458],[77.915,11.455],[77.912,11.452],[77.913,11.449],[77.913,11.444],[77.91,11.441],[77.912,11.436],[77.911,11.435],[77.911,11.432],[77.909,11.429],[77.911,11.424],[77.909,11.423],[77.908,11.426],[77.903,11.425],[77.899,11.42],[77.897,11.421],[77.89,11.42],[77.89,11.424],[77.88,11.423],[77.879,11.421],[77.878,11.416],[77.877,11.414],[77.874,11.416],[77.87,11.416],[77.868,11.416],[77.864,11.418],[77.865,11.42],[77.864,11.424],[77.862,11.42],[77.859,11.418],[77.855,11.415],[77.852,11.417],[77.851,11.419],[77.85,11.423],[77.848,11.423],[77.848,11.427],[77.847,11.43],[77.85,11.435],[77.847,11.434],[77.845,11.437],[77.842,11.44],[77.839,11.441],[77.834,11.44],[77.83,11.441],[77.827,11.443],[77.821,11.445],[77.821,11.449],[77.826,11.451],[77.83,11.454],[77.834,11.461],[77.831,11.463],[77.831,11.468],[77.828,11.47],[77.823,11.471],[77.82,11.468],[77.817,11.468],[77.815,11.47],[77.813,11.469],[77.811,11.469],[77.808,11.468],[77.811,11.467],[77.815,11.468],[77.815,11.465],[77.815,11.459],[77.808,11.459],[77.805,11.456],[77.804,11.45],[77.803,11.449],[77.798,11.452],[77.796,11.447],[77.784,11.451],[77.785,11.455],[77.786,11.459],[77.787,11.462],[77.789,11.463],[77.791,11.466],[77.788,11.47],[77.787,11.474],[77.785,11.478],[77.778,11.479],[77.773,11.483],[77.769,11.481],[77.766,11.478],[77.765,11.472],[77.765,11.467],[77.761,11.451],[77.748,11.448],[77.74,11.445],[77.732,11.445],[77.727,11.449],[77.721,11.453],[77.714,11.451],[77.709,11.449],[77.708,11.457],[77.712,11.464],[77.707,11.463],[77.7,11.463],[77.694,11.455],[77.687,11.442],[77.683,11.426],[77.691,11.413],[77.7,11.399],[77.706,11.393],[77.717,11.378],[77.729,11.371],[77.736,11.369],[77.744,11.362],[77.751,11.354],[77.752,11.347],[77.756,11.338],[77.765,11.328],[77.777,11.315],[77.783,11.302],[77.786,11.297],[77.792,11.292],[77.796,11.284],[77.806,11.269],[77.82,11.263],[77.835,11.262],[77.849,11.256],[77.857,11.251],[77.864,11.243],[77.866,11.236],[77.868,11.227],[77.87,11.22],[77.869,11.21],[77.864,11.2],[77.861,11.188],[77.863,11.18],[77.873,11.169],[77.879,11.164],[77.885,11.15],[77.884,11.146],[77.883,11.133],[77.882,11.121],[77.885,11.113],[77.887,11.101],[77.887,11.09],[77.89,11.082],[77.898,11.076],[77.909,11.073],[77.92,11.072],[77.929,11.071],[77.938,11.067],[77.947,11.066],[77.964,11.075],[77.977,11.086],[77.983,11.091],[77.989,11.095],[77.997,11.097],[78.003,11.095],[78.025,11.091],[78.032,11.088],[78.043,11.083],[78.048,11.079],[78.059,11.075],[78.079,11.078],[78.094,11.077],[78.105,11.073],[78.116,11.063],[78.123,11.056],[78.125,11.053],[78.126,11.052],[78.13,11.049],[78.132,11.047],[78.135,11.044],[78.135,11.042],[78.138,11.041],[78.141,11.04],[78.145,11.037],[78.147,11.035],[78.15,11.031],[78.16,11.023],[78.165,11.014],[78.168,11.013],[78.174,11.014],[78.179,11.016],[78.18,11.017],[78.184,11.02],[78.188,11.02],[78.191,11.022],[78.193,11.022],[78.194,11.023],[78.197,11.025],[78.197,11.027],[78.199,11.029],[78.197,11.03],[78.197,11.034],[78.197,11.036],[78.196,11.041],[78.196,11.044],[78.197,11.044],[78.196,11.046],[78.194,11.046],[78.192,11.045],[78.189,11.044],[78.188,11.044],[78.186,11.044],[78.185,11.043],[78.185,11.042],[78.183,11.042],[78.181,11.042],[78.181,11.043],[78.179,11.043],[78.179,11.043],[78.176,11.043],[78.172,11.045],[78.17,11.045],[78.168,11.045],[78.166,11.045],[78.164,11.046],[78.163,11.047],[78.164,11.049],[78.165,11.051],[78.166,11.052],[78.167,11.052],[78.169,11.055],[78.174,11.059],[78.175,11.061],[78.179,11.065],[78.183,11.07],[78.185,11.068],[78.188,11.067],[78.19,11.066],[78.192,11.065],[78.194,11.065],[78.197,11.067],[78.198,11.067],[78.199,11.069],[78.201,11.073],[78.202,11.075],[78.204,11.075],[78.205,11.073],[78.207,11.07],[78.209,11.07],[78.21,11.069],[78.213,11.069],[78.216,11.068],[78.218,11.067],[78.221,11.065],[78.222,11.061],[78.221,11.058],[78.224,11.057],[78.224,11.056],[78.229,11.055],[78.23,11.057],[78.23,11.061],[78.234,11.063],[78.235,11.064],[78.237,11.066],[78.236,11.069],[78.236,11.07],[78.234,11.071],[78.236,11.073],[78.236,11.074],[78.235,11.075],[78.235,11.076],[78.235,11.079],[78.233,11.082],[78.232,11.083],[78.23,11.084],[78.229,11.085],[78.229,11.09],[78.231,11.095],[78.239,11.094],[78.244,11.093],[78.248,11.092],[78.252,11.088],[78.254,11.082],[78.256,11.075],[78.266,11.07],[78.27,11.074],[78.273,11.078],[78.28,11.079],[78.288,11.077],[78.304,11.068],[78.318,11.061],[78.326,11.049],[78.328,11.036],[78.34,11.027],[78.345,11.026],[78.35,11.036],[78.35,11.044],[78.36,11.047],[78.362,11.057],[78.362,11.065],[78.349,11.073],[78.342,11.083],[78.34,11.093],[78.324,11.097],[78.334,11.104],[78.34,11.109],[78.346,11.119],[78.347,11.129],[78.346,11.138],[78.349,11.137],[78.358,11.138],[78.368,11.137],[78.376,11.135],[78.38,11.137],[78.381,11.147],[78.379,11.169],[78.377,11.174],[78.387,11.177],[78.385,11.181],[78.381,11.187],[78.4,11.195],[78.414,11.206],[78.42,11.212],[78.42,11.221],[78.426,11.229],[78.43,11.243],[78.437,11.257],[78.438,11.267],[78.444,11.272],[78.451,11.288],[78.456,11.305],[78.465,11.313],[78.456,11.332],[78.447,11.337],[78.459,11.342],[78.459,11.362],[78.483,11.398],[78.486,11.407]]]}},{"type":"Feature","properties":{"district":"Perambalur"},"geometry":{"type":"Polygon","coordinates":[[[78.878,11.508],[78.872,11.515],[78.863,11.519],[78.854,11.523],[78.84,11.52],[78.83,11.507],[78.815,11.508],[78.812,11.499],[78.809,11.49],[78.81,11.482],[78.798,11.475],[78.794,11.461],[78.79,11.454],[78.797,11.45],[78.805,11.446],[78.819,11.433],[78.822,11.428],[78.817,11.42],[78.812,11.411],[78.806,11.404],[78.801,11.402],[78.799,11.384],[78.791,11.388],[78.786,11.392],[78.781,11.403],[78.771,11.413],[78.765,11.422],[78.757,11.435],[78.743,11.443],[78.72,11.454],[78.7,11.456],[78.657,11.424],[78.656,11.401],[78.658,11.39],[78.676,11.379],[78.672,11.36],[78.657,11.347],[78.634,11.334],[78.661,11.322],[78.678,11.327],[78.69,11.324],[78.735,11.321],[78.738,11.299],[78.75,11.284],[78.73,11.273],[78.724,11.26],[78.71,11.249],[78.713,11.242],[78.71,11.235],[78.705,11.231],[78.704,11.227],[78.709,11.225],[78.713,11.213],[78.706,11.208],[78.706,11.202],[78.699,11.191],[78.69,11.194],[78.68,11.195],[78.674,11.192],[78.672,11.185],[78.666,11.179],[78.664,11.175],[78.658,11.171],[78.651,11.166],[78.653,11.164],[78.657,11.164],[78.662,11.164],[78.668,11.165],[78.672,11.166],[78.675,11.161],[78.677,11.157],[78.679,11.151],[78.68,11.147],[78.68,11.142],[78.681,11.134],[78.685,11.129],[78.687,11.126],[78.688,11.122],[78.687,11.114],[78.691,11.109],[78.694,11.103],[78.695,11.096],[78.699,11.091],[78.7,11.084],[78.701,11.078],[78.703,11.067],[78.71,11.06],[78.712,11.056],[78.718,11.06],[78.72,11.065],[78.72,11.073],[78.728,11.075],[78.736,11.074],[78.743,11.075],[78.745,11.08],[78.745,11.083],[78.741,11.085],[78.738,11.088],[78.737,11.095],[78.735,11.098],[78.734,11.102],[78.737,11.106],[78.739,11.11],[78.745,11.112],[78.748,11.114],[78.758,11.119],[78.765,11.119],[78.779,11.113],[78.793,11.115],[78.803,11.114],[78.81,11.107],[78.807,11.093],[78.808,11.081],[78.822,11.079],[78.839,11.076],[78.841,11.081],[78.844,11.087],[78.853,11.089],[78.864,11.086],[78.872,11.09],[78.877,11.097],[78.882,11.099],[78.886,11.1],[78.898,11.099],[78.913,11.096],[78.919,11.092],[78.926,11.089],[78.938,11.095],[78.945,11.093],[78.954,11.095],[78.972,11.094],[78.984,11.089],[78.985,11.082],[78.991,11.078],[78.998,11.076],[79,11.066],[79.005,11.061],[79.011,11.061],[79.022,11.067],[79.024,11.07],[79.026,11.075],[79.031,11.08],[79.036,11.084],[79.044,11.086],[79.052,11.085],[79.057,11.088],[79.06,11.094],[79.063,11.1],[79.069,11.108],[79.068,11.113],[79.067,11.117],[79.065,11.122],[79.064,11.128],[79.06,11.126],[79.057,11.129],[79.056,11.141],[79.06,11.145],[79.062,11.153],[79.069,11.154],[79.072,11.165],[79.073,11.17],[79.07,11.175],[79.078,11.18],[79.078,11.183],[79.077,11.185],[79.076,11.188],[79.076,11.189],[79.067,11.201],[79.074,11.207],[79.087,11.202],[79.095,11.217],[79.109,11.244],[79.122,11.251],[79.116,11.268],[79.113,11.283],[79.113,11.293],[79.13,11.298],[79.141,11.297],[79.143,11.302],[79.129,11.321],[79.141,11.332],[79.15,11.339],[79.159,11.349],[79.15,11.36],[79.153,11.365],[79.161,11.369],[79.166,11.379],[79.154,11.382],[79.142,11.384],[79.133,11.39],[79.121,11.396],[79.113,11.399],[79.105,11.402],[79.093,11.398],[79.085,11.397],[79.077,11.399],[79.064,11.401],[79.057,11.403],[79.045,11.4],[79.038,11.396],[79.024,11.395],[79.018,11.395],[79.01,11.398],[78.999,11.406],[78.986,11.403],[78.965,11.405],[78.958,11.411],[78.948,11.42],[78.942,11.432],[78.927,11.448],[78.92,11.456],[78.914,11.464],[78.909,11.475],[78.898,11.485],[78.89,11.494],[78.882,11.5],[78.878,11.508]]]}},{"type":"Feature","properties":{"district":"Ramanathapuram"},"geometry":{"type":"MultiPolygon","coordinates":[[[[79.107,9.851],[79.103,9.855],[79.1,9.856],[79.089,9.857],[79.084,9.854],[79.078,9.853],[79.072,9.851],[79.066,9.851],[79.06,9.858],[79.052,9.858],[79.042,9.863],[79.041,9.871],[79.037,9.877],[79.035,9.887],[79.03,9.894],[79.025,9.9],[79.021,9.903],[79.014,9.906],[79.011,9.912],[79.006,9.916],[79,9.927],[78.996,9.939],[78.991,9.943],[78.989,9.94],[78.981,9.942],[78.975,9.942],[78.97,9.943],[78.964,9.943],[78.964,9.941],[78.965,9.94],[78.964,9.931],[78.963,9.926],[78.962,9.923],[78.956,9.92],[78.95,9.919],[78.945,9.918],[78.942,9.919],[78.936,9.922],[78.938,9.931],[78.936,9.932],[78.931,9.932],[78.93,9.926],[78.925,9.927],[78.92,9.926],[78.917,9.927],[78.915,9.921],[78.905,9.919],[78.899,9.915],[78.894,9.913],[78.892,9.908],[78.894,9.907],[78.897,9.9],[78.901,9.895],[78.899,9.891],[78.896,9.888],[78.893,9.882],[78.892,9.88],[78.89,9.879],[78.884,9.88],[78.881,9.883],[78.876,9.886],[78.874,9.883],[78.874,9.88],[78.874,9.879],[78.872,9.876],[78.876,9.875],[78.88,9.874],[78.878,9.871],[78.876,9.866],[78.873,9.859],[78.873,9.856],[78.869,9.853],[78.869,9.847],[78.872,9.843],[78.87,9.84],[78.868,9.837],[78.867,9.835],[78.866,9.831],[78.873,9.829],[78.874,9.825],[78.872,9.821],[78.87,9.819],[78.868,9.817],[78.864,9.813],[78.868,9.806],[78.871,9.804],[78.871,9.801],[78.868,9.801],[78.866,9.798],[78.867,9.79],[78.869,9.789],[78.874,9.785],[78.876,9.786],[78.882,9.786],[78.887,9.786],[78.889,9.781],[78.893,9.774],[78.892,9.771],[78.892,9.768],[78.893,9.763],[78.89,9.754],[78.887,9.753],[78.886,9.749],[78.883,9.747],[78.883,9.745],[78.88,9.748],[78.873,9.756],[78.868,9.758],[78.863,9.76],[78.858,9.765],[78.854,9.764],[78.852,9.76],[78.852,9.751],[78.847,9.744],[78.843,9.745],[78.839,9.748],[78.833,9.75],[78.829,9.75],[78.825,9.75],[78.822,9.749],[78.818,9.745],[78.817,9.743],[78.825,9.736],[78.826,9.733],[78.826,9.731],[78.821,9.731],[78.816,9.731],[78.814,9.736],[78.811,9.739],[78.808,9.741],[78.806,9.747],[78.806,9.756],[78.808,9.76],[78.817,9.761],[78.821,9.76],[78.826,9.769],[78.825,9.772],[78.82,9.774],[78.824,9.776],[78.831,9.78],[78.831,9.785],[78.828,9.793],[78.825,9.79],[78.82,9.784],[78.814,9.78],[78.811,9.785],[78.806,9.788],[78.801,9.789],[78.799,9.794],[78.798,9.795],[78.796,9.794],[78.799,9.786],[78.8,9.784],[78.797,9.784],[78.793,9.782],[78.79,9.782],[78.792,9.779],[78.792,9.778],[78.792,9.777],[78.792,9.775],[78.789,9.773],[78.784,9.766],[78.782,9.762],[78.781,9.761],[78.783,9.768],[78.784,9.78],[78.782,9.795],[78.774,9.787],[78.765,9.785],[78.758,9.781],[78.752,9.78],[78.749,9.781],[78.743,9.779],[78.737,9.78],[78.74,9.775],[78.742,9.772],[78.744,9.761],[78.743,9.759],[78.741,9.759],[78.739,9.759],[78.733,9.758],[78.733,9.754],[78.733,9.75],[78.737,9.747],[78.741,9.745],[78.743,9.732],[78.744,9.72],[78.745,9.708],[78.748,9.707],[78.752,9.715],[78.756,9.717],[78.764,9.717],[78.767,9.718],[78.77,9.718],[78.772,9.719],[78.775,9.719],[78.778,9.719],[78.78,9.718],[78.782,9.713],[78.788,9.708],[78.792,9.705],[78.793,9.706],[78.794,9.705],[78.795,9.704],[78.795,9.702],[78.796,9.698],[78.799,9.697],[78.799,9.692],[78.798,9.689],[78.796,9.684],[78.794,9.682],[78.794,9.675],[78.792,9.673],[78.792,9.672],[78.794,9.671],[78.795,9.669],[78.793,9.664],[78.789,9.662],[78.789,9.659],[78.787,9.654],[78.786,9.653],[78.786,9.652],[78.788,9.651],[78.791,9.649],[78.79,9.647],[78.79,9.646],[78.793,9.644],[78.795,9.643],[78.795,9.641],[78.794,9.637],[78.79,9.637],[78.787,9.636],[78.791,9.634],[78.794,9.632],[78.794,9.631],[78.796,9.625],[78.803,9.621],[78.808,9.626],[78.813,9.624],[78.819,9.622],[78.824,9.62],[78.827,9.616],[78.823,9.606],[78.821,9.6],[78.816,9.599],[78.811,9.6],[78.809,9.598],[78.807,9.599],[78.805,9.597],[78.803,9.598],[78.799,9.597],[78.794,9.596],[78.793,9.596],[78.791,9.595],[78.785,9.595],[78.782,9.594],[78.782,9.592],[78.777,9.59],[78.771,9.589],[78.767,9.59],[78.764,9.593],[78.76,9.593],[78.755,9.593],[78.752,9.591],[78.749,9.588],[78.746,9.589],[78.738,9.589],[78.723,9.59],[78.714,9.592],[78.702,9.593],[78.698,9.598],[78.689,9.601],[78.687,9.606],[78.681,9.599],[78.68,9.594],[78.683,9.588],[78.687,9.586],[78.692,9.581],[78.694,9.577],[78.685,9.564],[78.676,9.557],[78.659,9.547],[78.655,9.538],[78.662,9.534],[78.658,9.524],[78.654,9.521],[78.643,9.527],[78.623,9.535],[78.615,9.539],[78.614,9.543],[78.617,9.55],[78.617,9.557],[78.61,9.557],[78.596,9.563],[78.591,9.565],[78.589,9.571],[78.584,9.573],[78.575,9.575],[78.567,9.571],[78.556,9.575],[78.548,9.575],[78.536,9.576],[78.517,9.583],[78.507,9.593],[78.497,9.598],[78.495,9.601],[78.498,9.602],[78.503,9.611],[78.498,9.611],[78.492,9.61],[78.485,9.61],[78.481,9.613],[78.477,9.613],[78.476,9.616],[78.474,9.623],[78.471,9.628],[78.466,9.633],[78.461,9.636],[78.461,9.634],[78.459,9.629],[78.458,9.62],[78.451,9.617],[78.448,9.619],[78.447,9.615],[78.442,9.615],[78.44,9.614],[78.436,9.609],[78.433,9.607],[78.429,9.606],[78.426,9.601],[78.419,9.6],[78.417,9.598],[78.416,9.594],[78.414,9.59],[78.41,9.588],[78.406,9.59],[78.403,9.591],[78.398,9.595],[78.398,9.587],[78.395,9.585],[78.393,9.581],[78.388,9.58],[78.383,9.58],[78.382,9.579],[78.38,9.578],[78.376,9.576],[78.373,9.573],[78.368,9.57],[78.373,9.57],[78.375,9.564],[78.374,9.558],[78.376,9.555],[78.376,9.548],[78.374,9.545],[78.372,9.543],[78.378,9.539],[78.386,9.538],[78.387,9.532],[78.386,9.527],[78.384,9.522],[78.378,9.516],[78.376,9.51],[78.369,9.507],[78.365,9.512],[78.363,9.512],[78.357,9.51],[78.35,9.511],[78.347,9.511],[78.346,9.507],[78.343,9.504],[78.339,9.496],[78.329,9.495],[78.327,9.488],[78.327,9.484],[78.331,9.48],[78.33,9.473],[78.336,9.472],[78.338,9.47],[78.346,9.472],[78.349,9.469],[78.352,9.467],[78.35,9.46],[78.346,9.464],[78.339,9.468],[78.333,9.469],[78.328,9.464],[78.319,9.467],[78.31,9.464],[78.299,9.457],[78.304,9.452],[78.305,9.446],[78.301,9.442],[78.29,9.444],[78.279,9.447],[78.272,9.449],[78.264,9.447],[78.256,9.446],[78.248,9.446],[78.244,9.446],[78.238,9.446],[78.234,9.446],[78.229,9.445],[78.224,9.446],[78.22,9.447],[78.217,9.443],[78.216,9.435],[78.219,9.432],[78.221,9.429],[78.221,9.426],[78.222,9.423],[78.223,9.417],[78.223,9.411],[78.226,9.41],[78.232,9.41],[78.236,9.409],[78.238,9.41],[78.24,9.409],[78.243,9.407],[78.242,9.401],[78.242,9.399],[78.244,9.396],[78.244,9.394],[78.244,9.391],[78.243,9.387],[78.243,9.382],[78.244,9.381],[78.248,9.381],[78.249,9.379],[78.251,9.377],[78.253,9.376],[78.256,9.374],[78.258,9.375],[78.261,9.379],[78.263,9.384],[78.263,9.387],[78.271,9.386],[78.279,9.386],[78.28,9.39],[78.284,9.39],[78.288,9.389],[78.291,9.391],[78.293,9.39],[78.296,9.387],[78.295,9.382],[78.299,9.385],[78.302,9.385],[78.303,9.382],[78.304,9.377],[78.308,9.376],[78.307,9.374],[78.306,9.371],[78.303,9.366],[78.307,9.362],[78.307,9.356],[78.309,9.347],[78.309,9.344],[78.295,9.341],[78.295,9.335],[78.294,9.332],[78.295,9.33],[78.298,9.327],[78.299,9.326],[78.302,9.324],[78.305,9.327],[78.309,9.329],[78.311,9.333],[78.316,9.335],[78.324,9.332],[78.326,9.336],[78.329,9.339],[78.333,9.349],[78.333,9.354],[78.336,9.354],[78.338,9.354],[78.341,9.354],[78.344,9.354],[78.35,9.354],[78.353,9.356],[78.356,9.358],[78.357,9.356],[78.359,9.352],[78.361,9.35],[78.362,9.343],[78.365,9.339],[78.364,9.334],[78.361,9.33],[78.361,9.326],[78.359,9.324],[78.354,9.314],[78.346,9.309],[78.346,9.307],[78.347,9.299],[78.343,9.294],[78.34,9.288],[78.336,9.282],[78.333,9.28],[78.329,9.276],[78.327,9.276],[78.321,9.279],[78.317,9.282],[78.312,9.282],[78.305,9.282],[78.294,9.283],[78.289,9.283],[78.287,9.285],[78.284,9.284],[78.279,9.278],[78.278,9.276],[78.276,9.268],[78.273,9.257],[78.272,9.255],[78.272,9.246],[78.271,9.238],[78.271,9.229],[78.271,9.219],[78.27,9.208],[78.273,9.203],[78.281,9.204],[78.288,9.206],[78.296,9.205],[78.295,9.198],[78.293,9.188],[78.291,9.178],[78.288,9.171],[78.286,9.168],[78.285,9.164],[78.284,9.162],[78.282,9.16],[78.28,9.157],[78.277,9.151],[78.274,9.146],[78.274,9.142],[78.281,9.139],[78.289,9.136],[78.298,9.135],[78.309,9.134],[78.321,9.131],[78.333,9.126],[78.344,9.121],[78.354,9.118],[78.358,9.114],[78.356,9.108],[78.359,9.1],[78.362,9.102],[78.368,9.1],[78.371,9.099],[78.377,9.1],[78.383,9.098],[78.386,9.096],[78.391,9.099],[78.396,9.103],[78.403,9.108],[78.409,9.111],[78.415,9.115],[78.422,9.117],[78.429,9.119],[78.434,9.12],[78.439,9.121],[78.442,9.122],[78.446,9.123],[78.451,9.124],[78.457,9.126],[78.465,9.127],[78.468,9.128],[78.474,9.128],[78.48,9.128],[78.489,9.129],[78.492,9.13],[78.495,9.132],[78.499,9.132],[78.505,9.134],[78.515,9.136],[78.523,9.137],[78.534,9.138],[78.542,9.138],[78.549,9.138],[78.555,9.137],[78.564,9.136],[78.576,9.131],[78.582,9.135],[78.592,9.142],[78.593,9.142],[78.603,9.147],[78.614,9.151],[78.62,9.152],[78.627,9.154],[78.631,9.155],[78.641,9.156],[78.657,9.158],[78.656,9.159],[78.652,9.159],[78.648,9.164],[78.645,9.167],[78.642,9.17],[78.644,9.18],[78.648,9.186],[78.649,9.186],[78.652,9.188],[78.664,9.194],[78.671,9.195],[78.678,9.196],[78.682,9.196],[78.688,9.195],[78.694,9.194],[78.703,9.191],[78.709,9.191],[78.716,9.189],[78.716,9.198],[78.721,9.205],[78.727,9.209],[78.73,9.21],[78.736,9.213],[78.742,9.213],[78.749,9.215],[78.753,9.216],[78.764,9.221],[78.795,9.23],[78.806,9.237],[78.818,9.238],[78.832,9.244],[78.857,9.253],[78.863,9.255],[78.87,9.255],[78.875,9.257],[78.882,9.255],[78.889,9.254],[78.92,9.264],[78.929,9.268],[78.94,9.27],[78.957,9.273],[78.967,9.274],[78.971,9.274],[78.975,9.274],[78.981,9.275],[78.996,9.274],[78.998,9.272],[79.001,9.272],[79.004,9.272],[79.006,9.272],[79.009,9.271],[79.011,9.271],[79.014,9.271],[79.017,9.27],[79.02,9.27],[79.022,9.269],[79.025,9.269],[79.028,9.268],[79.031,9.268],[79.033,9.267],[79.036,9.267],[79.038,9.266],[79.041,9.266],[79.044,9.265],[79.046,9.265],[79.052,9.263],[79.058,9.263],[79.065,9.262],[79.072,9.262],[79.075,9.262],[79.077,9.262],[79.08,9.261],[79.082,9.262],[79.084,9.262],[79.087,9.262],[79.089,9.262],[79.092,9.262],[79.094,9.263],[79.097,9.263],[79.099,9.264],[79.102,9.264],[79.105,9.265],[79.107,9.265],[79.11,9.266],[79.112,9.267],[79.114,9.268],[79.117,9.269],[79.119,9.27],[79.122,9.271],[79.127,9.272],[79.135,9.273],[79.14,9.273],[79.141,9.275],[79.146,9.277],[79.152,9.277],[79.155,9.276],[79.153,9.276],[79.153,9.278],[79.157,9.278],[79.17,9.28],[79.176,9.281],[79.178,9.282],[79.181,9.282],[79.184,9.282],[79.188,9.282],[79.209,9.282],[79.209,9.282],[79.209,9.282],[79.209,9.282],[79.209,9.282],[79.208,9.282],[79.208,9.282],[79.208,9.282],[79.208,9.281],[79.208,9.281],[79.208,9.281],[79.208,9.281],[79.208,9.281],[79.208,9.281],[79.208,9.281],[79.208,9.281],[79.208,9.281],[79.205,9.278],[79.205,9.278],[79.205,9.278],[79.205,9.278],[79.205,9.278],[79.205,9.278],[79.205,9.278],[79.205,9.278],[79.205,9.278],[79.205,9.278],[79.205,9.278],[79.205,9.278],[79.205,9.278],[79.205,9.278],[79.205,9.277],[79.205,9.277],[79.205,9.277],[79.205,9.277],[79.205,9.277],[79.205,9.277],[79.205,9.277],[79.205,9.277],[79.205,9.277],[79.205,9.277],[79.205,9.277],[79.205,9.277],[79.205,9.276],[79.205,9.276],[79.205,9.276],[79.205,9.276],[79.205,9.276],[79.205,9.276],[79.205,9.276],[79.205,9.276],[79.205,9.276],[79.205,9.276],[79.205,9.276],[79.205,9.276],[79.205,9.276],[79.205,9.275],[79.205,9.275],[79.205,9.275],[79.205,9.275],[79.205,9.275],[79.205,9.275],[79.205,9.275],[79.205,9.275],[79.205,9.275],[79.205,9.275],[79.205,9.275],[79.205,9.275],[79.205,9.275],[79.205,9.275],[79.205,9.275],[79.205,9.275],[79.205,9.275],[79.205,9.274],[79.205,9.274],[79.205,9.274],[79.205,9.274],[79.205,9.274],[79.205,9.274],[79.205,9.274],[79.205,9.274],[79.205,9.274],[79.205,9.274],[79.205,9.274],[79.205,9.274],[79.205,9.274],[79.205,9.274],[79.205,9.274],[79.205,9.273],[79.205,9.273],[79.205,9.273],[79.205,9.273],[79.205,9.273],[79.205,9.273],[79.205,9.273],[79.205,9.273],[79.205,9.273],[79.206,9.273],[79.206,9.273],[79.206,9.273],[79.206,9.273],[79.206,9.273],[79.206,9.273],[79.206,9.273],[79.206,9.273],[79.206,9.273],[79.206,9.273],[79.206,9.273],[79.206,9.273],[79.206,9.273],[79.206,9.273],[79.206,9.273],[79.207,9.273],[79.207,9.273],[79.207,9.273],[79.207,9.273],[79.207,9.273],[79.207,9.273],[79.206,9.273],[79.206,9.273],[79.206,9.273],[79.206,9.273],[79.206,9.273],[79.206,9.273],[79.206,9.273],[79.206,9.273],[79.206,9.273],[79.206,9.273],[79.206,9.273],[79.206,9.273],[79.206,9.273],[79.206,9.273],[79.206,9.274],[79.206,9.274],[79.206,9.274],[79.206,9.274],[79.206,9.274],[79.206,9.274],[79.206,9.274],[79.206,9.274],[79.206,9.274],[79.206,9.274],[79.206,9.274],[79.206,9.274],[79.206,9.274],[79.206,9.274],[79.206,9.274],[79.206,9.274],[79.206,9.275],[79.206,9.275],[79.206,9.275],[79.206,9.275],[79.206,9.275],[79.206,9.275],[79.206,9.275],[79.206,9.275],[79.206,9.275],[79.206,9.275],[79.206,9.275],[79.206,9.275],[79.206,9.275],[79.206,9.275],[79.206,9.275],[79.206,9.275],[79.206,9.275],[79.206,9.275],[79.206,9.275],[79.206,9.275],[79.206,9.275],[79.207,9.275],[79.207,9.275],[79.207,9.275],[79.207,9.275],[79.207,9.275],[79.207,9.275],[79.207,9.275],[79.207,9.275],[79.207,9.275],[79.207,9.275],[79.207,9.275],[79.207,9.275],[79.211,9.274],[79.211,9.274],[79.211,9.274],[79.211,9.274],[79.211,9.274],[79.211,9.274],[79.211,9.274],[79.211,9.274],[79.211,9.274],[79.212,9.274],[79.212,9.274],[79.212,9.274],[79.212,9.274],[79.212,9.274],[79.212,9.274],[79.212,9.274],[79.212,9.274],[79.212,9.274],[79.212,9.274],[79.212,9.274],[79.212,9.274],[79.212,9.274],[79.212,9.274],[79.212,9.274],[79.213,9.274],[79.213,9.274],[79.213,9.274],[79.213,9.274],[79.213,9.274],[79.213,9.274],[79.213,9.274],[79.213,9.273],[79.213,9.273],[79.213,9.273],[79.213,9.273],[79.213,9.273],[79.213,9.273],[79.213,9.273],[79.214,9.273],[79.214,9.273],[79.218,9.271],[79.218,9.271],[79.218,9.271],[79.218,9.271],[79.218,9.271],[79.218,9.271],[79.218,9.271],[79.218,9.271],[79.218,9.271],[79.218,9.271],[79.218,9.271],[79.218,9.271],[79.218,9.271],[79.219,9.271],[79.219,9.271],[79.219,9.271],[79.219,9.27],[79.219,9.27],[79.219,9.27],[79.219,9.27],[79.219,9.27],[79.219,9.27],[79.219,9.27],[79.219,9.27],[79.219,9.27],[79.219,9.27],[79.219,9.27],[79.219,9.27],[79.219,9.27],[79.219,9.27],[79.219,9.27],[79.219,9.27],[79.219,9.269],[79.219,9.269],[79.219,9.269],[79.219,9.269],[79.219,9.269],[79.219,9.269],[79.219,9.269],[79.219,9.269],[79.219,9.269],[79.219,9.269],[79.219,9.269],[79.219,9.269],[79.219,9.269],[79.219,9.269],[79.219,9.269],[79.219,9.269],[79.219,9.269],[79.22,9.269],[79.22,9.269],[79.22,9.268],[79.22,9.268],[79.22,9.268],[79.22,9.268],[79.22,9.268],[79.22,9.268],[79.22,9.268],[79.22,9.268],[79.22,9.268],[79.22,9.268],[79.22,9.268],[79.22,9.268],[79.22,9.268],[79.22,9.268],[79.22,9.268],[79.22,9.268],[79.22,9.268],[79.22,9.268],[79.22,9.268],[79.22,9.268],[79.221,9.268],[79.221,9.267],[79.221,9.267],[79.221,9.267],[79.221,9.267],[79.221,9.267],[79.221,9.267],[79.221,9.267],[79.221,9.267],[79.221,9.267],[79.221,9.267],[79.221,9.267],[79.221,9.267],[79.221,9.267],[79.221,9.267],[79.221,9.267],[79.221,9.267],[79.221,9.267],[79.221,9.267],[79.221,9.266],[79.221,9.266],[79.221,9.266],[79.221,9.266],[79.221,9.266],[79.221,9.266],[79.221,9.266],[79.221,9.266],[79.221,9.266],[79.222,9.266],[79.222,9.266],[79.222,9.266],[79.222,9.266],[79.222,9.266],[79.222,9.266],[79.222,9.266],[79.222,9.266],[79.221,9.265],[79.221,9.265],[79.221,9.265],[79.221,9.265],[79.221,9.265],[79.221,9.265],[79.221,9.265],[79.221,9.265],[79.221,9.265],[79.221,9.265],[79.221,9.265],[79.221,9.265],[79.221,9.265],[79.221,9.264],[79.221,9.264],[79.221,9.264],[79.221,9.264],[79.221,9.264],[79.221,9.264],[79.221,9.264],[79.221,9.264],[79.221,9.264],[79.221,9.264],[79.221,9.264],[79.221,9.264],[79.221,9.264],[79.221,9.264],[79.221,9.264],[79.221,9.264],[79.221,9.264],[79.221,9.263],[79.221,9.263],[79.221,9.263],[79.221,9.263],[79.221,9.263],[79.221,9.263],[79.221,9.263],[79.221,9.263],[79.221,9.263],[79.221,9.263],[79.221,9.263],[79.221,9.263],[79.221,9.263],[79.221,9.263],[79.221,9.263],[79.221,9.262],[79.221,9.262],[79.221,9.262],[79.221,9.262],[79.221,9.262],[79.221,9.262],[79.221,9.262],[79.221,9.262],[79.221,9.262],[79.221,9.262],[79.221,9.262],[79.221,9.262],[79.221,9.262],[79.221,9.262],[79.221,9.262],[79.221,9.261],[79.221,9.261],[79.221,9.261],[79.221,9.261],[79.221,9.261],[79.221,9.261],[79.221,9.261],[79.221,9.261],[79.221,9.261],[79.221,9.261],[79.221,9.261],[79.221,9.261],[79.221,9.261],[79.221,9.26],[79.221,9.26],[79.221,9.26],[79.221,9.26],[79.221,9.26],[79.221,9.26],[79.221,9.26],[79.221,9.26],[79.221,9.26],[79.221,9.26],[79.221,9.26],[79.221,9.26],[79.221,9.26],[79.221,9.26],[79.221,9.26],[79.221,9.259],[79.221,9.259],[79.221,9.259],[79.221,9.259],[79.221,9.259],[79.221,9.259],[79.221,9.259],[79.222,9.259],[79.222,9.259],[79.222,9.259],[79.222,9.259],[79.222,9.259],[79.222,9.259],[79.222,9.259],[79.222,9.259],[79.221,9.259],[79.221,9.259],[79.221,9.259],[79.221,9.259],[79.221,9.259],[79.221,9.259],[79.221,9.259],[79.221,9.259],[79.221,9.259],[79.221,9.259],[79.221,9.259],[79.221,9.259],[79.221,9.258],[79.221,9.258],[79.221,9.258],[79.221,9.258],[79.221,9.258],[79.221,9.258],[79.221,9.258],[79.221,9.258],[79.221,9.258],[79.221,9.258],[79.221,9.258],[79.221,9.258],[79.22,9.258],[79.22,9.258],[79.22,9.258],[79.22,9.258],[79.22,9.258],[79.22,9.258],[79.22,9.258],[79.22,9.258],[79.22,9.258],[79.22,9.258],[79.22,9.258],[79.22,9.257],[79.22,9.257],[79.22,9.257],[79.22,9.257],[79.22,9.257],[79.22,9.257],[79.22,9.257],[79.22,9.257],[79.22,9.257],[79.22,9.257],[79.22,9.257],[79.22,9.257],[79.22,9.257],[79.221,9.257],[79.221,9.257],[79.221,9.258],[79.221,9.258],[79.221,9.258],[79.221,9.258],[79.221,9.258],[79.221,9.258],[79.221,9.258],[79.221,9.258],[79.221,9.258],[79.221,9.258],[79.221,9.258],[79.221,9.258],[79.221,9.258],[79.223,9.259],[79.223,9.259],[79.223,9.259],[79.223,9.259],[79.223,9.259],[79.223,9.259],[79.223,9.259],[79.223,9.259],[79.223,9.259],[79.224,9.259],[79.224,9.259],[79.224,9.259],[79.224,9.259],[79.224,9.259],[79.224,9.259],[79.224,9.259],[79.224,9.259],[79.224,9.259],[79.224,9.259],[79.224,9.259],[79.224,9.259],[79.225,9.259],[79.225,9.259],[79.225,9.259],[79.225,9.259],[79.225,9.259],[79.225,9.259],[79.225,9.259],[79.225,9.259],[79.225,9.259],[79.225,9.259],[79.225,9.259],[79.225,9.259],[79.225,9.259],[79.226,9.259],[79.226,9.259],[79.226,9.259],[79.226,9.259],[79.226,9.259],[79.226,9.259],[79.226,9.259],[79.226,9.259],[79.226,9.259],[79.226,9.259],[79.226,9.259],[79.226,9.259],[79.226,9.259],[79.227,9.259],[79.227,9.259],[79.227,9.259],[79.227,9.259],[79.227,9.259],[79.227,9.26],[79.227,9.26],[79.227,9.26],[79.227,9.26],[79.231,9.26],[79.231,9.26],[79.231,9.26],[79.231,9.26],[79.231,9.26],[79.231,9.26],[79.231,9.26],[79.232,9.26],[79.232,9.26],[79.232,9.26],[79.232,9.26],[79.232,9.26],[79.232,9.26],[79.232,9.26],[79.232,9.26],[79.232,9.26],[79.232,9.26],[79.236,9.26],[79.236,9.26],[79.236,9.26],[79.236,9.26],[79.236,9.26],[79.236,9.26],[79.236,9.26],[79.236,9.26],[79.236,9.26],[79.236,9.26],[79.236,9.26],[79.236,9.26],[79.236,9.26],[79.237,9.26],[79.237,9.26],[79.237,9.26],[79.237,9.26],[79.237,9.26],[79.237,9.26],[79.237,9.26],[79.237,9.26],[79.237,9.26],[79.237,9.26],[79.237,9.26],[79.241,9.26],[79.241,9.26],[79.241,9.26],[79.241,9.26],[79.241,9.26],[79.241,9.26],[79.241,9.26],[79.241,9.26],[79.243,9.26],[79.243,9.26],[79.243,9.26],[79.243,9.26],[79.243,9.26],[79.243,9.26],[79.244,9.26],[79.244,9.26],[79.244,9.26],[79.244,9.26],[79.244,9.26],[79.244,9.26],[79.244,9.26],[79.244,9.26],[79.244,9.26],[79.244,9.26],[79.247,9.26],[79.247,9.26],[79.247,9.26],[79.247,9.26],[79.247,9.26],[79.247,9.26],[79.247,9.26],[79.247,9.26],[79.247,9.26],[79.247,9.26],[79.248,9.26],[79.248,9.26],[79.248,9.26],[79.248,9.26],[79.248,9.26],[79.248,9.26],[79.248,9.26],[79.248,9.26],[79.248,9.26],[79.248,9.26],[79.248,9.26],[79.249,9.26],[79.249,9.26],[79.249,9.26],[79.251,9.26],[79.268,9.257],[79.282,9.253],[79.293,9.249],[79.316,9.238],[79.332,9.23],[79.347,9.221],[79.363,9.211],[79.379,9.201],[79.396,9.19],[79.412,9.18],[79.427,9.169],[79.434,9.163],[79.435,9.158],[79.436,9.164],[79.43,9.171],[79.426,9.176],[79.419,9.181],[79.415,9.185],[79.415,9.186],[79.409,9.191],[79.402,9.198],[79.394,9.204],[79.388,9.209],[79.38,9.214],[79.372,9.219],[79.364,9.227],[79.358,9.233],[79.352,9.238],[79.345,9.244],[79.337,9.25],[79.332,9.254],[79.326,9.261],[79.323,9.266],[79.317,9.275],[79.315,9.281],[79.315,9.283],[79.319,9.287],[79.322,9.29],[79.327,9.295],[79.327,9.299],[79.329,9.302],[79.331,9.303],[79.332,9.304],[79.335,9.309],[79.335,9.312],[79.33,9.32],[79.327,9.321],[79.324,9.323],[79.316,9.327],[79.311,9.328],[79.306,9.326],[79.302,9.324],[79.299,9.322],[79.294,9.321],[79.291,9.32],[79.288,9.317],[79.286,9.316],[79.283,9.314],[79.281,9.313],[79.279,9.31],[79.277,9.307],[79.274,9.304],[79.273,9.302],[79.272,9.298],[79.269,9.294],[79.261,9.292],[79.253,9.291],[79.249,9.292],[79.249,9.292],[79.249,9.292],[79.249,9.292],[79.248,9.292],[79.248,9.292],[79.248,9.292],[79.248,9.292],[79.247,9.292],[79.247,9.292],[79.247,9.292],[79.246,9.292],[79.246,9.292],[79.246,9.292],[79.246,9.292],[79.246,9.292],[79.246,9.292],[79.246,9.292],[79.246,9.292],[79.246,9.292],[79.246,9.292],[79.246,9.292],[79.246,9.292],[79.246,9.292],[79.243,9.293],[79.243,9.293],[79.243,9.293],[79.243,9.293],[79.243,9.293],[79.243,9.293],[79.243,9.293],[79.243,9.293],[79.242,9.293],[79.242,9.293],[79.242,9.293],[79.242,9.293],[79.242,9.293],[79.242,9.293],[79.242,9.293],[79.242,9.293],[79.242,9.293],[79.242,9.293],[79.242,9.293],[79.242,9.293],[79.242,9.293],[79.242,9.293],[79.242,9.293],[79.241,9.293],[79.241,9.293],[79.241,9.293],[79.241,9.293],[79.241,9.293],[79.241,9.293],[79.241,9.293],[79.241,9.293],[79.241,9.293],[79.241,9.293],[79.241,9.292],[79.241,9.292],[79.241,9.292],[79.241,9.292],[79.241,9.292],[79.241,9.292],[79.241,9.292],[79.24,9.292],[79.24,9.292],[79.24,9.292],[79.24,9.292],[79.24,9.292],[79.24,9.292],[79.24,9.292],[79.24,9.292],[79.24,9.292],[79.24,9.292],[79.24,9.292],[79.24,9.292],[79.24,9.292],[79.24,9.292],[79.24,9.292],[79.24,9.292],[79.24,9.292],[79.24,9.292],[79.239,9.292],[79.239,9.292],[79.237,9.293],[79.237,9.293],[79.237,9.293],[79.236,9.293],[79.236,9.293],[79.236,9.293],[79.236,9.293],[79.236,9.293],[79.236,9.293],[79.236,9.293],[79.236,9.293],[79.236,9.293],[79.236,9.293],[79.236,9.293],[79.236,9.293],[79.236,9.293],[79.236,9.292],[79.235,9.292],[79.235,9.292],[79.235,9.292],[79.235,9.292],[79.235,9.292],[79.235,9.292],[79.235,9.292],[79.233,9.292],[79.233,9.292],[79.233,9.292],[79.233,9.292],[79.233,9.292],[79.233,9.292],[79.233,9.292],[79.233,9.292],[79.233,9.292],[79.233,9.292],[79.233,9.292],[79.232,9.292],[79.232,9.292],[79.231,9.292],[79.231,9.292],[79.23,9.292],[79.23,9.292],[79.23,9.292],[79.23,9.292],[79.23,9.292],[79.23,9.292],[79.23,9.292],[79.23,9.292],[79.23,9.292],[79.23,9.292],[79.23,9.292],[79.23,9.292],[79.23,9.292],[79.23,9.292],[79.224,9.292],[79.224,9.292],[79.224,9.292],[79.224,9.292],[79.223,9.292],[79.223,9.292],[79.223,9.292],[79.223,9.292],[79.223,9.292],[79.223,9.292],[79.223,9.292],[79.223,9.292],[79.223,9.292],[79.223,9.292],[79.223,9.292],[79.223,9.292],[79.223,9.292],[79.222,9.292],[79.222,9.292],[79.222,9.292],[79.222,9.292],[79.222,9.291],[79.222,9.291],[79.222,9.291],[79.222,9.291],[79.222,9.291],[79.222,9.291],[79.222,9.291],[79.222,9.291],[79.222,9.291],[79.222,9.291],[79.222,9.291],[79.221,9.291],[79.221,9.291],[79.221,9.291],[79.221,9.291],[79.221,9.291],[79.221,9.291],[79.221,9.291],[79.221,9.291],[79.221,9.291],[79.221,9.291],[79.221,9.291],[79.221,9.291],[79.221,9.291],[79.221,9.291],[79.221,9.291],[79.221,9.291],[79.221,9.291],[79.22,9.291],[79.22,9.291],[79.22,9.291],[79.22,9.291],[79.22,9.291],[79.22,9.291],[79.22,9.291],[79.22,9.291],[79.22,9.291],[79.22,9.291],[79.22,9.291],[79.22,9.291],[79.22,9.291],[79.22,9.291],[79.22,9.291],[79.22,9.291],[79.22,9.291],[79.22,9.291],[79.22,9.291],[79.22,9.291],[79.22,9.29],[79.22,9.29],[79.22,9.29],[79.219,9.29],[79.219,9.29],[79.219,9.29],[79.219,9.29],[79.219,9.29],[79.219,9.29],[79.219,9.29],[79.219,9.29],[79.219,9.29],[79.219,9.29],[79.219,9.29],[79.219,9.29],[79.218,9.288],[79.218,9.288],[79.218,9.288],[79.218,9.288],[79.218,9.288],[79.218,9.288],[79.218,9.288],[79.218,9.288],[79.218,9.288],[79.218,9.288],[79.218,9.288],[79.218,9.288],[79.217,9.287],[79.217,9.287],[79.217,9.287],[79.217,9.287],[79.217,9.287],[79.217,9.287],[79.217,9.287],[79.217,9.287],[79.217,9.287],[79.217,9.287],[79.217,9.287],[79.217,9.287],[79.217,9.287],[79.217,9.287],[79.217,9.287],[79.217,9.287],[79.217,9.287],[79.217,9.287],[79.217,9.287],[79.217,9.286],[79.217,9.286],[79.217,9.286],[79.217,9.286],[79.216,9.286],[79.216,9.286],[79.216,9.286],[79.216,9.286],[79.216,9.286],[79.216,9.286],[79.216,9.286],[79.216,9.286],[79.216,9.286],[79.216,9.286],[79.216,9.286],[79.216,9.286],[79.216,9.286],[79.215,9.285],[79.214,9.285],[79.214,9.285],[79.214,9.284],[79.214,9.284],[79.214,9.284],[79.214,9.284],[79.214,9.284],[79.214,9.284],[79.214,9.284],[79.214,9.284],[79.214,9.284],[79.214,9.284],[79.214,9.284],[79.214,9.284],[79.214,9.284],[79.214,9.284],[79.213,9.284],[79.213,9.284],[79.213,9.284],[79.213,9.284],[79.213,9.284],[79.213,9.284],[79.213,9.284],[79.213,9.284],[79.213,9.284],[79.213,9.284],[79.213,9.284],[79.213,9.284],[79.213,9.284],[79.213,9.284],[79.213,9.284],[79.213,9.284],[79.213,9.284],[79.212,9.284],[79.212,9.284],[79.212,9.284],[79.212,9.283],[79.212,9.283],[79.212,9.283],[79.212,9.283],[79.212,9.283],[79.212,9.283],[79.212,9.283],[79.212,9.283],[79.211,9.283],[79.211,9.283],[79.211,9.283],[79.211,9.283],[79.211,9.283],[79.211,9.283],[79.211,9.283],[79.211,9.283],[79.211,9.283],[79.211,9.283],[79.211,9.283],[79.211,9.283],[79.21,9.283],[79.21,9.283],[79.21,9.283],[79.21,9.283],[79.21,9.283],[79.21,9.283],[79.21,9.283],[79.192,9.283],[79.183,9.283],[79.175,9.284],[79.168,9.284],[79.16,9.284],[79.153,9.287],[79.142,9.291],[79.14,9.292],[79.137,9.291],[79.133,9.289],[79.122,9.291],[79.118,9.291],[79.114,9.291],[79.11,9.291],[79.106,9.291],[79.102,9.291],[79.099,9.292],[79.095,9.293],[79.091,9.294],[79.087,9.295],[79.083,9.295],[79.081,9.295],[79.078,9.295],[79.076,9.295],[79.073,9.295],[79.071,9.295],[79.069,9.296],[79.067,9.297],[79.065,9.298],[79.062,9.3],[79.06,9.301],[79.058,9.303],[79.056,9.304],[79.053,9.305],[79.051,9.306],[79.049,9.308],[79.047,9.309],[79.045,9.31],[79.043,9.311],[79.042,9.312],[79.04,9.313],[79.039,9.314],[79.037,9.315],[79.035,9.316],[79.033,9.318],[79.031,9.319],[79.03,9.32],[79.028,9.322],[79.026,9.323],[79.024,9.324],[79.023,9.325],[79.02,9.328],[79.018,9.329],[79.015,9.331],[79.014,9.332],[79.012,9.333],[79.01,9.335],[79.008,9.337],[79.006,9.338],[79.002,9.342],[79,9.344],[78.999,9.345],[78.998,9.345],[78.995,9.349],[78.989,9.354],[78.983,9.359],[78.978,9.364],[78.973,9.37],[78.966,9.376],[78.962,9.381],[78.959,9.384],[78.955,9.388],[78.952,9.391],[78.948,9.395],[78.946,9.398],[78.942,9.402],[78.938,9.406],[78.934,9.411],[78.929,9.418],[78.926,9.422],[78.924,9.425],[78.92,9.432],[78.915,9.44],[78.911,9.448],[78.906,9.458],[78.901,9.467],[78.9,9.472],[78.899,9.476],[78.898,9.482],[78.898,9.488],[78.899,9.492],[78.902,9.495],[78.907,9.498],[78.91,9.498],[78.911,9.498],[78.911,9.497],[78.912,9.497],[78.912,9.496],[78.913,9.496],[78.913,9.496],[78.914,9.498],[78.915,9.498],[78.915,9.499],[78.914,9.504],[78.915,9.511],[78.918,9.517],[78.918,9.52],[78.92,9.526],[78.92,9.53],[78.919,9.533],[78.919,9.547],[78.92,9.558],[78.921,9.563],[78.923,9.572],[78.926,9.581],[78.926,9.587],[78.929,9.595],[78.932,9.6],[78.934,9.603],[78.937,9.61],[78.942,9.615],[78.945,9.619],[78.952,9.624],[78.956,9.627],[78.957,9.63],[78.959,9.634],[78.959,9.641],[78.964,9.643],[78.966,9.645],[78.97,9.654],[78.974,9.673],[78.976,9.68],[78.983,9.693],[78.99,9.7],[78.992,9.706],[78.998,9.712],[78.999,9.717],[78.999,9.718],[79,9.715],[79.004,9.718],[79.004,9.724],[79.005,9.724],[79.005,9.719],[79.012,9.729],[79.015,9.734],[79.015,9.741],[79.014,9.744],[79.015,9.736],[79.017,9.733],[79.024,9.745],[79.025,9.751],[79.024,9.753],[79.027,9.749],[79.032,9.755],[79.03,9.76],[79.032,9.757],[79.04,9.766],[79.05,9.769],[79.055,9.772],[79.059,9.773],[79.062,9.782],[79.07,9.793],[79.077,9.8],[79.076,9.812],[79.077,9.806],[79.079,9.8],[79.081,9.81],[79.086,9.82],[79.093,9.83],[79.089,9.833],[79.089,9.834],[79.094,9.83],[79.098,9.835],[79.095,9.838],[79.099,9.835],[79.103,9.839],[79.102,9.842],[79.107,9.841],[79.109,9.846],[79.108,9.85],[79.107,9.851]]],[[[78.493,9.086],[78.496,9.091],[78.492,9.092],[78.49,9.093],[78.488,9.088],[78.493,9.086]]],[[[78.537,9.102],[78.54,9.106],[78.538,9.105],[78.535,9.102],[78.537,9.102]]],[[[78.582,9.111],[78.579,9.113],[78.576,9.109],[78.571,9.104],[78.573,9.101],[78.579,9.101],[78.582,9.103],[78.585,9.106],[78.588,9.107],[78.586,9.111],[78.582,9.111]]],[[[79.489,9.119],[79.497,9.123],[79.494,9.125],[79.489,9.12],[79.489,9.119]]],[[[79.489,9.128],[79.489,9.128],[79.489,9.128],[79.489,9.128],[79.489,9.128],[79.488,9.128],[79.488,9.128],[79.487,9.128],[79.487,9.128],[79.487,9.127],[79.487,9.127],[79.488,9.127],[79.488,9.127],[79.488,9.127],[79.488,9.127],[79.488,9.127],[79.488,9.127],[79.489,9.127],[79.489,9.127],[79.489,9.128]]],[[[79.482,9.13],[79.48,9.13],[79.481,9.129],[79.482,9.13]]],[[[79.484,9.134],[79.482,9.133],[79.483,9.133],[79.484,9.134]]],[[[79.474,9.135],[79.472,9.14],[79.47,9.139],[79.473,9.136],[79.474,9.135]]],[[[79.468,9.141],[79.468,9.141],[79.468,9.141],[79.468,9.142],[79.468,9.142],[79.468,9.143],[79.468,9.143],[79.467,9.143],[79.466,9.144],[79.465,9.143],[79.465,9.143],[79.465,9.143],[79.465,9.143],[79.466,9.142],[79.468,9.141],[79.468,9.14],[79.468,9.141]]],[[[79.454,9.144],[79.454,9.144],[79.455,9.145],[79.455,9.145],[79.455,9.145],[79.454,9.146],[79.454,9.146],[79.454,9.145],[79.454,9.145],[79.454,9.144],[79.454,9.144],[79.454,9.144],[79.454,9.144]]],[[[79.456,9.147],[79.456,9.147],[79.456,9.148],[79.456,9.148],[79.456,9.148],[79.455,9.148],[79.455,9.147],[79.455,9.147],[79.455,9.147],[79.455,9.147],[79.456,9.147],[79.456,9.147],[79.456,9.147],[79.456,9.147],[79.456,9.147],[79.456,9.147]]],[[[79.454,9.149],[79.45,9.148],[79.453,9.147],[79.454,9.149]]],[[[79.445,9.151],[79.446,9.152],[79.446,9.152],[79.446,9.152],[79.446,9.153],[79.445,9.153],[79.446,9.153],[79.446,9.153],[79.446,9.153],[79.446,9.154],[79.446,9.154],[79.445,9.154],[79.445,9.154],[79.445,9.153],[79.445,9.152],[79.444,9.152],[79.445,9.151],[79.445,9.151],[79.445,9.151]]],[[[78.695,9.151],[78.697,9.156],[78.694,9.152],[78.695,9.151]]],[[[78.732,9.154],[78.73,9.155],[78.728,9.153],[78.731,9.152],[78.732,9.154]]],[[[78.752,9.157],[78.752,9.157],[78.752,9.157],[78.751,9.157],[78.751,9.157],[78.751,9.156],[78.751,9.156],[78.751,9.156],[78.752,9.155],[78.752,9.155],[78.752,9.156],[78.753,9.156],[78.752,9.157],[78.752,9.157],[78.752,9.157]]],[[[79.446,9.158],[79.444,9.156],[79.446,9.155],[79.446,9.157],[79.446,9.158]]],[[[78.698,9.158],[78.699,9.158],[78.699,9.158],[78.699,9.158],[78.699,9.159],[78.699,9.159],[78.698,9.159],[78.698,9.159],[78.698,9.159],[78.698,9.158],[78.698,9.158],[78.698,9.158],[78.698,9.158],[78.698,9.158]]],[[[78.824,9.166],[78.824,9.166],[78.824,9.166],[78.823,9.166],[78.823,9.166],[78.822,9.166],[78.821,9.166],[78.82,9.165],[78.819,9.165],[78.819,9.164],[78.819,9.164],[78.819,9.163],[78.819,9.162],[78.819,9.162],[78.818,9.162],[78.817,9.161],[78.817,9.16],[78.817,9.16],[78.818,9.161],[78.818,9.161],[78.819,9.161],[78.819,9.162],[78.819,9.162],[78.82,9.163],[78.82,9.163],[78.821,9.163],[78.821,9.164],[78.821,9.164],[78.822,9.165],[78.822,9.165],[78.822,9.166],[78.823,9.166],[78.824,9.166]]],[[[78.827,9.167],[78.827,9.168],[78.828,9.168],[78.829,9.169],[78.829,9.17],[78.829,9.171],[78.829,9.172],[78.829,9.174],[78.828,9.174],[78.828,9.172],[78.828,9.172],[78.827,9.171],[78.827,9.17],[78.827,9.169],[78.826,9.169],[78.825,9.169],[78.825,9.168],[78.824,9.167],[78.824,9.167],[78.824,9.166],[78.824,9.166],[78.825,9.166],[78.826,9.166],[78.827,9.167],[78.827,9.167]]],[[[78.704,9.184],[78.704,9.184],[78.704,9.184],[78.704,9.185],[78.703,9.185],[78.703,9.186],[78.702,9.186],[78.702,9.186],[78.702,9.186],[78.702,9.186],[78.702,9.186],[78.702,9.186],[78.702,9.186],[78.703,9.185],[78.703,9.185],[78.704,9.185],[78.704,9.184],[78.704,9.184]]],[[[78.91,9.186],[78.91,9.186],[78.91,9.186],[78.91,9.186],[78.91,9.187],[78.91,9.187],[78.91,9.187],[78.91,9.186],[78.91,9.186],[78.91,9.186],[78.91,9.186],[78.91,9.186],[78.91,9.186]]],[[[78.937,9.182],[78.938,9.183],[78.939,9.183],[78.94,9.183],[78.941,9.184],[78.943,9.185],[78.943,9.185],[78.943,9.186],[78.943,9.186],[78.943,9.187],[78.943,9.187],[78.943,9.188],[78.943,9.188],[78.943,9.188],[78.942,9.188],[78.941,9.188],[78.941,9.187],[78.94,9.186],[78.939,9.185],[78.938,9.184],[78.936,9.183],[78.935,9.183],[78.934,9.183],[78.933,9.182],[78.933,9.182],[78.932,9.182],[78.929,9.184],[78.928,9.185],[78.926,9.185],[78.925,9.185],[78.923,9.185],[78.922,9.184],[78.92,9.184],[78.918,9.184],[78.917,9.183],[78.917,9.183],[78.915,9.183],[78.914,9.182],[78.914,9.182],[78.913,9.182],[78.912,9.183],[78.912,9.182],[78.911,9.182],[78.91,9.182],[78.909,9.181],[78.908,9.182],[78.908,9.182],[78.907,9.183],[78.907,9.185],[78.906,9.185],[78.906,9.185],[78.906,9.185],[78.905,9.184],[78.905,9.183],[78.902,9.183],[78.901,9.183],[78.9,9.182],[78.9,9.181],[78.899,9.181],[78.898,9.18],[78.898,9.18],[78.897,9.18],[78.897,9.18],[78.897,9.179],[78.898,9.179],[78.899,9.179],[78.899,9.179],[78.9,9.178],[78.9,9.178],[78.901,9.178],[78.902,9.179],[78.904,9.178],[78.904,9.179],[78.905,9.179],[78.905,9.179],[78.906,9.179],[78.907,9.18],[78.907,9.18],[78.908,9.18],[78.909,9.18],[78.91,9.18],[78.911,9.18],[78.911,9.18],[78.912,9.18],[78.913,9.18],[78.915,9.181],[78.917,9.182],[78.918,9.182],[78.919,9.183],[78.92,9.183],[78.921,9.183],[78.923,9.183],[78.924,9.183],[78.925,9.183],[78.926,9.183],[78.927,9.183],[78.928,9.183],[78.929,9.182],[78.93,9.182],[78.931,9.182],[78.932,9.182],[78.933,9.182],[78.934,9.182],[78.937,9.182],[78.937,9.182]]],[[[78.97,9.186],[78.969,9.186],[78.969,9.187],[78.969,9.188],[78.969,9.188],[78.968,9.188],[78.967,9.188],[78.967,9.188],[78.967,9.187],[78.967,9.186],[78.967,9.184],[78.967,9.183],[78.967,9.183],[78.968,9.183],[78.968,9.183],[78.968,9.183],[78.968,9.183],[78.968,9.184],[78.968,9.185],[78.968,9.185],[78.969,9.186],[78.969,9.186],[78.969,9.186],[78.969,9.185],[78.97,9.185],[78.97,9.184],[78.97,9.185],[78.971,9.185],[78.971,9.185],[78.971,9.186],[78.971,9.186],[78.97,9.186],[78.97,9.186]]],[[[79.076,9.202],[79.071,9.21],[79.066,9.207],[79.057,9.198],[79.062,9.198],[79.078,9.197],[79.09,9.194],[79.087,9.2],[79.084,9.2],[79.08,9.202],[79.076,9.202]]],[[[79.141,9.213],[79.141,9.214],[79.141,9.214],[79.14,9.214],[79.14,9.213],[79.139,9.213],[79.139,9.214],[79.139,9.213],[79.14,9.213],[79.141,9.213]]],[[[79.126,9.217],[79.124,9.217],[79.126,9.216],[79.127,9.215],[79.125,9.216],[79.122,9.216],[79.124,9.215],[79.126,9.215],[79.129,9.214],[79.134,9.215],[79.133,9.215],[79.132,9.215],[79.134,9.216],[79.133,9.216],[79.131,9.215],[79.129,9.215],[79.127,9.216],[79.129,9.215],[79.132,9.215],[79.133,9.216],[79.13,9.217],[79.126,9.217],[79.126,9.217]]],[[[79.236,9.243],[79.234,9.243],[79.233,9.243],[79.236,9.24],[79.238,9.241],[79.238,9.242],[79.236,9.243]]],[[[79.2,9.251],[79.193,9.253],[79.188,9.251],[79.183,9.25],[79.179,9.248],[79.178,9.244],[79.179,9.241],[79.179,9.238],[79.182,9.237],[79.185,9.236],[79.188,9.234],[79.19,9.231],[79.192,9.231],[79.195,9.232],[79.197,9.23],[79.2,9.23],[79.201,9.232],[79.203,9.235],[79.203,9.239],[79.206,9.24],[79.208,9.24],[79.211,9.241],[79.214,9.241],[79.215,9.244],[79.218,9.245],[79.221,9.246],[79.224,9.247],[79.22,9.25],[79.218,9.25],[79.218,9.25],[79.218,9.25],[79.218,9.25],[79.218,9.25],[79.218,9.25],[79.218,9.25],[79.218,9.25],[79.218,9.25],[79.218,9.25],[79.218,9.25],[79.219,9.25],[79.219,9.25],[79.219,9.25],[79.219,9.25],[79.219,9.25],[79.219,9.25],[79.219,9.25],[79.219,9.25],[79.219,9.25],[79.219,9.25],[79.219,9.25],[79.219,9.25],[79.219,9.25],[79.22,9.25],[79.22,9.25],[79.22,9.25],[79.22,9.25],[79.22,9.25],[79.22,9.25],[79.22,9.25],[79.22,9.25],[79.22,9.25],[79.22,9.25],[79.22,9.25],[79.22,9.25],[79.22,9.25],[79.222,9.248],[79.222,9.248],[79.222,9.248],[79.222,9.248],[79.222,9.248],[79.222,9.248],[79.222,9.248],[79.222,9.248],[79.222,9.248],[79.222,9.248],[79.222,9.248],[79.222,9.248],[79.222,9.248],[79.222,9.248],[79.222,9.248],[79.222,9.248],[79.222,9.247],[79.222,9.247],[79.221,9.247],[79.221,9.247],[79.221,9.247],[79.221,9.247],[79.221,9.247],[79.221,9.247],[79.221,9.247],[79.221,9.247],[79.221,9.247],[79.221,9.247],[79.221,9.247],[79.221,9.247],[79.221,9.247],[79.221,9.247],[79.22,9.247],[79.22,9.247],[79.22,9.247],[79.22,9.248],[79.22,9.248],[79.22,9.248],[79.22,9.248],[79.22,9.248],[79.22,9.248],[79.22,9.248],[79.22,9.248],[79.22,9.248],[79.22,9.248],[79.22,9.248],[79.22,9.248],[79.22,9.248],[79.22,9.248],[79.219,9.248],[79.219,9.248],[79.219,9.248],[79.219,9.248],[79.219,9.248],[79.219,9.248],[79.219,9.248],[79.219,9.248],[79.219,9.248],[79.219,9.248],[79.218,9.248],[79.218,9.248],[79.218,9.248],[79.218,9.248],[79.218,9.248],[79.218,9.248],[79.218,9.248],[79.218,9.248],[79.218,9.248],[79.218,9.248],[79.218,9.248],[79.218,9.248],[79.218,9.248],[79.218,9.248],[79.218,9.248],[79.218,9.248],[79.218,9.248],[79.217,9.248],[79.217,9.248],[79.217,9.248],[79.217,9.248],[79.217,9.248],[79.217,9.248],[79.217,9.248],[79.217,9.248],[79.217,9.248],[79.217,9.248],[79.217,9.247],[79.217,9.247],[79.217,9.247],[79.217,9.247],[79.217,9.247],[79.217,9.247],[79.217,9.247],[79.216,9.247],[79.216,9.247],[79.216,9.247],[79.216,9.247],[79.216,9.247],[79.216,9.247],[79.216,9.247],[79.216,9.247],[79.216,9.247],[79.216,9.247],[79.216,9.247],[79.216,9.247],[79.216,9.247],[79.216,9.247],[79.216,9.247],[79.216,9.247],[79.215,9.247],[79.215,9.247],[79.215,9.247],[79.215,9.247],[79.215,9.247],[79.215,9.247],[79.215,9.247],[79.215,9.247],[79.215,9.247],[79.215,9.247],[79.215,9.247],[79.215,9.247],[79.215,9.247],[79.215,9.247],[79.215,9.247],[79.214,9.247],[79.214,9.247],[79.214,9.247],[79.214,9.247],[79.214,9.247],[79.214,9.247],[79.214,9.247],[79.214,9.247],[79.214,9.247],[79.214,9.247],[79.214,9.247],[79.214,9.247],[79.214,9.247],[79.214,9.247],[79.213,9.247],[79.213,9.247],[79.213,9.247],[79.213,9.247],[79.213,9.247],[79.213,9.247],[79.213,9.247],[79.213,9.247],[79.213,9.247],[79.213,9.247],[79.213,9.247],[79.213,9.247],[79.213,9.247],[79.213,9.247],[79.213,9.247],[79.213,9.246],[79.213,9.246],[79.213,9.246],[79.212,9.246],[79.212,9.246],[79.212,9.246],[79.212,9.246],[79.212,9.246],[79.212,9.246],[79.212,9.246],[79.212,9.246],[79.212,9.246],[79.212,9.246],[79.212,9.246],[79.212,9.246],[79.212,9.246],[79.212,9.246],[79.212,9.246],[79.211,9.246],[79.211,9.246],[79.211,9.246],[79.211,9.246],[79.211,9.246],[79.211,9.246],[79.211,9.246],[79.211,9.246],[79.211,9.246],[79.211,9.246],[79.209,9.245],[79.209,9.245],[79.209,9.245],[79.208,9.245],[79.208,9.245],[79.208,9.245],[79.208,9.245],[79.208,9.245],[79.208,9.245],[79.208,9.245],[79.208,9.245],[79.208,9.244],[79.208,9.244],[79.208,9.244],[79.208,9.244],[79.208,9.244],[79.208,9.244],[79.208,9.244],[79.208,9.244],[79.208,9.244],[79.207,9.244],[79.207,9.244],[79.207,9.244],[79.207,9.244],[79.205,9.243],[79.205,9.243],[79.205,9.243],[79.205,9.243],[79.205,9.243],[79.205,9.243],[79.205,9.243],[79.205,9.243],[79.205,9.243],[79.205,9.243],[79.205,9.242],[79.205,9.242],[79.205,9.242],[79.205,9.242],[79.204,9.242],[79.204,9.242],[79.204,9.242],[79.204,9.242],[79.204,9.242],[79.204,9.242],[79.204,9.242],[79.204,9.242],[79.204,9.242],[79.204,9.242],[79.204,9.242],[79.204,9.242],[79.204,9.242],[79.204,9.242],[79.204,9.242],[79.204,9.242],[79.203,9.242],[79.203,9.242],[79.203,9.242],[79.203,9.242],[79.203,9.242],[79.203,9.242],[79.203,9.242],[79.203,9.242],[79.203,9.242],[79.203,9.242],[79.203,9.242],[79.203,9.241],[79.203,9.241],[79.203,9.241],[79.202,9.241],[79.202,9.241],[79.202,9.241],[79.202,9.241],[79.202,9.241],[79.202,9.242],[79.202,9.242],[79.202,9.242],[79.202,9.242],[79.202,9.242],[79.202,9.242],[79.202,9.242],[79.202,9.242],[79.202,9.242],[79.202,9.242],[79.202,9.242],[79.202,9.242],[79.202,9.242],[79.202,9.242],[79.202,9.242],[79.202,9.242],[79.202,9.242],[79.202,9.242],[79.202,9.242],[79.202,9.242],[79.202,9.243],[79.202,9.243],[79.202,9.243],[79.202,9.243],[79.202,9.243],[79.202,9.243],[79.202,9.243],[79.202,9.243],[79.202,9.243],[79.202,9.243],[79.202,9.243],[79.202,9.243],[79.202,9.243],[79.202,9.243],[79.202,9.243],[79.202,9.243],[79.202,9.243],[79.202,9.244],[79.202,9.244],[79.202,9.244],[79.202,9.244],[79.202,9.244],[79.202,9.244],[79.202,9.244],[79.202,9.244],[79.202,9.244],[79.202,9.244],[79.202,9.244],[79.203,9.244],[79.203,9.244],[79.203,9.244],[79.203,9.244],[79.203,9.244],[79.203,9.244],[79.203,9.244],[79.203,9.244],[79.203,9.244],[79.203,9.244],[79.203,9.244],[79.203,9.244],[79.203,9.244],[79.204,9.244],[79.204,9.244],[79.204,9.244],[79.204,9.244],[79.204,9.244],[79.204,9.244],[79.204,9.245],[79.204,9.245],[79.204,9.245],[79.204,9.245],[79.204,9.245],[79.204,9.245],[79.204,9.245],[79.204,9.245],[79.204,9.245],[79.204,9.245],[79.204,9.245],[79.204,9.245],[79.204,9.245],[79.204,9.245],[79.204,9.245],[79.204,9.245],[79.204,9.245],[79.204,9.245],[79.204,9.246],[79.204,9.246],[79.204,9.246],[79.204,9.246],[79.204,9.246],[79.205,9.246],[79.205,9.246],[79.205,9.246],[79.205,9.246],[79.205,9.246],[79.205,9.246],[79.205,9.246],[79.205,9.246],[79.205,9.246],[79.205,9.246],[79.205,9.246],[79.205,9.246],[79.205,9.246],[79.205,9.246],[79.205,9.246],[79.206,9.246],[79.206,9.246],[79.206,9.246],[79.206,9.246],[79.206,9.246],[79.206,9.246],[79.206,9.246],[79.206,9.246],[79.206,9.246],[79.206,9.246],[79.206,9.246],[79.206,9.246],[79.206,9.246],[79.206,9.246],[79.206,9.246],[79.207,9.246],[79.207,9.246],[79.207,9.246],[79.207,9.246],[79.207,9.246],[79.207,9.246],[79.207,9.246],[79.207,9.246],[79.207,9.246],[79.207,9.246],[79.207,9.246],[79.207,9.247],[79.207,9.247],[79.207,9.247],[79.207,9.247],[79.207,9.247],[79.207,9.247],[79.207,9.247],[79.207,9.247],[79.207,9.247],[79.207,9.247],[79.208,9.247],[79.208,9.247],[79.208,9.247],[79.208,9.247],[79.208,9.247],[79.208,9.247],[79.208,9.247],[79.208,9.247],[79.208,9.247],[79.208,9.247],[79.208,9.247],[79.208,9.247],[79.208,9.247],[79.208,9.247],[79.209,9.247],[79.209,9.247],[79.209,9.247],[79.209,9.247],[79.209,9.247],[79.209,9.247],[79.209,9.247],[79.209,9.247],[79.209,9.247],[79.209,9.247],[79.209,9.248],[79.209,9.248],[79.209,9.248],[79.209,9.248],[79.209,9.248],[79.209,9.248],[79.209,9.248],[79.209,9.248],[79.209,9.248],[79.209,9.248],[79.209,9.248],[79.209,9.248],[79.209,9.248],[79.209,9.248],[79.209,9.248],[79.209,9.248],[79.209,9.249],[79.209,9.249],[79.209,9.249],[79.209,9.249],[79.209,9.249],[79.209,9.249],[79.209,9.249],[79.209,9.249],[79.209,9.249],[79.209,9.249],[79.209,9.249],[79.209,9.249],[79.209,9.249],[79.209,9.249],[79.209,9.249],[79.211,9.249],[79.211,9.249],[79.211,9.249],[79.211,9.249],[79.211,9.249],[79.211,9.249],[79.211,9.249],[79.211,9.249],[79.211,9.249],[79.212,9.249],[79.212,9.249],[79.212,9.249],[79.212,9.249],[79.212,9.249],[79.212,9.249],[79.212,9.249],[79.212,9.249],[79.212,9.249],[79.212,9.249],[79.212,9.249],[79.212,9.249],[79.212,9.249],[79.213,9.249],[79.213,9.249],[79.213,9.249],[79.213,9.249],[79.213,9.249],[79.213,9.249],[79.213,9.249],[79.213,9.249],[79.213,9.249],[79.213,9.249],[79.213,9.249],[79.213,9.249],[79.213,9.249],[79.213,9.249],[79.214,9.25],[79.214,9.25],[79.214,9.25],[79.214,9.25],[79.214,9.25],[79.214,9.25],[79.214,9.25],[79.214,9.25],[79.214,9.25],[79.214,9.25],[79.214,9.25],[79.214,9.25],[79.214,9.25],[79.215,9.25],[79.215,9.25],[79.215,9.25],[79.215,9.25],[79.215,9.25],[79.215,9.25],[79.215,9.25],[79.215,9.25],[79.215,9.25],[79.215,9.25],[79.215,9.25],[79.215,9.25],[79.215,9.25],[79.215,9.25],[79.215,9.25],[79.215,9.25],[79.215,9.25],[79.215,9.25],[79.215,9.25],[79.216,9.25],[79.216,9.25],[79.216,9.25],[79.216,9.25],[79.216,9.25],[79.216,9.25],[79.216,9.25],[79.216,9.25],[79.216,9.25],[79.216,9.25],[79.216,9.25],[79.216,9.25],[79.217,9.25],[79.217,9.25],[79.217,9.25],[79.217,9.25],[79.217,9.25],[79.217,9.25],[79.217,9.25],[79.217,9.25],[79.217,9.25],[79.217,9.25],[79.217,9.25],[79.217,9.25],[79.217,9.25],[79.217,9.25],[79.217,9.25],[79.217,9.25],[79.218,9.25],[79.218,9.25],[79.218,9.25],[79.213,9.251],[79.205,9.25],[79.201,9.25],[79.2,9.251]]]]}},{"type":"Feature","properties":{"district":"Ranipet"},"geometry":{"type":"Polygon","coordinates":[[[79.79,13.025],[79.787,13.029],[79.787,13.036],[79.787,13.041],[79.79,13.045],[79.791,13.046],[79.791,13.048],[79.79,13.054],[79.789,13.057],[79.786,13.056],[79.783,13.054],[79.779,13.054],[79.779,13.06],[79.775,13.062],[79.77,13.06],[79.767,13.056],[79.76,13.052],[79.751,13.052],[79.747,13.05],[79.744,13.056],[79.74,13.059],[79.732,13.058],[79.72,13.054],[79.723,13.059],[79.727,13.068],[79.739,13.069],[79.739,13.079],[79.736,13.088],[79.733,13.097],[79.72,13.099],[79.707,13.1],[79.704,13.101],[79.703,13.107],[79.704,13.11],[79.714,13.107],[79.721,13.107],[79.725,13.117],[79.731,13.115],[79.735,13.12],[79.736,13.128],[79.739,13.141],[79.738,13.148],[79.739,13.155],[79.739,13.161],[79.733,13.167],[79.722,13.164],[79.706,13.163],[79.697,13.159],[79.693,13.167],[79.694,13.177],[79.701,13.183],[79.698,13.192],[79.679,13.186],[79.671,13.188],[79.672,13.202],[79.667,13.205],[79.654,13.211],[79.653,13.204],[79.646,13.194],[79.645,13.182],[79.639,13.176],[79.632,13.172],[79.633,13.163],[79.635,13.155],[79.632,13.146],[79.618,13.145],[79.603,13.148],[79.592,13.143],[79.597,13.135],[79.598,13.128],[79.587,13.122],[79.573,13.122],[79.57,13.128],[79.569,13.134],[79.564,13.137],[79.556,13.137],[79.547,13.135],[79.533,13.136],[79.523,13.139],[79.517,13.144],[79.513,13.141],[79.508,13.139],[79.5,13.136],[79.494,13.138],[79.484,13.14],[79.482,13.135],[79.477,13.13],[79.475,13.124],[79.475,13.119],[79.465,13.107],[79.463,13.097],[79.458,13.095],[79.451,13.093],[79.45,13.1],[79.448,13.103],[79.444,13.11],[79.439,13.112],[79.433,13.116],[79.431,13.117],[79.44,13.119],[79.453,13.124],[79.451,13.129],[79.446,13.126],[79.439,13.125],[79.434,13.133],[79.432,13.137],[79.43,13.139],[79.423,13.146],[79.418,13.147],[79.415,13.138],[79.411,13.136],[79.413,13.128],[79.413,13.122],[79.412,13.118],[79.408,13.116],[79.404,13.114],[79.403,13.107],[79.402,13.104],[79.405,13.1],[79.413,13.104],[79.42,13.102],[79.422,13.099],[79.423,13.097],[79.416,13.091],[79.417,13.085],[79.408,13.083],[79.4,13.081],[79.394,13.08],[79.383,13.081],[79.379,13.079],[79.377,13.075],[79.369,13.072],[79.358,13.067],[79.35,13.063],[79.336,13.061],[79.332,13.069],[79.326,13.076],[79.313,13.081],[79.306,13.083],[79.299,13.089],[79.295,13.099],[79.289,13.099],[79.28,13.092],[79.274,13.084],[79.28,13.075],[79.285,13.068],[79.292,13.055],[79.294,13.045],[79.286,13.039],[79.283,13.025],[79.28,13.014],[79.274,13.001],[79.269,12.996],[79.268,12.991],[79.266,12.987],[79.267,12.982],[79.268,12.977],[79.269,12.972],[79.27,12.967],[79.27,12.963],[79.269,12.959],[79.268,12.953],[79.264,12.947],[79.268,12.94],[79.262,12.945],[79.257,12.947],[79.252,12.952],[79.242,12.955],[79.227,12.957],[79.217,12.953],[79.214,12.945],[79.206,12.938],[79.193,12.932],[79.188,12.922],[79.186,12.918],[79.191,12.908],[79.203,12.906],[79.21,12.898],[79.203,12.891],[79.196,12.894],[79.192,12.887],[79.194,12.875],[79.186,12.863],[79.184,12.853],[79.182,12.841],[79.178,12.827],[79.189,12.811],[79.194,12.802],[79.195,12.793],[79.198,12.79],[79.203,12.789],[79.208,12.785],[79.219,12.792],[79.221,12.792],[79.231,12.796],[79.237,12.797],[79.24,12.799],[79.24,12.804],[79.239,12.805],[79.24,12.809],[79.243,12.808],[79.245,12.809],[79.249,12.807],[79.251,12.808],[79.253,12.809],[79.254,12.812],[79.252,12.812],[79.251,12.813],[79.251,12.816],[79.249,12.818],[79.249,12.82],[79.25,12.823],[79.254,12.823],[79.258,12.821],[79.262,12.819],[79.259,12.815],[79.259,12.812],[79.26,12.807],[79.262,12.806],[79.264,12.805],[79.262,12.802],[79.261,12.8],[79.261,12.799],[79.262,12.796],[79.263,12.794],[79.267,12.792],[79.269,12.792],[79.277,12.789],[79.285,12.782],[79.288,12.774],[79.285,12.767],[79.285,12.76],[79.288,12.756],[79.289,12.754],[79.291,12.753],[79.292,12.752],[79.294,12.751],[79.299,12.747],[79.305,12.746],[79.311,12.743],[79.314,12.743],[79.317,12.743],[79.322,12.742],[79.329,12.738],[79.337,12.734],[79.343,12.731],[79.345,12.727],[79.345,12.722],[79.345,12.719],[79.345,12.715],[79.348,12.713],[79.345,12.707],[79.344,12.707],[79.34,12.704],[79.34,12.7],[79.345,12.695],[79.349,12.695],[79.356,12.696],[79.356,12.702],[79.355,12.708],[79.355,12.714],[79.356,12.718],[79.362,12.717],[79.364,12.716],[79.367,12.715],[79.366,12.719],[79.366,12.72],[79.369,12.722],[79.373,12.722],[79.375,12.722],[79.377,12.723],[79.38,12.727],[79.38,12.733],[79.387,12.731],[79.388,12.728],[79.39,12.727],[79.395,12.728],[79.394,12.724],[79.392,12.715],[79.386,12.712],[79.384,12.712],[79.38,12.709],[79.383,12.706],[79.381,12.704],[79.383,12.703],[79.383,12.702],[79.385,12.7],[79.386,12.701],[79.388,12.697],[79.393,12.695],[79.395,12.691],[79.391,12.689],[79.388,12.688],[79.389,12.687],[79.387,12.685],[79.384,12.683],[79.38,12.683],[79.375,12.681],[79.369,12.678],[79.362,12.674],[79.356,12.671],[79.354,12.67],[79.358,12.667],[79.361,12.664],[79.361,12.661],[79.362,12.658],[79.356,12.649],[79.354,12.648],[79.355,12.643],[79.364,12.637],[79.374,12.631],[79.383,12.628],[79.386,12.631],[79.391,12.634],[79.395,12.638],[79.404,12.644],[79.412,12.657],[79.427,12.658],[79.436,12.666],[79.448,12.671],[79.453,12.676],[79.454,12.68],[79.455,12.685],[79.459,12.687],[79.458,12.691],[79.456,12.693],[79.455,12.699],[79.466,12.705],[79.466,12.712],[79.463,12.717],[79.468,12.722],[79.475,12.731],[79.47,12.734],[79.468,12.732],[79.464,12.734],[79.458,12.737],[79.457,12.736],[79.454,12.74],[79.455,12.747],[79.457,12.751],[79.459,12.754],[79.462,12.756],[79.467,12.757],[79.467,12.76],[79.466,12.765],[79.468,12.77],[79.467,12.772],[79.466,12.775],[79.466,12.777],[79.465,12.778],[79.463,12.78],[79.462,12.782],[79.46,12.784],[79.461,12.79],[79.462,12.796],[79.465,12.799],[79.472,12.798],[79.477,12.804],[79.474,12.807],[79.468,12.808],[79.46,12.81],[79.457,12.813],[79.458,12.816],[79.459,12.818],[79.459,12.82],[79.46,12.824],[79.461,12.829],[79.459,12.832],[79.457,12.838],[79.459,12.844],[79.463,12.85],[79.473,12.851],[79.474,12.859],[79.471,12.862],[79.474,12.866],[79.48,12.873],[79.492,12.871],[79.5,12.871],[79.502,12.87],[79.506,12.861],[79.51,12.857],[79.522,12.859],[79.535,12.863],[79.541,12.862],[79.546,12.858],[79.564,12.856],[79.566,12.861],[79.564,12.868],[79.561,12.87],[79.558,12.874],[79.557,12.879],[79.558,12.884],[79.562,12.886],[79.565,12.892],[79.568,12.894],[79.566,12.896],[79.568,12.9],[79.576,12.9],[79.587,12.902],[79.591,12.904],[79.595,12.907],[79.602,12.908],[79.606,12.909],[79.612,12.911],[79.614,12.912],[79.622,12.915],[79.629,12.92],[79.633,12.92],[79.638,12.924],[79.643,12.924],[79.649,12.925],[79.654,12.927],[79.658,12.929],[79.663,12.931],[79.661,12.939],[79.66,12.945],[79.663,12.951],[79.674,12.956],[79.679,12.959],[79.687,12.965],[79.695,12.971],[79.699,12.975],[79.707,12.978],[79.712,12.979],[79.717,12.981],[79.724,12.983],[79.734,12.987],[79.746,12.997],[79.749,13.004],[79.754,13.007],[79.759,13.01],[79.766,13.014],[79.768,13.016],[79.768,13.017],[79.769,13.017],[79.773,13.019],[79.776,13.02],[79.779,13.022],[79.783,13.023],[79.787,13.023],[79.79,13.025]]]}},{"type":"Feature","properties":{"district":"Salem"},"geometry":{"type":"Polygon","coordinates":[[[78.627,11.869],[78.62,11.863],[78.61,11.853],[78.604,11.842],[78.602,11.836],[78.603,11.832],[78.598,11.825],[78.595,11.822],[78.59,11.821],[78.579,11.819],[78.574,11.819],[78.565,11.815],[78.559,11.811],[78.555,11.81],[78.547,11.808],[78.544,11.807],[78.539,11.807],[78.535,11.807],[78.53,11.81],[78.527,11.813],[78.523,11.815],[78.519,11.813],[78.514,11.812],[78.51,11.813],[78.507,11.814],[78.5,11.814],[78.485,11.818],[78.477,11.819],[78.474,11.821],[78.464,11.826],[78.45,11.832],[78.435,11.854],[78.441,11.868],[78.42,11.88],[78.403,11.873],[78.396,11.86],[78.393,11.855],[78.387,11.845],[78.383,11.833],[78.375,11.821],[78.369,11.813],[78.354,11.796],[78.334,11.782],[78.318,11.779],[78.316,11.785],[78.329,11.798],[78.333,11.806],[78.34,11.818],[78.346,11.826],[78.351,11.834],[78.349,11.838],[78.351,11.845],[78.35,11.849],[78.352,11.858],[78.357,11.865],[78.362,11.87],[78.366,11.878],[78.368,11.889],[78.359,11.892],[78.357,11.899],[78.36,11.909],[78.354,11.912],[78.346,11.904],[78.34,11.897],[78.334,11.899],[78.324,11.893],[78.312,11.884],[78.316,11.891],[78.326,11.9],[78.325,11.911],[78.332,11.922],[78.326,11.929],[78.321,11.93],[78.317,11.931],[78.31,11.925],[78.302,11.923],[78.3,11.919],[78.291,11.914],[78.292,11.906],[78.281,11.9],[78.273,11.899],[78.272,11.903],[78.279,11.913],[78.281,11.924],[78.294,11.93],[78.287,11.931],[78.281,11.932],[78.275,11.931],[78.27,11.925],[78.266,11.92],[78.258,11.912],[78.259,11.919],[78.263,11.927],[78.267,11.93],[78.271,11.935],[78.271,11.939],[78.264,11.94],[78.257,11.94],[78.255,11.933],[78.248,11.928],[78.241,11.925],[78.234,11.919],[78.239,11.924],[78.243,11.928],[78.246,11.933],[78.25,11.938],[78.25,11.94],[78.25,11.942],[78.251,11.943],[78.252,11.944],[78.252,11.946],[78.252,11.947],[78.252,11.947],[78.253,11.949],[78.253,11.951],[78.253,11.951],[78.252,11.952],[78.252,11.954],[78.25,11.956],[78.248,11.957],[78.248,11.958],[78.248,11.959],[78.248,11.96],[78.248,11.96],[78.247,11.96],[78.247,11.961],[78.247,11.962],[78.246,11.963],[78.245,11.964],[78.245,11.964],[78.245,11.965],[78.245,11.966],[78.245,11.967],[78.245,11.968],[78.242,11.97],[78.238,11.974],[78.236,11.977],[78.234,11.979],[78.233,11.979],[78.232,11.979],[78.23,11.979],[78.228,11.979],[78.226,11.978],[78.225,11.978],[78.223,11.978],[78.222,11.976],[78.221,11.976],[78.219,11.976],[78.218,11.977],[78.217,11.977],[78.216,11.977],[78.215,11.977],[78.215,11.976],[78.213,11.975],[78.212,11.975],[78.21,11.975],[78.207,11.976],[78.206,11.975],[78.204,11.975],[78.203,11.975],[78.202,11.974],[78.201,11.975],[78.2,11.974],[78.2,11.974],[78.198,11.974],[78.197,11.974],[78.196,11.974],[78.195,11.974],[78.194,11.973],[78.193,11.973],[78.191,11.974],[78.19,11.973],[78.189,11.972],[78.187,11.971],[78.185,11.971],[78.184,11.971],[78.182,11.971],[78.18,11.973],[78.178,11.973],[78.176,11.972],[78.174,11.971],[78.174,11.969],[78.172,11.969],[78.171,11.969],[78.17,11.969],[78.169,11.968],[78.167,11.968],[78.164,11.967],[78.161,11.967],[78.159,11.968],[78.157,11.968],[78.157,11.967],[78.156,11.967],[78.154,11.968],[78.152,11.967],[78.151,11.968],[78.149,11.968],[78.148,11.967],[78.146,11.968],[78.144,11.968],[78.142,11.967],[78.141,11.966],[78.14,11.967],[78.138,11.966],[78.137,11.966],[78.137,11.965],[78.136,11.964],[78.136,11.963],[78.133,11.964],[78.126,11.962],[78.122,11.959],[78.118,11.96],[78.116,11.959],[78.113,11.958],[78.11,11.957],[78.108,11.956],[78.105,11.956],[78.103,11.955],[78.102,11.955],[78.101,11.956],[78.101,11.956],[78.1,11.954],[78.098,11.953],[78.097,11.953],[78.096,11.953],[78.096,11.953],[78.096,11.953],[78.096,11.951],[78.096,11.95],[78.095,11.949],[78.093,11.949],[78.093,11.95],[78.092,11.95],[78.091,11.95],[78.091,11.95],[78.091,11.95],[78.091,11.949],[78.09,11.948],[78.089,11.947],[78.088,11.947],[78.088,11.947],[78.086,11.946],[78.085,11.946],[78.083,11.944],[78.082,11.944],[78.081,11.945],[78.08,11.944],[78.08,11.942],[78.08,11.941],[78.08,11.94],[78.078,11.94],[78.077,11.941],[78.075,11.939],[78.074,11.938],[78.074,11.938],[78.073,11.938],[78.071,11.939],[78.069,11.938],[78.068,11.938],[78.067,11.939],[78.066,11.938],[78.065,11.938],[78.064,11.938],[78.06,11.938],[78.058,11.938],[78.057,11.938],[78.055,11.938],[78.054,11.938],[78.052,11.938],[78.051,11.937],[78.05,11.937],[78.048,11.937],[78.044,11.937],[78.042,11.936],[78.041,11.935],[78.039,11.936],[78.039,11.936],[78.038,11.935],[78.037,11.934],[78.035,11.935],[78.034,11.935],[78.034,11.934],[78.035,11.933],[78.033,11.932],[78.032,11.93],[78.03,11.929],[78.03,11.926],[78.029,11.925],[78.028,11.924],[78.027,11.921],[78.026,11.92],[78.025,11.92],[78.022,11.919],[78.02,11.921],[78.019,11.921],[78.017,11.92],[78.014,11.921],[78.013,11.921],[78.011,11.921],[78.01,11.92],[78.009,11.919],[78.007,11.917],[78.007,11.916],[78.007,11.915],[78.006,11.914],[78.002,11.915],[78.001,11.914],[78,11.913],[77.999,11.912],[77.999,11.91],[77.997,11.909],[77.996,11.909],[77.992,11.908],[77.987,11.906],[77.984,11.902],[77.98,11.903],[77.979,11.897],[77.971,11.896],[77.965,11.898],[77.961,11.901],[77.958,11.9],[77.954,11.9],[77.95,11.897],[77.948,11.895],[77.945,11.898],[77.941,11.896],[77.938,11.899],[77.935,11.9],[77.934,11.901],[77.933,11.901],[77.93,11.899],[77.928,11.9],[77.925,11.9],[77.923,11.9],[77.921,11.901],[77.919,11.899],[77.913,11.9],[77.904,11.901],[77.9,11.903],[77.896,11.906],[77.893,11.908],[77.891,11.909],[77.886,11.909],[77.882,11.912],[77.872,11.912],[77.87,11.915],[77.866,11.915],[77.863,11.914],[77.859,11.908],[77.85,11.905],[77.851,11.9],[77.848,11.894],[77.842,11.897],[77.835,11.902],[77.818,11.906],[77.807,11.909],[77.786,11.91],[77.767,11.91],[77.762,11.91],[77.761,11.914],[77.756,11.92],[77.751,11.926],[77.749,11.929],[77.746,11.927],[77.743,11.93],[77.74,11.933],[77.739,11.939],[77.733,11.941],[77.705,11.943],[77.694,11.942],[77.683,11.948],[77.677,11.952],[77.676,11.952],[77.664,11.949],[77.655,11.954],[77.644,11.95],[77.629,11.946],[77.613,11.942],[77.601,11.938],[77.584,11.937],[77.562,11.942],[77.543,11.938],[77.532,11.934],[77.517,11.938],[77.502,11.94],[77.498,11.942],[77.494,11.943],[77.493,11.935],[77.493,11.929],[77.491,11.919],[77.489,11.911],[77.49,11.907],[77.483,11.899],[77.485,11.892],[77.481,11.893],[77.476,11.891],[77.475,11.898],[77.467,11.9],[77.462,11.899],[77.464,11.893],[77.463,11.89],[77.463,11.885],[77.464,11.876],[77.465,11.872],[77.464,11.868],[77.463,11.865],[77.46,11.862],[77.463,11.857],[77.462,11.855],[77.463,11.853],[77.467,11.848],[77.463,11.84],[77.462,11.837],[77.458,11.83],[77.456,11.824],[77.453,11.818],[77.453,11.816],[77.453,11.81],[77.451,11.802],[77.45,11.797],[77.448,11.792],[77.447,11.792],[77.445,11.79],[77.44,11.787],[77.442,11.783],[77.439,11.782],[77.434,11.778],[77.43,11.77],[77.428,11.765],[77.426,11.76],[77.427,11.753],[77.418,11.745],[77.417,11.737],[77.419,11.73],[77.426,11.732],[77.434,11.732],[77.434,11.725],[77.438,11.714],[77.442,11.717],[77.443,11.713],[77.442,11.707],[77.436,11.701],[77.439,11.692],[77.442,11.68],[77.442,11.672],[77.454,11.666],[77.439,11.643],[77.441,11.634],[77.459,11.607],[77.452,11.581],[77.447,11.565],[77.456,11.558],[77.478,11.552],[77.493,11.551],[77.502,11.563],[77.516,11.58],[77.518,11.59],[77.534,11.598],[77.54,11.621],[77.563,11.658],[77.572,11.665],[77.589,11.685],[77.602,11.666],[77.619,11.657],[77.616,11.671],[77.625,11.673],[77.634,11.664],[77.637,11.675],[77.649,11.703],[77.658,11.714],[77.674,11.724],[77.673,11.733],[77.697,11.761],[77.71,11.798],[77.721,11.79],[77.719,11.785],[77.714,11.776],[77.71,11.77],[77.708,11.767],[77.706,11.76],[77.705,11.751],[77.7,11.74],[77.697,11.736],[77.698,11.73],[77.697,11.725],[77.691,11.719],[77.694,11.713],[77.695,11.707],[77.692,11.701],[77.69,11.694],[77.698,11.694],[77.697,11.69],[77.696,11.679],[77.69,11.667],[77.689,11.652],[77.695,11.64],[77.7,11.635],[77.705,11.634],[77.714,11.641],[77.718,11.646],[77.717,11.647],[77.715,11.649],[77.721,11.652],[77.724,11.65],[77.728,11.655],[77.732,11.657],[77.739,11.656],[77.746,11.655],[77.749,11.664],[77.774,11.697],[77.776,11.696],[77.773,11.686],[77.769,11.68],[77.768,11.673],[77.767,11.666],[77.762,11.657],[77.761,11.649],[77.757,11.642],[77.752,11.635],[77.749,11.629],[77.744,11.616],[77.736,11.601],[77.742,11.58],[77.746,11.571],[77.737,11.558],[77.73,11.547],[77.726,11.539],[77.731,11.522],[77.733,11.514],[77.732,11.512],[77.723,11.505],[77.72,11.501],[77.715,11.495],[77.71,11.491],[77.704,11.484],[77.698,11.473],[77.697,11.466],[77.706,11.461],[77.709,11.465],[77.712,11.463],[77.709,11.452],[77.714,11.451],[77.717,11.452],[77.723,11.452],[77.731,11.446],[77.737,11.445],[77.744,11.446],[77.751,11.45],[77.762,11.455],[77.765,11.47],[77.766,11.475],[77.767,11.48],[77.771,11.482],[77.776,11.481],[77.782,11.478],[77.786,11.475],[77.787,11.472],[77.789,11.467],[77.791,11.464],[77.787,11.463],[77.786,11.459],[77.786,11.458],[77.784,11.453],[77.791,11.449],[77.797,11.449],[77.8,11.451],[77.804,11.449],[77.805,11.453],[77.805,11.458],[77.813,11.458],[77.815,11.462],[77.816,11.467],[77.812,11.467],[77.81,11.467],[77.808,11.468],[77.813,11.469],[77.814,11.47],[77.817,11.47],[77.818,11.467],[77.821,11.47],[77.826,11.471],[77.83,11.47],[77.831,11.466],[77.834,11.463],[77.834,11.457],[77.828,11.452],[77.822,11.449],[77.82,11.447],[77.823,11.444],[77.828,11.442],[77.832,11.44],[77.838,11.441],[77.84,11.441],[77.843,11.439],[77.847,11.436],[77.848,11.434],[77.848,11.432],[77.847,11.428],[77.848,11.426],[77.848,11.421],[77.852,11.421],[77.851,11.417],[77.854,11.415],[77.859,11.417],[77.861,11.419],[77.863,11.422],[77.866,11.423],[77.866,11.419],[77.867,11.416],[77.87,11.416],[77.874,11.416],[77.875,11.414],[77.877,11.415],[77.879,11.42],[77.88,11.422],[77.885,11.424],[77.891,11.423],[77.894,11.421],[77.898,11.421],[77.901,11.422],[77.905,11.424],[77.908,11.423],[77.911,11.423],[77.909,11.427],[77.909,11.43],[77.912,11.434],[77.912,11.435],[77.912,11.439],[77.91,11.442],[77.913,11.446],[77.911,11.452],[77.914,11.454],[77.915,11.455],[77.916,11.459],[77.917,11.455],[77.92,11.453],[77.924,11.451],[77.925,11.456],[77.925,11.458],[77.924,11.46],[77.927,11.461],[77.928,11.458],[77.931,11.46],[77.936,11.459],[77.94,11.46],[77.944,11.463],[77.946,11.466],[77.948,11.469],[77.948,11.473],[77.949,11.474],[77.952,11.47],[77.954,11.47],[77.96,11.469],[77.965,11.469],[77.969,11.469],[77.972,11.469],[77.973,11.473],[77.974,11.476],[77.973,11.48],[77.973,11.485],[77.973,11.488],[77.974,11.491],[77.975,11.494],[77.976,11.498],[77.977,11.501],[77.975,11.504],[77.973,11.507],[77.973,11.511],[77.974,11.514],[77.972,11.515],[77.972,11.516],[77.975,11.52],[77.976,11.528],[77.978,11.531],[77.98,11.53],[77.983,11.529],[77.987,11.527],[77.992,11.527],[77.996,11.526],[78.002,11.527],[78.008,11.525],[78.014,11.529],[78.021,11.529],[78.025,11.528],[78.032,11.529],[78.034,11.528],[78.034,11.526],[78.035,11.524],[78.036,11.522],[78.041,11.52],[78.044,11.52],[78.046,11.519],[78.046,11.515],[78.054,11.514],[78.054,11.515],[78.055,11.522],[78.058,11.521],[78.058,11.517],[78.062,11.521],[78.063,11.523],[78.065,11.522],[78.067,11.523],[78.068,11.523],[78.069,11.526],[78.07,11.527],[78.071,11.527],[78.07,11.523],[78.074,11.523],[78.076,11.523],[78.078,11.524],[78.079,11.526],[78.079,11.528],[78.075,11.532],[78.077,11.537],[78.077,11.541],[78.077,11.542],[78.078,11.545],[78.079,11.547],[78.082,11.549],[78.082,11.55],[78.083,11.552],[78.083,11.554],[78.086,11.553],[78.089,11.545],[78.092,11.546],[78.098,11.549],[78.098,11.554],[78.101,11.555],[78.106,11.557],[78.11,11.552],[78.112,11.549],[78.115,11.545],[78.118,11.542],[78.12,11.539],[78.123,11.541],[78.127,11.54],[78.131,11.539],[78.133,11.54],[78.137,11.542],[78.139,11.544],[78.141,11.541],[78.145,11.54],[78.151,11.538],[78.161,11.539],[78.161,11.541],[78.164,11.543],[78.165,11.546],[78.169,11.548],[78.177,11.546],[78.185,11.551],[78.199,11.553],[78.206,11.564],[78.217,11.563],[78.228,11.56],[78.249,11.555],[78.257,11.558],[78.264,11.559],[78.277,11.566],[78.264,11.567],[78.266,11.572],[78.274,11.579],[78.284,11.581],[78.29,11.584],[78.3,11.588],[78.303,11.589],[78.308,11.588],[78.317,11.581],[78.308,11.569],[78.312,11.564],[78.325,11.555],[78.324,11.55],[78.315,11.543],[78.323,11.537],[78.328,11.531],[78.335,11.536],[78.343,11.54],[78.344,11.543],[78.345,11.547],[78.349,11.552],[78.356,11.559],[78.358,11.565],[78.36,11.569],[78.365,11.576],[78.367,11.578],[78.372,11.582],[78.374,11.588],[78.373,11.583],[78.378,11.577],[78.384,11.581],[78.389,11.586],[78.405,11.588],[78.418,11.59],[78.428,11.593],[78.44,11.598],[78.451,11.593],[78.45,11.581],[78.449,11.565],[78.455,11.564],[78.461,11.56],[78.457,11.549],[78.457,11.54],[78.467,11.536],[78.468,11.529],[78.472,11.517],[78.465,11.505],[78.465,11.498],[78.458,11.502],[78.453,11.499],[78.442,11.499],[78.433,11.495],[78.436,11.488],[78.433,11.482],[78.426,11.474],[78.43,11.468],[78.437,11.464],[78.442,11.455],[78.445,11.44],[78.456,11.438],[78.457,11.438],[78.454,11.435],[78.453,11.433],[78.451,11.432],[78.449,11.431],[78.447,11.422],[78.444,11.406],[78.444,11.403],[78.434,11.394],[78.427,11.385],[78.435,11.389],[78.439,11.395],[78.447,11.4],[78.457,11.401],[78.467,11.405],[78.474,11.404],[78.481,11.407],[78.484,11.414],[78.488,11.411],[78.492,11.408],[78.502,11.403],[78.508,11.394],[78.505,11.383],[78.508,11.381],[78.517,11.381],[78.535,11.368],[78.554,11.354],[78.555,11.331],[78.556,11.317],[78.575,11.316],[78.579,11.324],[78.586,11.329],[78.596,11.331],[78.622,11.336],[78.643,11.348],[78.658,11.39],[78.656,11.401],[78.657,11.424],[78.7,11.456],[78.72,11.454],[78.743,11.443],[78.757,11.435],[78.765,11.422],[78.771,11.413],[78.781,11.403],[78.786,11.392],[78.791,11.388],[78.799,11.384],[78.801,11.402],[78.806,11.404],[78.812,11.411],[78.817,11.42],[78.822,11.428],[78.819,11.433],[78.805,11.446],[78.797,11.45],[78.79,11.454],[78.794,11.461],[78.798,11.475],[78.81,11.482],[78.809,11.49],[78.812,11.499],[78.815,11.508],[78.83,11.507],[78.84,11.52],[78.834,11.531],[78.829,11.544],[78.816,11.542],[78.815,11.554],[78.817,11.562],[78.826,11.571],[78.829,11.577],[78.822,11.586],[78.796,11.596],[78.784,11.602],[78.775,11.606],[78.781,11.614],[78.789,11.622],[78.788,11.63],[78.786,11.64],[78.781,11.637],[78.774,11.636],[78.784,11.647],[78.798,11.655],[78.804,11.66],[78.805,11.665],[78.804,11.683],[78.801,11.69],[78.771,11.699],[78.754,11.694],[78.73,11.69],[78.713,11.686],[78.695,11.69],[78.685,11.683],[78.678,11.668],[78.679,11.658],[78.677,11.643],[78.66,11.662],[78.647,11.661],[78.65,11.677],[78.651,11.696],[78.653,11.71],[78.641,11.72],[78.641,11.746],[78.642,11.761],[78.662,11.78],[78.665,11.796],[78.689,11.802],[78.691,11.812],[78.69,11.818],[78.692,11.825],[78.693,11.829],[78.694,11.833],[78.693,11.851],[78.674,11.858],[78.658,11.859],[78.651,11.866],[78.636,11.865],[78.633,11.866],[78.627,11.868],[78.627,11.869]],[[77.532,11.848],[77.544,11.834],[77.547,11.82],[77.55,11.808],[77.549,11.802],[77.559,11.802],[77.568,11.802],[77.573,11.794],[77.572,11.788],[77.583,11.785],[77.601,11.789],[77.617,11.777],[77.635,11.754],[77.636,11.741],[77.622,11.734],[77.618,11.751],[77.615,11.761],[77.605,11.768],[77.596,11.772],[77.588,11.77],[77.594,11.753],[77.589,11.74],[77.583,11.722],[77.568,11.716],[77.563,11.733],[77.56,11.76],[77.553,11.764],[77.54,11.752],[77.543,11.743],[77.528,11.748],[77.514,11.753],[77.504,11.748],[77.493,11.735],[77.483,11.721],[77.471,11.714],[77.465,11.687],[77.452,11.695],[77.456,11.712],[77.462,11.734],[77.474,11.741],[77.5,11.751],[77.521,11.77],[77.533,11.785],[77.527,11.8],[77.535,11.826],[77.527,11.841],[77.532,11.848]],[[77.557,11.82],[77.558,11.82],[77.556,11.819],[77.554,11.817],[77.552,11.816],[77.552,11.816],[77.55,11.818],[77.549,11.819],[77.549,11.82],[77.551,11.821],[77.552,11.822],[77.553,11.82],[77.554,11.821],[77.555,11.822],[77.556,11.822],[77.557,11.82]],[[77.558,11.663],[77.556,11.661],[77.552,11.664],[77.553,11.666],[77.555,11.669],[77.558,11.668],[77.56,11.666],[77.56,11.666],[77.558,11.663]],[[77.549,11.641],[77.546,11.636],[77.541,11.64],[77.544,11.644],[77.549,11.641]]]}},{"type":"Feature","properties":{"district":"Sivaganga"},"geometry":{"type":"Polygon","coordinates":[[[78.506,10.376],[78.507,10.381],[78.506,10.389],[78.499,10.389],[78.497,10.388],[78.493,10.388],[78.49,10.39],[78.49,10.396],[78.483,10.397],[78.477,10.401],[78.47,10.402],[78.464,10.408],[78.46,10.409],[78.451,10.41],[78.446,10.408],[78.442,10.402],[78.44,10.401],[78.44,10.396],[78.439,10.391],[78.439,10.386],[78.439,10.381],[78.446,10.379],[78.449,10.378],[78.448,10.374],[78.446,10.371],[78.443,10.37],[78.442,10.367],[78.439,10.364],[78.435,10.362],[78.433,10.363],[78.429,10.363],[78.427,10.363],[78.42,10.363],[78.415,10.363],[78.41,10.361],[78.408,10.358],[78.403,10.358],[78.401,10.356],[78.4,10.355],[78.397,10.354],[78.392,10.352],[78.394,10.349],[78.396,10.348],[78.398,10.348],[78.403,10.346],[78.404,10.344],[78.403,10.34],[78.401,10.339],[78.399,10.333],[78.398,10.328],[78.396,10.324],[78.393,10.323],[78.392,10.32],[78.391,10.318],[78.39,10.316],[78.389,10.315],[78.387,10.315],[78.383,10.314],[78.381,10.311],[78.379,10.31],[78.38,10.307],[78.38,10.306],[78.382,10.306],[78.385,10.304],[78.388,10.302],[78.39,10.303],[78.391,10.296],[78.389,10.295],[78.387,10.294],[78.387,10.292],[78.388,10.292],[78.386,10.29],[78.385,10.29],[78.384,10.292],[78.383,10.292],[78.381,10.294],[78.382,10.292],[78.384,10.288],[78.384,10.282],[78.385,10.276],[78.384,10.274],[78.387,10.273],[78.387,10.27],[78.388,10.271],[78.391,10.273],[78.394,10.273],[78.398,10.273],[78.401,10.273],[78.406,10.276],[78.409,10.272],[78.413,10.274],[78.415,10.275],[78.418,10.275],[78.42,10.272],[78.421,10.271],[78.424,10.271],[78.424,10.267],[78.425,10.26],[78.422,10.258],[78.414,10.257],[78.409,10.255],[78.399,10.25],[78.397,10.249],[78.395,10.248],[78.393,10.245],[78.392,10.241],[78.393,10.238],[78.396,10.232],[78.397,10.227],[78.398,10.225],[78.403,10.226],[78.404,10.225],[78.407,10.224],[78.408,10.22],[78.408,10.217],[78.411,10.214],[78.412,10.213],[78.412,10.21],[78.409,10.206],[78.407,10.203],[78.405,10.198],[78.404,10.192],[78.402,10.189],[78.401,10.186],[78.4,10.185],[78.397,10.181],[78.395,10.173],[78.395,10.171],[78.398,10.169],[78.399,10.167],[78.406,10.163],[78.409,10.162],[78.413,10.161],[78.409,10.153],[78.406,10.149],[78.405,10.145],[78.403,10.14],[78.406,10.138],[78.412,10.136],[78.416,10.134],[78.418,10.132],[78.42,10.134],[78.425,10.132],[78.425,10.128],[78.425,10.124],[78.425,10.122],[78.43,10.126],[78.43,10.128],[78.431,10.132],[78.431,10.133],[78.43,10.134],[78.432,10.135],[78.434,10.134],[78.435,10.131],[78.439,10.132],[78.44,10.131],[78.441,10.131],[78.443,10.128],[78.447,10.124],[78.45,10.121],[78.451,10.119],[78.453,10.119],[78.455,10.121],[78.456,10.122],[78.458,10.125],[78.463,10.124],[78.465,10.121],[78.47,10.122],[78.472,10.121],[78.474,10.121],[78.473,10.115],[78.471,10.112],[78.466,10.108],[78.465,10.107],[78.458,10.102],[78.456,10.1],[78.459,10.092],[78.458,10.082],[78.463,10.079],[78.463,10.075],[78.461,10.07],[78.457,10.071],[78.454,10.068],[78.454,10.063],[78.453,10.059],[78.448,10.06],[78.446,10.059],[78.442,10.061],[78.437,10.06],[78.43,10.054],[78.428,10.052],[78.429,10.045],[78.43,10.043],[78.431,10.037],[78.439,10.035],[78.442,10.035],[78.444,10.032],[78.447,10.028],[78.444,10.026],[78.446,10.025],[78.449,10.024],[78.449,10.022],[78.454,10.02],[78.456,10.018],[78.455,10.014],[78.456,10.013],[78.458,10.011],[78.458,10.01],[78.458,10.007],[78.457,10.003],[78.457,10.001],[78.456,9.994],[78.456,9.992],[78.45,9.992],[78.449,9.991],[78.449,9.989],[78.453,9.981],[78.457,9.969],[78.447,9.966],[78.436,9.963],[78.421,9.96],[78.413,9.957],[78.394,9.953],[78.389,9.954],[78.384,9.956],[78.381,9.957],[78.376,9.96],[78.376,9.959],[78.376,9.96],[78.373,9.962],[78.372,9.961],[78.37,9.955],[78.369,9.946],[78.368,9.934],[78.364,9.934],[78.354,9.938],[78.351,9.94],[78.349,9.937],[78.347,9.939],[78.345,9.939],[78.343,9.937],[78.338,9.938],[78.334,9.934],[78.331,9.931],[78.325,9.928],[78.319,9.926],[78.315,9.923],[78.314,9.918],[78.312,9.911],[78.31,9.899],[78.311,9.893],[78.315,9.883],[78.313,9.878],[78.31,9.865],[78.3,9.862],[78.298,9.862],[78.292,9.863],[78.289,9.867],[78.287,9.87],[78.276,9.871],[78.26,9.871],[78.252,9.872],[78.26,9.862],[78.266,9.856],[78.267,9.854],[78.26,9.842],[78.255,9.835],[78.251,9.836],[78.244,9.841],[78.239,9.847],[78.242,9.853],[78.248,9.859],[78.238,9.86],[78.234,9.863],[78.228,9.864],[78.225,9.862],[78.22,9.866],[78.215,9.871],[78.211,9.874],[78.205,9.876],[78.201,9.872],[78.199,9.87],[78.19,9.871],[78.187,9.869],[78.181,9.868],[78.176,9.87],[78.169,9.874],[78.157,9.874],[78.154,9.874],[78.151,9.872],[78.151,9.868],[78.152,9.859],[78.145,9.853],[78.132,9.856],[78.125,9.855],[78.124,9.847],[78.127,9.84],[78.132,9.832],[78.131,9.827],[78.132,9.823],[78.13,9.818],[78.128,9.815],[78.13,9.814],[78.134,9.812],[78.14,9.812],[78.145,9.814],[78.15,9.82],[78.153,9.823],[78.152,9.828],[78.165,9.828],[78.173,9.825],[78.18,9.822],[78.185,9.818],[78.187,9.814],[78.189,9.811],[78.192,9.81],[78.192,9.804],[78.188,9.795],[78.181,9.786],[78.178,9.774],[78.175,9.772],[78.164,9.775],[78.161,9.777],[78.168,9.785],[78.171,9.795],[78.163,9.799],[78.16,9.803],[78.145,9.808],[78.14,9.805],[78.141,9.795],[78.146,9.793],[78.141,9.782],[78.139,9.778],[78.138,9.771],[78.137,9.762],[78.134,9.748],[78.139,9.746],[78.141,9.744],[78.146,9.743],[78.149,9.751],[78.165,9.752],[78.166,9.749],[78.171,9.749],[78.173,9.75],[78.174,9.754],[78.179,9.757],[78.192,9.763],[78.197,9.767],[78.202,9.764],[78.206,9.768],[78.208,9.781],[78.212,9.78],[78.215,9.779],[78.219,9.776],[78.222,9.772],[78.232,9.764],[78.241,9.756],[78.252,9.752],[78.257,9.751],[78.26,9.749],[78.262,9.747],[78.265,9.746],[78.27,9.743],[78.277,9.741],[78.276,9.733],[78.28,9.733],[78.28,9.73],[78.277,9.727],[78.272,9.728],[78.272,9.723],[78.277,9.721],[78.278,9.715],[78.277,9.707],[78.274,9.705],[78.276,9.7],[78.278,9.698],[78.276,9.694],[78.272,9.694],[78.271,9.692],[78.272,9.69],[78.273,9.686],[78.278,9.685],[78.279,9.684],[78.28,9.683],[78.284,9.68],[78.288,9.676],[78.291,9.675],[78.292,9.675],[78.293,9.677],[78.295,9.677],[78.299,9.677],[78.302,9.678],[78.302,9.681],[78.302,9.685],[78.302,9.688],[78.297,9.691],[78.296,9.693],[78.298,9.697],[78.299,9.7],[78.3,9.704],[78.302,9.703],[78.307,9.711],[78.311,9.718],[78.312,9.723],[78.322,9.734],[78.323,9.742],[78.325,9.743],[78.325,9.742],[78.325,9.736],[78.328,9.728],[78.327,9.724],[78.325,9.72],[78.323,9.715],[78.321,9.709],[78.323,9.702],[78.327,9.693],[78.332,9.691],[78.336,9.688],[78.342,9.682],[78.342,9.672],[78.337,9.665],[78.342,9.658],[78.349,9.664],[78.352,9.66],[78.351,9.656],[78.353,9.657],[78.356,9.655],[78.357,9.652],[78.36,9.651],[78.362,9.652],[78.364,9.654],[78.381,9.655],[78.389,9.653],[78.393,9.648],[78.392,9.639],[78.39,9.632],[78.393,9.63],[78.394,9.628],[78.394,9.623],[78.394,9.618],[78.398,9.617],[78.4,9.612],[78.406,9.612],[78.408,9.619],[78.412,9.618],[78.413,9.613],[78.415,9.61],[78.423,9.608],[78.423,9.611],[78.426,9.617],[78.427,9.617],[78.428,9.611],[78.431,9.608],[78.436,9.609],[78.44,9.612],[78.441,9.615],[78.446,9.614],[78.448,9.618],[78.45,9.618],[78.456,9.618],[78.459,9.626],[78.461,9.633],[78.461,9.636],[78.463,9.635],[78.469,9.631],[78.473,9.625],[78.476,9.618],[78.477,9.613],[78.48,9.614],[78.483,9.611],[78.49,9.61],[78.497,9.611],[78.503,9.611],[78.498,9.602],[78.496,9.601],[78.495,9.599],[78.504,9.595],[78.515,9.583],[78.528,9.576],[78.544,9.576],[78.551,9.575],[78.563,9.572],[78.573,9.571],[78.579,9.575],[78.589,9.571],[78.59,9.565],[78.594,9.564],[78.607,9.558],[78.617,9.558],[78.617,9.552],[78.615,9.544],[78.616,9.54],[78.619,9.535],[78.635,9.527],[78.653,9.522],[78.658,9.522],[78.659,9.53],[78.656,9.536],[78.658,9.547],[78.672,9.554],[78.683,9.562],[78.693,9.575],[78.693,9.58],[78.688,9.585],[78.684,9.587],[78.682,9.593],[78.681,9.598],[78.686,9.606],[78.688,9.603],[78.695,9.599],[78.701,9.594],[78.711,9.593],[78.72,9.591],[78.733,9.589],[78.744,9.589],[78.748,9.587],[78.751,9.59],[78.754,9.593],[78.758,9.593],[78.763,9.593],[78.765,9.592],[78.77,9.59],[78.776,9.589],[78.781,9.592],[78.782,9.593],[78.783,9.596],[78.788,9.595],[78.792,9.596],[78.793,9.596],[78.799,9.597],[78.801,9.598],[78.804,9.597],[78.806,9.599],[78.808,9.598],[78.811,9.6],[78.813,9.599],[78.82,9.6],[78.823,9.605],[78.827,9.614],[78.825,9.619],[78.82,9.62],[78.817,9.624],[78.808,9.626],[78.804,9.623],[78.799,9.624],[78.794,9.631],[78.794,9.632],[78.791,9.633],[78.788,9.635],[78.788,9.637],[78.793,9.637],[78.795,9.639],[78.795,9.643],[78.794,9.644],[78.791,9.645],[78.79,9.647],[78.791,9.648],[78.788,9.651],[78.786,9.652],[78.786,9.653],[78.786,9.654],[78.789,9.658],[78.789,9.661],[78.791,9.663],[78.795,9.668],[78.795,9.671],[78.792,9.672],[78.792,9.673],[78.793,9.674],[78.794,9.678],[78.795,9.684],[78.798,9.688],[78.799,9.692],[78.799,9.696],[78.797,9.697],[78.795,9.701],[78.795,9.704],[78.794,9.705],[78.794,9.706],[78.792,9.705],[78.789,9.706],[78.783,9.712],[78.781,9.717],[78.778,9.72],[78.776,9.719],[78.774,9.719],[78.77,9.719],[78.768,9.718],[78.764,9.717],[78.758,9.717],[78.752,9.716],[78.749,9.708],[78.746,9.706],[78.744,9.717],[78.743,9.728],[78.742,9.744],[78.738,9.747],[78.733,9.749],[78.733,9.753],[78.733,9.757],[78.737,9.759],[78.741,9.759],[78.742,9.759],[78.744,9.761],[78.743,9.772],[78.74,9.774],[78.737,9.78],[78.741,9.78],[78.745,9.782],[78.752,9.78],[78.756,9.782],[78.763,9.784],[78.772,9.786],[78.78,9.792],[78.785,9.783],[78.783,9.771],[78.781,9.763],[78.78,9.76],[78.784,9.764],[78.788,9.772],[78.791,9.775],[78.792,9.777],[78.792,9.778],[78.792,9.779],[78.79,9.781],[78.792,9.782],[78.797,9.784],[78.8,9.784],[78.799,9.786],[78.796,9.794],[78.797,9.795],[78.799,9.794],[78.8,9.79],[78.804,9.788],[78.81,9.787],[78.813,9.781],[78.818,9.782],[78.822,9.788],[78.828,9.793],[78.829,9.79],[78.831,9.781],[78.829,9.777],[78.82,9.775],[78.824,9.772],[78.826,9.769],[78.822,9.762],[78.819,9.76],[78.811,9.761],[78.805,9.758],[78.806,9.748],[78.808,9.743],[78.809,9.739],[78.814,9.738],[78.815,9.732],[78.819,9.731],[78.825,9.731],[78.826,9.732],[78.825,9.736],[78.821,9.74],[78.817,9.744],[78.822,9.749],[78.824,9.75],[78.828,9.75],[78.833,9.75],[78.835,9.749],[78.842,9.746],[78.845,9.743],[78.852,9.748],[78.854,9.757],[78.853,9.763],[78.856,9.765],[78.861,9.761],[78.868,9.759],[78.871,9.755],[78.88,9.748],[78.882,9.745],[78.883,9.747],[78.886,9.748],[78.887,9.752],[78.889,9.754],[78.892,9.761],[78.893,9.766],[78.892,9.771],[78.893,9.773],[78.888,9.78],[78.888,9.784],[78.885,9.786],[78.879,9.786],[78.874,9.786],[78.871,9.788],[78.867,9.789],[78.866,9.797],[78.868,9.799],[78.871,9.8],[78.872,9.803],[78.868,9.806],[78.864,9.812],[78.867,9.815],[78.87,9.819],[78.871,9.821],[78.873,9.824],[78.873,9.828],[78.868,9.831],[78.867,9.835],[78.868,9.836],[78.868,9.839],[78.871,9.842],[78.87,9.846],[78.869,9.852],[78.872,9.856],[78.873,9.858],[78.875,9.864],[78.878,9.87],[78.88,9.873],[78.878,9.874],[78.873,9.875],[78.874,9.878],[78.874,9.88],[78.874,9.882],[78.876,9.885],[78.88,9.886],[78.883,9.88],[78.888,9.88],[78.892,9.88],[78.893,9.882],[78.895,9.887],[78.898,9.89],[78.901,9.894],[78.898,9.899],[78.895,9.906],[78.892,9.908],[78.893,9.912],[78.899,9.914],[78.903,9.919],[78.913,9.919],[78.917,9.927],[78.919,9.927],[78.924,9.927],[78.928,9.926],[78.931,9.931],[78.936,9.934],[78.938,9.932],[78.937,9.926],[78.941,9.92],[78.944,9.917],[78.949,9.92],[78.955,9.92],[78.961,9.922],[78.963,9.925],[78.964,9.929],[78.965,9.939],[78.965,9.941],[78.964,9.943],[78.969,9.943],[78.975,9.943],[78.98,9.942],[78.986,9.941],[78.99,9.941],[78.991,9.945],[78.988,9.951],[78.993,9.953],[78.994,9.952],[78.998,9.954],[79.003,9.956],[79.002,9.958],[79.002,9.96],[79.002,9.962],[79.002,9.964],[78.998,9.965],[79,9.972],[79.003,9.979],[79.011,9.98],[79.012,9.985],[79.009,9.99],[79.007,9.989],[79.004,9.987],[78.999,9.99],[78.994,9.996],[78.988,9.995],[78.986,9.992],[78.977,9.991],[78.975,10],[78.967,10.006],[78.952,10.008],[78.937,10.016],[78.93,10.031],[78.932,10.037],[78.924,10.043],[78.931,10.047],[78.934,10.052],[78.936,10.054],[78.94,10.054],[78.944,10.057],[78.938,10.064],[78.934,10.072],[78.94,10.076],[78.944,10.078],[78.946,10.08],[78.95,10.088],[78.96,10.095],[78.963,10.092],[78.972,10.082],[78.978,10.086],[78.983,10.085],[78.982,10.095],[78.982,10.1],[78.976,10.111],[78.973,10.119],[78.971,10.122],[78.966,10.127],[78.964,10.119],[78.96,10.116],[78.953,10.114],[78.95,10.114],[78.948,10.105],[78.947,10.11],[78.946,10.111],[78.942,10.113],[78.941,10.11],[78.94,10.111],[78.939,10.111],[78.938,10.114],[78.933,10.116],[78.93,10.115],[78.929,10.118],[78.927,10.121],[78.921,10.123],[78.919,10.125],[78.914,10.127],[78.913,10.13],[78.911,10.131],[78.91,10.136],[78.912,10.139],[78.913,10.143],[78.911,10.145],[78.908,10.149],[78.902,10.155],[78.9,10.15],[78.896,10.147],[78.888,10.149],[78.885,10.152],[78.88,10.151],[78.875,10.143],[78.873,10.142],[78.872,10.138],[78.865,10.132],[78.863,10.127],[78.848,10.127],[78.849,10.134],[78.847,10.138],[78.842,10.139],[78.837,10.14],[78.833,10.139],[78.833,10.145],[78.831,10.148],[78.831,10.151],[78.825,10.157],[78.814,10.167],[78.816,10.17],[78.82,10.183],[78.821,10.201],[78.81,10.213],[78.8,10.209],[78.79,10.207],[78.783,10.205],[78.777,10.203],[78.774,10.2],[78.772,10.199],[78.769,10.199],[78.769,10.197],[78.766,10.195],[78.765,10.193],[78.765,10.181],[78.766,10.178],[78.766,10.174],[78.767,10.173],[78.77,10.169],[78.768,10.166],[78.767,10.163],[78.765,10.164],[78.761,10.165],[78.758,10.165],[78.755,10.165],[78.749,10.164],[78.747,10.164],[78.744,10.164],[78.738,10.162],[78.738,10.16],[78.735,10.159],[78.729,10.161],[78.727,10.163],[78.728,10.166],[78.727,10.17],[78.724,10.17],[78.723,10.17],[78.716,10.171],[78.709,10.176],[78.708,10.175],[78.703,10.169],[78.697,10.159],[78.695,10.156],[78.693,10.154],[78.692,10.149],[78.69,10.147],[78.685,10.146],[78.681,10.148],[78.677,10.147],[78.676,10.148],[78.676,10.149],[78.674,10.151],[78.673,10.152],[78.672,10.153],[78.671,10.153],[78.67,10.154],[78.668,10.154],[78.669,10.157],[78.67,10.16],[78.67,10.162],[78.67,10.163],[78.669,10.166],[78.669,10.167],[78.669,10.168],[78.667,10.17],[78.668,10.17],[78.668,10.172],[78.669,10.173],[78.67,10.176],[78.669,10.177],[78.667,10.178],[78.665,10.178],[78.664,10.179],[78.665,10.183],[78.665,10.185],[78.666,10.186],[78.667,10.187],[78.667,10.189],[78.667,10.191],[78.668,10.194],[78.669,10.194],[78.671,10.195],[78.672,10.198],[78.672,10.2],[78.673,10.202],[78.673,10.205],[78.671,10.206],[78.669,10.208],[78.666,10.211],[78.664,10.213],[78.66,10.215],[78.659,10.215],[78.656,10.217],[78.652,10.219],[78.649,10.224],[78.647,10.228],[78.648,10.229],[78.65,10.233],[78.651,10.236],[78.651,10.237],[78.649,10.237],[78.643,10.24],[78.641,10.242],[78.644,10.244],[78.644,10.244],[78.646,10.245],[78.647,10.246],[78.649,10.248],[78.65,10.249],[78.651,10.251],[78.652,10.254],[78.648,10.256],[78.641,10.265],[78.634,10.269],[78.624,10.27],[78.613,10.27],[78.61,10.274],[78.597,10.277],[78.587,10.283],[78.576,10.287],[78.571,10.281],[78.572,10.275],[78.575,10.274],[78.576,10.265],[78.573,10.259],[78.564,10.257],[78.554,10.251],[78.549,10.252],[78.541,10.253],[78.538,10.256],[78.534,10.254],[78.53,10.251],[78.53,10.25],[78.529,10.243],[78.529,10.241],[78.52,10.237],[78.518,10.232],[78.516,10.227],[78.515,10.225],[78.516,10.222],[78.515,10.218],[78.517,10.212],[78.517,10.209],[78.514,10.207],[78.514,10.206],[78.514,10.201],[78.514,10.198],[78.516,10.194],[78.516,10.191],[78.51,10.189],[78.504,10.188],[78.5,10.188],[78.498,10.189],[78.495,10.192],[78.491,10.19],[78.488,10.191],[78.483,10.194],[78.481,10.197],[78.478,10.2],[78.476,10.202],[78.474,10.203],[78.471,10.206],[78.473,10.211],[78.474,10.216],[78.473,10.22],[78.476,10.223],[78.48,10.224],[78.483,10.228],[78.486,10.231],[78.488,10.235],[78.485,10.237],[78.479,10.241],[78.48,10.245],[78.482,10.25],[78.485,10.251],[78.484,10.254],[78.482,10.255],[78.479,10.25],[78.474,10.244],[78.465,10.241],[78.461,10.241],[78.456,10.242],[78.45,10.245],[78.449,10.247],[78.45,10.25],[78.45,10.254],[78.452,10.257],[78.453,10.259],[78.453,10.266],[78.456,10.267],[78.457,10.268],[78.46,10.267],[78.464,10.267],[78.471,10.27],[78.476,10.269],[78.479,10.267],[78.485,10.266],[78.49,10.263],[78.494,10.264],[78.499,10.264],[78.51,10.265],[78.514,10.274],[78.513,10.286],[78.516,10.297],[78.515,10.309],[78.519,10.319],[78.517,10.332],[78.51,10.345],[78.498,10.352],[78.498,10.356],[78.497,10.36],[78.498,10.364],[78.502,10.367],[78.506,10.376]]]}},{"type":"Feature","properties":{"district":"Theni"},"geometry":{"type":"Polygon","coordinates":[[[77.713,10.026],[77.712,10.029],[77.712,10.03],[77.712,10.034],[77.711,10.034],[77.709,10.034],[77.708,10.035],[77.707,10.037],[77.706,10.038],[77.708,10.042],[77.711,10.046],[77.712,10.045],[77.712,10.048],[77.711,10.049],[77.71,10.05],[77.71,10.055],[77.709,10.058],[77.708,10.064],[77.708,10.067],[77.709,10.07],[77.709,10.077],[77.708,10.082],[77.705,10.084],[77.699,10.086],[77.697,10.087],[77.698,10.089],[77.699,10.09],[77.7,10.092],[77.699,10.094],[77.701,10.096],[77.702,10.099],[77.702,10.103],[77.699,10.106],[77.696,10.11],[77.691,10.112],[77.685,10.114],[77.681,10.116],[77.678,10.117],[77.675,10.12],[77.671,10.121],[77.67,10.127],[77.674,10.127],[77.676,10.128],[77.675,10.135],[77.675,10.139],[77.675,10.142],[77.678,10.144],[77.681,10.144],[77.683,10.144],[77.686,10.145],[77.688,10.146],[77.692,10.145],[77.693,10.143],[77.695,10.14],[77.697,10.136],[77.698,10.134],[77.702,10.134],[77.704,10.134],[77.706,10.132],[77.708,10.129],[77.711,10.129],[77.715,10.129],[77.719,10.13],[77.721,10.133],[77.726,10.133],[77.729,10.131],[77.729,10.133],[77.727,10.135],[77.724,10.138],[77.724,10.144],[77.724,10.149],[77.725,10.154],[77.727,10.154],[77.728,10.156],[77.729,10.159],[77.728,10.162],[77.726,10.163],[77.724,10.165],[77.722,10.167],[77.72,10.168],[77.717,10.169],[77.716,10.17],[77.712,10.17],[77.713,10.172],[77.712,10.175],[77.711,10.178],[77.71,10.179],[77.708,10.181],[77.707,10.183],[77.706,10.184],[77.705,10.184],[77.705,10.185],[77.704,10.187],[77.704,10.19],[77.703,10.19],[77.702,10.192],[77.702,10.194],[77.701,10.196],[77.704,10.196],[77.704,10.198],[77.704,10.201],[77.706,10.201],[77.706,10.203],[77.707,10.205],[77.707,10.206],[77.71,10.208],[77.709,10.209],[77.708,10.21],[77.708,10.211],[77.708,10.213],[77.707,10.214],[77.707,10.216],[77.707,10.215],[77.706,10.213],[77.705,10.213],[77.704,10.214],[77.702,10.213],[77.703,10.211],[77.702,10.208],[77.7,10.207],[77.698,10.207],[77.697,10.206],[77.698,10.202],[77.697,10.201],[77.695,10.198],[77.692,10.198],[77.689,10.2],[77.687,10.201],[77.684,10.202],[77.682,10.201],[77.68,10.199],[77.678,10.197],[77.676,10.197],[77.673,10.196],[77.671,10.196],[77.669,10.193],[77.668,10.191],[77.666,10.189],[77.663,10.19],[77.663,10.191],[77.663,10.192],[77.66,10.192],[77.658,10.192],[77.658,10.194],[77.655,10.195],[77.653,10.195],[77.654,10.196],[77.653,10.199],[77.65,10.198],[77.649,10.2],[77.648,10.201],[77.645,10.203],[77.644,10.205],[77.642,10.203],[77.638,10.206],[77.636,10.208],[77.632,10.208],[77.63,10.21],[77.626,10.211],[77.624,10.213],[77.624,10.215],[77.624,10.217],[77.622,10.219],[77.62,10.218],[77.62,10.216],[77.619,10.214],[77.617,10.213],[77.615,10.213],[77.614,10.213],[77.613,10.213],[77.611,10.213],[77.609,10.213],[77.609,10.212],[77.607,10.21],[77.605,10.209],[77.604,10.208],[77.604,10.207],[77.604,10.206],[77.602,10.206],[77.602,10.206],[77.601,10.206],[77.601,10.207],[77.601,10.208],[77.6,10.208],[77.6,10.207],[77.598,10.206],[77.597,10.206],[77.596,10.205],[77.596,10.204],[77.596,10.203],[77.596,10.202],[77.598,10.202],[77.599,10.202],[77.6,10.202],[77.601,10.201],[77.603,10.2],[77.602,10.199],[77.601,10.198],[77.601,10.197],[77.6,10.196],[77.597,10.194],[77.595,10.193],[77.594,10.192],[77.593,10.191],[77.592,10.191],[77.591,10.192],[77.591,10.194],[77.591,10.196],[77.59,10.197],[77.589,10.197],[77.589,10.195],[77.588,10.194],[77.587,10.193],[77.586,10.192],[77.585,10.192],[77.584,10.192],[77.584,10.191],[77.583,10.19],[77.582,10.191],[77.581,10.19],[77.579,10.189],[77.577,10.188],[77.575,10.187],[77.574,10.186],[77.573,10.185],[77.573,10.184],[77.572,10.183],[77.571,10.182],[77.57,10.181],[77.569,10.182],[77.568,10.182],[77.567,10.183],[77.568,10.185],[77.569,10.187],[77.568,10.188],[77.567,10.188],[77.568,10.189],[77.568,10.189],[77.567,10.19],[77.567,10.191],[77.568,10.191],[77.569,10.193],[77.568,10.194],[77.567,10.193],[77.566,10.194],[77.566,10.196],[77.565,10.196],[77.564,10.197],[77.563,10.198],[77.562,10.199],[77.561,10.199],[77.56,10.199],[77.559,10.199],[77.558,10.2],[77.557,10.201],[77.556,10.202],[77.555,10.202],[77.553,10.201],[77.552,10.201],[77.551,10.2],[77.55,10.2],[77.55,10.201],[77.55,10.202],[77.549,10.204],[77.548,10.204],[77.548,10.203],[77.548,10.202],[77.548,10.201],[77.547,10.201],[77.547,10.2],[77.547,10.199],[77.548,10.198],[77.549,10.197],[77.55,10.196],[77.549,10.196],[77.548,10.196],[77.548,10.195],[77.549,10.194],[77.551,10.193],[77.551,10.191],[77.55,10.191],[77.548,10.192],[77.546,10.192],[77.545,10.193],[77.544,10.192],[77.545,10.191],[77.544,10.189],[77.543,10.188],[77.544,10.188],[77.545,10.187],[77.546,10.187],[77.547,10.186],[77.547,10.184],[77.546,10.183],[77.545,10.182],[77.544,10.182],[77.543,10.183],[77.543,10.184],[77.541,10.184],[77.54,10.186],[77.539,10.187],[77.539,10.188],[77.538,10.187],[77.538,10.185],[77.538,10.184],[77.537,10.183],[77.537,10.182],[77.537,10.181],[77.537,10.18],[77.536,10.179],[77.534,10.179],[77.533,10.179],[77.532,10.179],[77.53,10.178],[77.529,10.178],[77.528,10.178],[77.527,10.177],[77.526,10.176],[77.525,10.176],[77.523,10.176],[77.524,10.175],[77.525,10.175],[77.525,10.172],[77.524,10.172],[77.522,10.171],[77.521,10.17],[77.52,10.169],[77.52,10.168],[77.519,10.167],[77.518,10.166],[77.517,10.166],[77.516,10.166],[77.516,10.165],[77.515,10.164],[77.514,10.163],[77.513,10.162],[77.512,10.161],[77.511,10.161],[77.509,10.161],[77.508,10.161],[77.507,10.161],[77.505,10.16],[77.503,10.16],[77.502,10.16],[77.5,10.161],[77.499,10.159],[77.497,10.156],[77.495,10.154],[77.492,10.151],[77.489,10.148],[77.488,10.148],[77.487,10.151],[77.486,10.152],[77.485,10.153],[77.483,10.154],[77.481,10.151],[77.481,10.148],[77.478,10.148],[77.476,10.148],[77.475,10.146],[77.472,10.146],[77.473,10.144],[77.472,10.142],[77.47,10.143],[77.468,10.142],[77.469,10.14],[77.468,10.139],[77.468,10.136],[77.466,10.133],[77.465,10.13],[77.466,10.129],[77.462,10.13],[77.458,10.132],[77.457,10.132],[77.455,10.135],[77.452,10.136],[77.448,10.136],[77.443,10.133],[77.44,10.133],[77.438,10.132],[77.438,10.133],[77.437,10.134],[77.434,10.135],[77.432,10.136],[77.43,10.136],[77.427,10.136],[77.424,10.138],[77.421,10.141],[77.418,10.142],[77.415,10.144],[77.413,10.144],[77.411,10.146],[77.41,10.149],[77.41,10.152],[77.409,10.156],[77.407,10.159],[77.401,10.16],[77.396,10.163],[77.394,10.16],[77.393,10.156],[77.39,10.153],[77.388,10.151],[77.386,10.148],[77.384,10.146],[77.378,10.143],[77.375,10.142],[77.372,10.139],[77.371,10.141],[77.37,10.142],[77.369,10.143],[77.367,10.146],[77.364,10.149],[77.361,10.151],[77.359,10.151],[77.358,10.15],[77.356,10.149],[77.354,10.148],[77.354,10.147],[77.352,10.145],[77.351,10.143],[77.348,10.142],[77.345,10.139],[77.341,10.136],[77.338,10.138],[77.331,10.142],[77.328,10.141],[77.326,10.137],[77.326,10.135],[77.325,10.13],[77.324,10.128],[77.319,10.131],[77.317,10.133],[77.312,10.136],[77.31,10.136],[77.308,10.135],[77.303,10.136],[77.3,10.135],[77.295,10.132],[77.292,10.13],[77.291,10.126],[77.287,10.127],[77.286,10.126],[77.283,10.123],[77.283,10.118],[77.278,10.118],[77.267,10.119],[77.259,10.124],[77.255,10.125],[77.252,10.125],[77.25,10.126],[77.249,10.128],[77.248,10.13],[77.246,10.13],[77.244,10.131],[77.242,10.13],[77.238,10.13],[77.236,10.129],[77.233,10.126],[77.233,10.124],[77.23,10.121],[77.227,10.121],[77.224,10.119],[77.219,10.118],[77.215,10.116],[77.212,10.117],[77.208,10.118],[77.208,10.115],[77.205,10.113],[77.203,10.109],[77.201,10.106],[77.203,10.104],[77.203,10.1],[77.203,10.094],[77.203,10.091],[77.203,10.089],[77.205,10.087],[77.208,10.085],[77.21,10.083],[77.212,10.082],[77.215,10.08],[77.217,10.08],[77.218,10.079],[77.219,10.077],[77.221,10.075],[77.223,10.073],[77.224,10.069],[77.226,10.068],[77.228,10.067],[77.231,10.067],[77.232,10.065],[77.233,10.063],[77.234,10.061],[77.236,10.059],[77.237,10.057],[77.24,10.055],[77.242,10.053],[77.245,10.051],[77.246,10.049],[77.247,10.047],[77.249,10.045],[77.251,10.042],[77.254,10.037],[77.258,10.035],[77.262,10.03],[77.262,10.024],[77.26,10.019],[77.257,10.017],[77.255,10.011],[77.259,10.008],[77.262,10.005],[77.265,10.003],[77.263,9.999],[77.261,9.991],[77.267,9.99],[77.267,9.984],[77.268,9.982],[77.273,9.976],[77.272,9.97],[77.272,9.961],[77.267,9.959],[77.258,9.952],[77.25,9.952],[77.247,9.95],[77.246,9.945],[77.243,9.942],[77.237,9.936],[77.234,9.931],[77.235,9.926],[77.231,9.922],[77.231,9.917],[77.23,9.912],[77.223,9.908],[77.218,9.904],[77.218,9.897],[77.22,9.888],[77.217,9.884],[77.213,9.878],[77.217,9.868],[77.236,9.86],[77.236,9.851],[77.223,9.845],[77.226,9.834],[77.225,9.829],[77.222,9.822],[77.227,9.821],[77.233,9.819],[77.244,9.813],[77.246,9.806],[77.247,9.798],[77.239,9.794],[77.231,9.789],[77.223,9.788],[77.225,9.781],[77.228,9.772],[77.232,9.768],[77.227,9.763],[77.225,9.756],[77.223,9.751],[77.221,9.746],[77.22,9.742],[77.223,9.74],[77.222,9.737],[77.223,9.732],[77.222,9.73],[77.216,9.727],[77.212,9.724],[77.208,9.725],[77.206,9.724],[77.204,9.721],[77.206,9.717],[77.205,9.713],[77.204,9.71],[77.202,9.705],[77.204,9.702],[77.206,9.697],[77.206,9.694],[77.202,9.688],[77.2,9.685],[77.197,9.68],[77.195,9.674],[77.194,9.671],[77.188,9.667],[77.187,9.664],[77.185,9.661],[77.181,9.659],[77.18,9.654],[77.179,9.649],[77.179,9.644],[77.178,9.643],[77.176,9.64],[77.174,9.637],[77.174,9.635],[77.175,9.632],[77.176,9.629],[77.175,9.627],[77.171,9.626],[77.169,9.623],[77.169,9.62],[77.168,9.616],[77.166,9.612],[77.169,9.611],[77.17,9.61],[77.173,9.611],[77.175,9.61],[77.178,9.61],[77.182,9.609],[77.189,9.606],[77.192,9.61],[77.195,9.61],[77.198,9.614],[77.204,9.614],[77.209,9.613],[77.21,9.608],[77.214,9.601],[77.219,9.6],[77.222,9.597],[77.222,9.593],[77.227,9.588],[77.233,9.583],[77.236,9.581],[77.242,9.585],[77.249,9.584],[77.258,9.576],[77.268,9.573],[77.278,9.577],[77.29,9.586],[77.298,9.592],[77.304,9.599],[77.317,9.602],[77.325,9.598],[77.33,9.598],[77.325,9.593],[77.326,9.589],[77.326,9.583],[77.326,9.58],[77.335,9.577],[77.341,9.575],[77.344,9.585],[77.349,9.595],[77.361,9.602],[77.366,9.596],[77.361,9.598],[77.357,9.592],[77.358,9.585],[77.36,9.579],[77.356,9.574],[77.35,9.567],[77.352,9.561],[77.363,9.556],[77.365,9.547],[77.365,9.539],[77.37,9.533],[77.375,9.526],[77.385,9.519],[77.4,9.527],[77.407,9.529],[77.417,9.537],[77.426,9.546],[77.434,9.546],[77.448,9.545],[77.455,9.543],[77.457,9.542],[77.466,9.547],[77.475,9.55],[77.475,9.557],[77.476,9.564],[77.473,9.572],[77.466,9.577],[77.468,9.585],[77.474,9.596],[77.481,9.602],[77.486,9.609],[77.492,9.62],[77.496,9.625],[77.5,9.631],[77.506,9.638],[77.504,9.644],[77.505,9.651],[77.512,9.653],[77.516,9.658],[77.522,9.66],[77.526,9.663],[77.528,9.668],[77.531,9.671],[77.535,9.675],[77.537,9.682],[77.54,9.69],[77.543,9.694],[77.546,9.697],[77.546,9.701],[77.548,9.708],[77.553,9.713],[77.554,9.718],[77.554,9.723],[77.557,9.726],[77.558,9.73],[77.559,9.734],[77.563,9.739],[77.564,9.745],[77.567,9.749],[77.574,9.751],[77.587,9.767],[77.593,9.772],[77.6,9.778],[77.602,9.788],[77.605,9.792],[77.608,9.796],[77.611,9.798],[77.615,9.805],[77.619,9.813],[77.623,9.822],[77.624,9.83],[77.626,9.835],[77.625,9.836],[77.619,9.836],[77.617,9.842],[77.618,9.848],[77.618,9.855],[77.621,9.864],[77.625,9.866],[77.631,9.871],[77.635,9.876],[77.64,9.883],[77.645,9.888],[77.647,9.892],[77.648,9.896],[77.646,9.901],[77.647,9.903],[77.651,9.907],[77.653,9.916],[77.655,9.919],[77.658,9.92],[77.665,9.915],[77.669,9.916],[77.673,9.922],[77.677,9.93],[77.679,9.936],[77.677,9.941],[77.676,9.946],[77.675,9.951],[77.673,9.959],[77.677,9.962],[77.681,9.967],[77.692,9.968],[77.694,9.973],[77.693,9.974],[77.694,9.976],[77.697,9.982],[77.697,9.983],[77.698,9.994],[77.698,10.002],[77.699,10.006],[77.698,10.009],[77.698,10.013],[77.698,10.015],[77.698,10.017],[77.7,10.016],[77.702,10.015],[77.706,10.017],[77.709,10.018],[77.709,10.02],[77.71,10.022],[77.712,10.024],[77.713,10.026]]]}},{"type":"Feature","properties":{"district":"Tenkasi"},"geometry":{"type":"Polygon","coordinates":[[[77.339,9.42],[77.338,9.408],[77.34,9.393],[77.335,9.382],[77.337,9.37],[77.335,9.363],[77.327,9.348],[77.32,9.338],[77.309,9.337],[77.3,9.333],[77.297,9.33],[77.302,9.321],[77.3,9.311],[77.294,9.305],[77.288,9.302],[77.282,9.299],[77.286,9.287],[77.288,9.278],[77.282,9.271],[77.283,9.259],[77.279,9.25],[77.279,9.245],[77.278,9.238],[77.275,9.232],[77.277,9.227],[77.281,9.221],[77.28,9.216],[77.275,9.21],[77.271,9.204],[77.268,9.201],[77.264,9.198],[77.258,9.199],[77.256,9.197],[77.252,9.189],[77.253,9.188],[77.259,9.184],[77.263,9.183],[77.265,9.18],[77.267,9.174],[77.267,9.168],[77.266,9.161],[77.267,9.156],[77.266,9.152],[77.261,9.149],[77.261,9.144],[77.257,9.142],[77.254,9.14],[77.251,9.133],[77.249,9.129],[77.242,9.125],[77.236,9.12],[77.228,9.115],[77.227,9.109],[77.222,9.106],[77.216,9.1],[77.21,9.096],[77.207,9.086],[77.206,9.081],[77.209,9.074],[77.207,9.071],[77.202,9.063],[77.197,9.057],[77.195,9.049],[77.193,9.044],[77.189,9.043],[77.185,9.047],[77.178,9.047],[77.169,9.046],[77.165,9.04],[77.16,9.036],[77.162,9.032],[77.158,9.027],[77.148,9.022],[77.15,9.017],[77.15,9.012],[77.157,9.008],[77.16,8.998],[77.17,8.993],[77.174,8.986],[77.176,8.977],[77.181,8.969],[77.19,8.966],[77.193,8.958],[77.197,8.953],[77.194,8.943],[77.197,8.934],[77.192,8.928],[77.2,8.925],[77.211,8.918],[77.218,8.919],[77.219,8.913],[77.22,8.907],[77.223,8.903],[77.232,8.902],[77.239,8.898],[77.238,8.889],[77.245,8.88],[77.256,8.879],[77.264,8.88],[77.279,8.878],[77.293,8.882],[77.307,8.876],[77.319,8.875],[77.322,8.876],[77.331,8.876],[77.339,8.869],[77.343,8.871],[77.351,8.872],[77.357,8.873],[77.362,8.873],[77.373,8.87],[77.378,8.87],[77.386,8.871],[77.383,8.863],[77.384,8.857],[77.384,8.851],[77.385,8.848],[77.389,8.849],[77.394,8.849],[77.398,8.845],[77.4,8.843],[77.404,8.841],[77.407,8.837],[77.405,8.834],[77.401,8.828],[77.407,8.829],[77.41,8.83],[77.414,8.827],[77.412,8.823],[77.414,8.816],[77.417,8.803],[77.42,8.787],[77.423,8.786],[77.43,8.779],[77.437,8.773],[77.441,8.768],[77.45,8.766],[77.457,8.766],[77.462,8.775],[77.46,8.781],[77.456,8.785],[77.459,8.789],[77.462,8.793],[77.463,8.8],[77.464,8.806],[77.463,8.814],[77.471,8.811],[77.478,8.805],[77.485,8.806],[77.49,8.799],[77.494,8.798],[77.501,8.798],[77.511,8.797],[77.507,8.806],[77.511,8.809],[77.512,8.807],[77.515,8.803],[77.518,8.798],[77.514,8.793],[77.518,8.787],[77.523,8.783],[77.53,8.786],[77.534,8.788],[77.542,8.788],[77.556,8.788],[77.569,8.795],[77.569,8.805],[77.575,8.815],[77.582,8.826],[77.589,8.847],[77.592,8.862],[77.593,8.871],[77.587,8.875],[77.579,8.874],[77.576,8.879],[77.567,8.879],[77.564,8.883],[77.568,8.887],[77.57,8.892],[77.569,8.9],[77.561,8.91],[77.568,8.909],[77.588,8.909],[77.593,8.917],[77.592,8.934],[77.593,8.945],[77.614,8.942],[77.616,8.935],[77.62,8.941],[77.626,8.948],[77.631,8.952],[77.639,8.956],[77.651,8.956],[77.654,8.946],[77.657,8.939],[77.668,8.929],[77.679,8.924],[77.682,8.921],[77.692,8.919],[77.696,8.926],[77.692,8.938],[77.684,8.96],[77.679,8.971],[77.676,8.984],[77.681,8.99],[77.692,8.99],[77.695,8.979],[77.7,8.974],[77.705,8.969],[77.721,8.972],[77.729,8.99],[77.722,9.003],[77.718,9.003],[77.714,9.003],[77.707,9.002],[77.701,9.002],[77.689,9.005],[77.688,9.007],[77.688,9.012],[77.69,9.015],[77.693,9.017],[77.696,9.02],[77.697,9.024],[77.697,9.025],[77.696,9.026],[77.695,9.027],[77.695,9.03],[77.694,9.03],[77.695,9.032],[77.696,9.034],[77.698,9.035],[77.701,9.035],[77.702,9.037],[77.703,9.04],[77.707,9.041],[77.708,9.038],[77.708,9.041],[77.71,9.042],[77.711,9.043],[77.713,9.044],[77.714,9.046],[77.713,9.046],[77.712,9.049],[77.711,9.052],[77.708,9.055],[77.707,9.058],[77.705,9.061],[77.702,9.063],[77.704,9.065],[77.703,9.068],[77.703,9.07],[77.704,9.073],[77.705,9.074],[77.707,9.076],[77.708,9.073],[77.712,9.073],[77.718,9.073],[77.722,9.072],[77.728,9.072],[77.733,9.073],[77.738,9.073],[77.739,9.074],[77.738,9.076],[77.742,9.075],[77.742,9.077],[77.743,9.078],[77.744,9.08],[77.744,9.081],[77.743,9.084],[77.742,9.086],[77.742,9.09],[77.741,9.094],[77.742,9.097],[77.741,9.102],[77.74,9.106],[77.737,9.106],[77.73,9.106],[77.726,9.108],[77.723,9.106],[77.722,9.108],[77.72,9.106],[77.717,9.105],[77.713,9.104],[77.711,9.104],[77.71,9.105],[77.709,9.104],[77.707,9.103],[77.703,9.102],[77.702,9.103],[77.699,9.103],[77.695,9.103],[77.693,9.101],[77.693,9.102],[77.691,9.102],[77.687,9.102],[77.686,9.105],[77.684,9.105],[77.682,9.106],[77.68,9.106],[77.68,9.108],[77.679,9.109],[77.678,9.11],[77.676,9.115],[77.676,9.121],[77.675,9.124],[77.674,9.127],[77.674,9.133],[77.674,9.136],[77.683,9.138],[77.687,9.134],[77.694,9.134],[77.698,9.137],[77.7,9.14],[77.696,9.143],[77.693,9.146],[77.691,9.15],[77.69,9.158],[77.696,9.163],[77.703,9.165],[77.706,9.169],[77.706,9.182],[77.712,9.189],[77.721,9.19],[77.726,9.19],[77.729,9.193],[77.735,9.197],[77.735,9.204],[77.734,9.212],[77.734,9.217],[77.733,9.22],[77.739,9.22],[77.743,9.221],[77.744,9.224],[77.744,9.23],[77.742,9.238],[77.742,9.244],[77.742,9.25],[77.742,9.254],[77.74,9.254],[77.74,9.256],[77.74,9.258],[77.739,9.26],[77.738,9.262],[77.739,9.264],[77.742,9.265],[77.741,9.265],[77.741,9.267],[77.741,9.27],[77.741,9.272],[77.742,9.275],[77.739,9.275],[77.739,9.277],[77.739,9.278],[77.739,9.28],[77.737,9.281],[77.736,9.281],[77.733,9.282],[77.73,9.282],[77.728,9.282],[77.725,9.282],[77.724,9.281],[77.722,9.28],[77.722,9.282],[77.72,9.283],[77.718,9.283],[77.718,9.284],[77.717,9.286],[77.717,9.287],[77.716,9.287],[77.714,9.287],[77.712,9.287],[77.712,9.289],[77.712,9.291],[77.711,9.291],[77.71,9.291],[77.708,9.291],[77.706,9.29],[77.703,9.291],[77.701,9.291],[77.699,9.291],[77.697,9.29],[77.696,9.289],[77.694,9.29],[77.691,9.289],[77.688,9.289],[77.684,9.289],[77.683,9.287],[77.68,9.286],[77.679,9.287],[77.677,9.287],[77.675,9.287],[77.673,9.287],[77.672,9.287],[77.67,9.287],[77.669,9.287],[77.668,9.287],[77.665,9.287],[77.663,9.287],[77.661,9.285],[77.659,9.285],[77.657,9.285],[77.656,9.284],[77.653,9.284],[77.653,9.286],[77.653,9.288],[77.651,9.288],[77.645,9.289],[77.644,9.291],[77.644,9.292],[77.641,9.293],[77.639,9.293],[77.636,9.293],[77.634,9.293],[77.632,9.294],[77.629,9.294],[77.628,9.294],[77.625,9.293],[77.625,9.296],[77.622,9.297],[77.617,9.299],[77.614,9.3],[77.611,9.301],[77.608,9.302],[77.606,9.302],[77.603,9.302],[77.604,9.307],[77.6,9.308],[77.595,9.308],[77.59,9.308],[77.587,9.308],[77.587,9.313],[77.588,9.314],[77.59,9.314],[77.591,9.315],[77.591,9.319],[77.591,9.322],[77.592,9.328],[77.592,9.336],[77.591,9.343],[77.59,9.345],[77.589,9.348],[77.585,9.347],[77.581,9.345],[77.576,9.343],[77.574,9.345],[77.575,9.351],[77.57,9.354],[77.564,9.353],[77.56,9.355],[77.557,9.358],[77.55,9.363],[77.552,9.369],[77.555,9.37],[77.545,9.372],[77.539,9.374],[77.535,9.375],[77.53,9.373],[77.529,9.364],[77.527,9.358],[77.522,9.359],[77.519,9.357],[77.521,9.355],[77.524,9.352],[77.527,9.35],[77.526,9.344],[77.524,9.339],[77.522,9.335],[77.519,9.335],[77.516,9.334],[77.513,9.334],[77.509,9.333],[77.506,9.332],[77.504,9.332],[77.496,9.338],[77.491,9.339],[77.481,9.339],[77.474,9.334],[77.464,9.33],[77.459,9.333],[77.461,9.34],[77.467,9.346],[77.465,9.349],[77.455,9.351],[77.448,9.353],[77.442,9.36],[77.438,9.362],[77.438,9.367],[77.442,9.367],[77.449,9.367],[77.45,9.37],[77.448,9.373],[77.444,9.377],[77.442,9.379],[77.438,9.383],[77.437,9.385],[77.435,9.388],[77.435,9.39],[77.43,9.392],[77.426,9.395],[77.422,9.395],[77.42,9.398],[77.417,9.399],[77.412,9.397],[77.409,9.395],[77.406,9.394],[77.403,9.395],[77.401,9.396],[77.399,9.395],[77.396,9.395],[77.394,9.394],[77.391,9.393],[77.388,9.394],[77.384,9.396],[77.382,9.398],[77.38,9.401],[77.375,9.402],[77.371,9.404],[77.366,9.408],[77.36,9.411],[77.354,9.411],[77.35,9.413],[77.341,9.42],[77.339,9.42]]]}},{"type":"Feature","properties":{"district":"Thiruvarur"},"geometry":{"type":"MultiPolygon","coordinates":[[[[79.748,10.996],[79.742,10.996],[79.735,10.996],[79.732,10.995],[79.73,10.999],[79.723,10.999],[79.722,11],[79.72,11],[79.716,11.009],[79.706,11.01],[79.694,11.016],[79.679,11.017],[79.669,11.016],[79.665,11.016],[79.657,11.014],[79.649,11.012],[79.645,11.01],[79.64,11.006],[79.639,10.999],[79.636,10.996],[79.632,10.992],[79.635,10.989],[79.632,10.985],[79.628,10.98],[79.612,10.983],[79.604,10.982],[79.605,10.977],[79.606,10.975],[79.596,10.978],[79.591,10.981],[79.58,10.982],[79.574,10.975],[79.576,10.972],[79.57,10.972],[79.562,10.975],[79.557,10.971],[79.551,10.967],[79.539,10.968],[79.532,10.966],[79.531,10.961],[79.526,10.963],[79.53,10.969],[79.525,10.97],[79.517,10.97],[79.516,10.956],[79.52,10.95],[79.511,10.941],[79.504,10.942],[79.501,10.941],[79.499,10.932],[79.49,10.924],[79.484,10.921],[79.489,10.918],[79.493,10.913],[79.492,10.907],[79.496,10.904],[79.507,10.904],[79.506,10.896],[79.495,10.889],[79.488,10.888],[79.488,10.883],[79.485,10.881],[79.486,10.875],[79.479,10.867],[79.474,10.871],[79.466,10.869],[79.462,10.865],[79.456,10.864],[79.451,10.869],[79.444,10.873],[79.436,10.875],[79.433,10.878],[79.423,10.881],[79.415,10.885],[79.407,10.891],[79.399,10.894],[79.392,10.895],[79.387,10.895],[79.372,10.894],[79.366,10.899],[79.361,10.899],[79.356,10.902],[79.349,10.909],[79.343,10.912],[79.337,10.913],[79.329,10.916],[79.33,10.92],[79.331,10.921],[79.325,10.925],[79.317,10.928],[79.312,10.929],[79.309,10.928],[79.304,10.931],[79.302,10.935],[79.295,10.935],[79.291,10.937],[79.288,10.935],[79.285,10.93],[79.282,10.929],[79.275,10.923],[79.282,10.92],[79.287,10.918],[79.287,10.915],[79.287,10.907],[79.294,10.908],[79.295,10.904],[79.285,10.903],[79.273,10.906],[79.268,10.905],[79.272,10.897],[79.271,10.893],[79.273,10.884],[79.273,10.882],[79.274,10.88],[79.273,10.875],[79.279,10.871],[79.285,10.872],[79.29,10.865],[79.295,10.86],[79.295,10.852],[79.292,10.839],[79.3,10.832],[79.304,10.828],[79.309,10.824],[79.314,10.823],[79.323,10.819],[79.329,10.81],[79.337,10.813],[79.342,10.813],[79.349,10.812],[79.354,10.81],[79.359,10.807],[79.365,10.809],[79.373,10.806],[79.373,10.802],[79.37,10.797],[79.365,10.795],[79.35,10.795],[79.35,10.788],[79.345,10.779],[79.345,10.773],[79.345,10.766],[79.359,10.766],[79.361,10.759],[79.361,10.754],[79.358,10.75],[79.355,10.749],[79.349,10.747],[79.345,10.745],[79.349,10.744],[79.346,10.743],[79.341,10.739],[79.34,10.74],[79.337,10.739],[79.327,10.74],[79.319,10.738],[79.316,10.741],[79.314,10.742],[79.311,10.747],[79.304,10.743],[79.302,10.739],[79.305,10.733],[79.308,10.722],[79.308,10.716],[79.307,10.711],[79.309,10.707],[79.314,10.701],[79.316,10.695],[79.319,10.688],[79.32,10.68],[79.318,10.674],[79.317,10.671],[79.318,10.661],[79.326,10.661],[79.334,10.659],[79.342,10.656],[79.347,10.653],[79.349,10.651],[79.351,10.648],[79.354,10.648],[79.356,10.647],[79.357,10.644],[79.353,10.631],[79.349,10.628],[79.349,10.622],[79.352,10.614],[79.354,10.609],[79.349,10.606],[79.349,10.598],[79.347,10.592],[79.351,10.585],[79.358,10.58],[79.372,10.58],[79.383,10.582],[79.392,10.582],[79.397,10.58],[79.4,10.577],[79.401,10.57],[79.399,10.559],[79.4,10.554],[79.411,10.551],[79.416,10.552],[79.42,10.549],[79.425,10.553],[79.431,10.557],[79.439,10.559],[79.447,10.559],[79.452,10.551],[79.439,10.548],[79.433,10.545],[79.427,10.543],[79.425,10.535],[79.434,10.532],[79.438,10.531],[79.439,10.525],[79.44,10.523],[79.447,10.522],[79.451,10.522],[79.454,10.52],[79.462,10.513],[79.469,10.507],[79.463,10.505],[79.46,10.501],[79.455,10.495],[79.462,10.487],[79.471,10.492],[79.482,10.491],[79.482,10.478],[79.481,10.473],[79.474,10.464],[79.471,10.459],[79.476,10.449],[79.474,10.442],[79.472,10.434],[79.464,10.435],[79.455,10.434],[79.452,10.432],[79.454,10.428],[79.459,10.419],[79.465,10.413],[79.463,10.407],[79.47,10.408],[79.476,10.398],[79.472,10.395],[79.461,10.391],[79.467,10.386],[79.47,10.383],[79.468,10.373],[79.477,10.374],[79.48,10.377],[79.486,10.381],[79.489,10.373],[79.499,10.369],[79.505,10.362],[79.503,10.352],[79.5,10.349],[79.504,10.315],[79.519,10.315],[79.527,10.32],[79.536,10.323],[79.545,10.324],[79.541,10.315],[79.53,10.31],[79.541,10.308],[79.555,10.306],[79.574,10.304],[79.594,10.303],[79.607,10.301],[79.62,10.298],[79.635,10.296],[79.65,10.292],[79.665,10.29],[79.68,10.287],[79.692,10.285],[79.7,10.283],[79.709,10.281],[79.717,10.281],[79.722,10.285],[79.717,10.289],[79.705,10.293],[79.667,10.325],[79.653,10.332],[79.639,10.345],[79.638,10.357],[79.638,10.367],[79.637,10.379],[79.634,10.382],[79.628,10.391],[79.627,10.397],[79.63,10.404],[79.631,10.412],[79.633,10.414],[79.632,10.419],[79.631,10.426],[79.631,10.432],[79.632,10.441],[79.631,10.445],[79.641,10.446],[79.654,10.446],[79.658,10.447],[79.66,10.441],[79.664,10.44],[79.668,10.444],[79.671,10.446],[79.674,10.448],[79.679,10.447],[79.684,10.448],[79.686,10.449],[79.69,10.45],[79.689,10.456],[79.685,10.464],[79.679,10.474],[79.677,10.481],[79.683,10.481],[79.691,10.482],[79.697,10.483],[79.699,10.487],[79.688,10.51],[79.698,10.506],[79.706,10.514],[79.715,10.526],[79.726,10.535],[79.725,10.537],[79.716,10.541],[79.71,10.554],[79.702,10.552],[79.694,10.551],[79.688,10.555],[79.682,10.556],[79.677,10.558],[79.67,10.561],[79.663,10.56],[79.661,10.564],[79.668,10.574],[79.677,10.573],[79.682,10.579],[79.686,10.579],[79.685,10.584],[79.672,10.586],[79.67,10.586],[79.67,10.591],[79.668,10.6],[79.662,10.603],[79.658,10.609],[79.658,10.615],[79.666,10.617],[79.674,10.624],[79.669,10.63],[79.667,10.634],[79.657,10.641],[79.649,10.643],[79.65,10.652],[79.654,10.657],[79.662,10.654],[79.667,10.65],[79.671,10.663],[79.672,10.67],[79.675,10.676],[79.676,10.687],[79.671,10.693],[79.665,10.697],[79.661,10.7],[79.653,10.702],[79.654,10.707],[79.656,10.713],[79.662,10.713],[79.67,10.71],[79.673,10.711],[79.677,10.713],[79.679,10.717],[79.687,10.716],[79.687,10.724],[79.682,10.727],[79.684,10.733],[79.687,10.738],[79.696,10.743],[79.697,10.756],[79.697,10.764],[79.701,10.772],[79.703,10.782],[79.707,10.786],[79.715,10.789],[79.723,10.794],[79.727,10.797],[79.732,10.803],[79.731,10.81],[79.727,10.807],[79.724,10.808],[79.725,10.811],[79.728,10.818],[79.727,10.823],[79.728,10.829],[79.713,10.83],[79.71,10.829],[79.709,10.825],[79.703,10.825],[79.698,10.831],[79.69,10.829],[79.686,10.822],[79.684,10.816],[79.677,10.819],[79.671,10.818],[79.662,10.818],[79.659,10.813],[79.655,10.807],[79.643,10.816],[79.631,10.817],[79.635,10.824],[79.643,10.823],[79.653,10.825],[79.652,10.83],[79.648,10.835],[79.652,10.835],[79.655,10.842],[79.652,10.848],[79.647,10.853],[79.642,10.857],[79.651,10.856],[79.652,10.865],[79.647,10.871],[79.654,10.874],[79.653,10.88],[79.654,10.886],[79.657,10.892],[79.664,10.897],[79.668,10.904],[79.667,10.908],[79.669,10.914],[79.678,10.916],[79.68,10.919],[79.68,10.925],[79.686,10.928],[79.69,10.925],[79.693,10.92],[79.701,10.921],[79.704,10.922],[79.703,10.926],[79.706,10.926],[79.706,10.925],[79.707,10.925],[79.707,10.924],[79.706,10.921],[79.705,10.92],[79.71,10.917],[79.715,10.915],[79.716,10.925],[79.718,10.926],[79.716,10.93],[79.722,10.929],[79.725,10.932],[79.728,10.935],[79.727,10.937],[79.725,10.936],[79.725,10.936],[79.725,10.938],[79.725,10.941],[79.725,10.943],[79.729,10.944],[79.731,10.946],[79.737,10.949],[79.737,10.957],[79.733,10.956],[79.733,10.954],[79.73,10.951],[79.728,10.952],[79.725,10.951],[79.723,10.951],[79.721,10.952],[79.72,10.954],[79.719,10.956],[79.72,10.967],[79.721,10.969],[79.723,10.969],[79.726,10.969],[79.73,10.969],[79.733,10.969],[79.735,10.968],[79.739,10.966],[79.743,10.967],[79.746,10.963],[79.746,10.957],[79.749,10.958],[79.752,10.958],[79.754,10.959],[79.757,10.96],[79.759,10.961],[79.761,10.96],[79.764,10.96],[79.763,10.961],[79.762,10.964],[79.763,10.967],[79.76,10.97],[79.758,10.972],[79.756,10.973],[79.755,10.973],[79.755,10.975],[79.755,10.978],[79.759,10.983],[79.757,10.984],[79.755,10.983],[79.753,10.988],[79.749,10.988],[79.747,10.988],[79.748,10.991],[79.749,10.995],[79.748,10.996]],[[79.718,10.956],[79.72,10.956],[79.72,10.955],[79.718,10.955],[79.718,10.956]],[[79.722,10.935],[79.722,10.938],[79.722,10.936],[79.722,10.935]]],[[[79.769,10.901],[79.767,10.899],[79.77,10.901],[79.769,10.901]]],[[[79.764,10.907],[79.763,10.907],[79.762,10.903],[79.764,10.902],[79.768,10.903],[79.764,10.905],[79.764,10.907]]]]}},{"type":"Feature","properties":{"district":"Tiruchirappalli"},"geometry":{"type":"Polygon","coordinates":[[[78.663,11.374],[78.629,11.339],[78.605,11.339],[78.593,11.327],[78.581,11.327],[78.58,11.32],[78.572,11.315],[78.552,11.325],[78.552,11.346],[78.546,11.366],[78.523,11.374],[78.511,11.384],[78.503,11.381],[78.508,11.391],[78.51,11.397],[78.496,11.409],[78.486,11.407],[78.465,11.377],[78.455,11.349],[78.451,11.343],[78.452,11.331],[78.462,11.322],[78.461,11.306],[78.451,11.294],[78.447,11.276],[78.438,11.269],[78.44,11.262],[78.434,11.251],[78.427,11.232],[78.425,11.226],[78.422,11.213],[78.415,11.209],[78.411,11.198],[78.385,11.189],[78.385,11.182],[78.386,11.18],[78.38,11.176],[78.379,11.172],[78.38,11.157],[78.382,11.142],[78.377,11.135],[78.372,11.137],[78.363,11.138],[78.352,11.137],[78.346,11.138],[78.346,11.132],[78.348,11.123],[78.343,11.112],[78.337,11.106],[78.327,11.103],[78.335,11.095],[78.339,11.085],[78.347,11.077],[78.355,11.068],[78.363,11.059],[78.361,11.05],[78.352,11.048],[78.35,11.038],[78.346,11.03],[78.34,11.026],[78.33,11.03],[78.327,11.044],[78.324,11.058],[78.308,11.066],[78.295,11.072],[78.283,11.078],[78.276,11.078],[78.271,11.076],[78.268,11.072],[78.26,11.076],[78.255,11.079],[78.251,11.086],[78.25,11.092],[78.247,11.093],[78.243,11.093],[78.234,11.095],[78.23,11.092],[78.229,11.086],[78.229,11.084],[78.23,11.084],[78.233,11.083],[78.234,11.08],[78.235,11.078],[78.235,11.075],[78.236,11.074],[78.236,11.073],[78.234,11.071],[78.235,11.07],[78.236,11.069],[78.237,11.067],[78.236,11.065],[78.234,11.063],[78.231,11.062],[78.23,11.06],[78.229,11.055],[78.225,11.055],[78.224,11.057],[78.222,11.058],[78.222,11.06],[78.221,11.064],[78.219,11.067],[78.217,11.068],[78.213,11.069],[78.211,11.069],[78.209,11.069],[78.207,11.07],[78.204,11.072],[78.204,11.074],[78.202,11.075],[78.201,11.073],[78.2,11.07],[78.199,11.067],[78.197,11.067],[78.196,11.065],[78.193,11.065],[78.191,11.065],[78.189,11.067],[78.186,11.067],[78.183,11.07],[78.18,11.067],[78.176,11.061],[78.175,11.06],[78.171,11.057],[78.167,11.053],[78.166,11.052],[78.166,11.051],[78.165,11.05],[78.163,11.048],[78.164,11.046],[78.165,11.046],[78.168,11.044],[78.169,11.045],[78.171,11.045],[78.174,11.044],[78.178,11.044],[78.179,11.043],[78.18,11.043],[78.181,11.043],[78.182,11.042],[78.185,11.042],[78.185,11.043],[78.186,11.043],[78.188,11.044],[78.189,11.044],[78.192,11.044],[78.194,11.045],[78.194,11.046],[78.197,11.045],[78.197,11.044],[78.196,11.043],[78.196,11.037],[78.197,11.035],[78.197,11.032],[78.197,11.029],[78.199,11.029],[78.197,11.025],[78.195,11.022],[78.193,11.023],[78.192,11.022],[78.189,11.02],[78.184,11.02],[78.182,11.019],[78.179,11.016],[78.175,11.014],[78.17,11.013],[78.165,11.011],[78.167,11.006],[78.169,11.003],[78.17,10.997],[78.178,10.985],[78.183,10.979],[78.19,10.978],[78.197,10.973],[78.195,10.963],[78.207,10.959],[78.224,10.96],[78.245,10.967],[78.255,10.969],[78.262,10.969],[78.284,10.966],[78.299,10.964],[78.31,10.963],[78.321,10.964],[78.334,10.963],[78.341,10.961],[78.361,10.963],[78.376,10.964],[78.381,10.963],[78.384,10.961],[78.387,10.961],[78.398,10.962],[78.403,10.961],[78.418,10.952],[78.432,10.944],[78.439,10.937],[78.453,10.926],[78.465,10.922],[78.464,10.914],[78.471,10.912],[78.48,10.909],[78.487,10.907],[78.487,10.903],[78.481,10.904],[78.476,10.906],[78.478,10.902],[78.471,10.894],[78.471,10.886],[78.481,10.886],[78.485,10.886],[78.493,10.893],[78.499,10.89],[78.502,10.888],[78.507,10.886],[78.514,10.884],[78.519,10.883],[78.526,10.882],[78.533,10.881],[78.543,10.879],[78.55,10.877],[78.554,10.873],[78.558,10.864],[78.564,10.863],[78.569,10.86],[78.571,10.856],[78.575,10.855],[78.578,10.845],[78.573,10.839],[78.579,10.832],[78.585,10.828],[78.578,10.811],[78.569,10.81],[78.555,10.813],[78.547,10.802],[78.55,10.79],[78.558,10.787],[78.566,10.78],[78.57,10.773],[78.562,10.765],[78.567,10.751],[78.566,10.741],[78.565,10.736],[78.559,10.732],[78.553,10.725],[78.545,10.723],[78.538,10.717],[78.524,10.71],[78.517,10.707],[78.515,10.698],[78.507,10.697],[78.49,10.698],[78.481,10.702],[78.474,10.704],[78.47,10.702],[78.471,10.696],[78.466,10.688],[78.457,10.687],[78.451,10.689],[78.444,10.69],[78.434,10.687],[78.43,10.677],[78.426,10.675],[78.422,10.671],[78.412,10.673],[78.402,10.679],[78.4,10.689],[78.399,10.694],[78.384,10.717],[78.374,10.718],[78.365,10.726],[78.356,10.722],[78.345,10.718],[78.336,10.707],[78.331,10.709],[78.328,10.707],[78.321,10.709],[78.314,10.702],[78.298,10.702],[78.29,10.709],[78.29,10.72],[78.293,10.729],[78.288,10.735],[78.286,10.744],[78.283,10.745],[78.283,10.734],[78.281,10.725],[78.28,10.715],[78.278,10.708],[78.277,10.698],[78.274,10.687],[78.273,10.679],[78.271,10.667],[78.267,10.635],[78.265,10.627],[78.263,10.615],[78.26,10.611],[78.256,10.604],[78.26,10.596],[78.262,10.581],[78.263,10.579],[78.258,10.573],[78.249,10.568],[78.236,10.552],[78.212,10.55],[78.197,10.544],[78.193,10.54],[78.188,10.532],[78.186,10.523],[78.179,10.517],[78.173,10.504],[78.18,10.503],[78.181,10.502],[78.187,10.501],[78.196,10.494],[78.202,10.486],[78.202,10.481],[78.206,10.477],[78.215,10.471],[78.219,10.466],[78.231,10.468],[78.24,10.469],[78.25,10.465],[78.253,10.462],[78.263,10.46],[78.266,10.459],[78.273,10.456],[78.279,10.454],[78.287,10.453],[78.29,10.453],[78.294,10.451],[78.301,10.447],[78.311,10.442],[78.313,10.437],[78.312,10.433],[78.309,10.426],[78.307,10.418],[78.304,10.408],[78.297,10.405],[78.288,10.396],[78.286,10.392],[78.279,10.388],[78.278,10.382],[78.279,10.375],[78.281,10.372],[78.285,10.37],[78.288,10.366],[78.292,10.361],[78.296,10.359],[78.301,10.356],[78.304,10.353],[78.308,10.352],[78.314,10.35],[78.317,10.349],[78.32,10.344],[78.323,10.339],[78.327,10.339],[78.331,10.337],[78.331,10.333],[78.334,10.33],[78.338,10.326],[78.336,10.321],[78.336,10.314],[78.336,10.309],[78.334,10.303],[78.338,10.301],[78.348,10.299],[78.355,10.297],[78.363,10.294],[78.366,10.299],[78.368,10.301],[78.371,10.3],[78.374,10.3],[78.372,10.303],[78.372,10.306],[78.372,10.309],[78.374,10.309],[78.375,10.31],[78.379,10.31],[78.381,10.312],[78.385,10.315],[78.387,10.315],[78.389,10.315],[78.39,10.316],[78.392,10.318],[78.393,10.321],[78.394,10.324],[78.397,10.324],[78.398,10.33],[78.401,10.335],[78.401,10.34],[78.403,10.34],[78.405,10.345],[78.401,10.346],[78.398,10.348],[78.395,10.348],[78.393,10.351],[78.392,10.354],[78.4,10.354],[78.401,10.356],[78.402,10.356],[78.404,10.358],[78.409,10.358],[78.41,10.362],[78.415,10.363],[78.422,10.363],[78.428,10.363],[78.43,10.363],[78.433,10.363],[78.436,10.363],[78.439,10.365],[78.443,10.368],[78.443,10.37],[78.446,10.372],[78.449,10.375],[78.448,10.378],[78.443,10.38],[78.439,10.383],[78.439,10.387],[78.439,10.391],[78.44,10.398],[78.44,10.401],[78.443,10.403],[78.447,10.409],[78.453,10.41],[78.461,10.408],[78.465,10.407],[78.472,10.401],[78.478,10.4],[78.486,10.397],[78.49,10.394],[78.49,10.39],[78.494,10.388],[78.497,10.388],[78.501,10.389],[78.508,10.389],[78.507,10.381],[78.508,10.374],[78.525,10.378],[78.531,10.397],[78.517,10.407],[78.518,10.423],[78.527,10.437],[78.544,10.435],[78.555,10.427],[78.565,10.43],[78.565,10.443],[78.577,10.445],[78.583,10.446],[78.587,10.46],[78.589,10.468],[78.578,10.485],[78.576,10.504],[78.58,10.513],[78.582,10.522],[78.573,10.518],[78.567,10.516],[78.561,10.514],[78.552,10.514],[78.548,10.521],[78.541,10.528],[78.536,10.531],[78.533,10.514],[78.539,10.511],[78.541,10.507],[78.538,10.501],[78.528,10.488],[78.507,10.483],[78.495,10.486],[78.496,10.501],[78.497,10.507],[78.493,10.51],[78.491,10.516],[78.488,10.522],[78.489,10.525],[78.491,10.527],[78.486,10.534],[78.486,10.539],[78.478,10.54],[78.469,10.541],[78.464,10.541],[78.466,10.546],[78.465,10.555],[78.464,10.559],[78.464,10.565],[78.465,10.571],[78.466,10.576],[78.462,10.58],[78.458,10.583],[78.46,10.584],[78.46,10.59],[78.456,10.591],[78.453,10.592],[78.451,10.596],[78.453,10.598],[78.452,10.6],[78.45,10.602],[78.45,10.604],[78.447,10.607],[78.449,10.609],[78.452,10.61],[78.459,10.614],[78.461,10.618],[78.467,10.618],[78.469,10.626],[78.474,10.63],[78.48,10.636],[78.493,10.635],[78.504,10.636],[78.513,10.634],[78.517,10.632],[78.521,10.63],[78.525,10.63],[78.528,10.637],[78.529,10.642],[78.523,10.648],[78.518,10.66],[78.52,10.664],[78.523,10.673],[78.534,10.676],[78.545,10.675],[78.549,10.684],[78.563,10.684],[78.568,10.681],[78.565,10.671],[78.565,10.668],[78.566,10.661],[78.571,10.66],[78.577,10.662],[78.583,10.663],[78.592,10.659],[78.598,10.666],[78.608,10.68],[78.614,10.681],[78.617,10.678],[78.622,10.678],[78.623,10.681],[78.624,10.687],[78.623,10.691],[78.626,10.699],[78.627,10.704],[78.64,10.708],[78.644,10.705],[78.649,10.704],[78.658,10.703],[78.656,10.692],[78.656,10.688],[78.656,10.672],[78.656,10.657],[78.665,10.655],[78.667,10.672],[78.683,10.673],[78.682,10.687],[78.691,10.691],[78.696,10.699],[78.695,10.707],[78.691,10.716],[78.688,10.729],[78.689,10.735],[78.696,10.733],[78.708,10.733],[78.708,10.728],[78.719,10.717],[78.739,10.711],[78.747,10.687],[78.736,10.676],[78.74,10.663],[78.743,10.652],[78.752,10.642],[78.758,10.652],[78.774,10.651],[78.794,10.656],[78.798,10.667],[78.799,10.674],[78.805,10.68],[78.813,10.678],[78.831,10.695],[78.86,10.693],[78.873,10.706],[78.865,10.735],[78.873,10.762],[78.881,10.786],[78.872,10.786],[78.866,10.787],[78.865,10.792],[78.861,10.802],[78.863,10.812],[78.869,10.822],[78.85,10.825],[78.83,10.824],[78.821,10.823],[78.81,10.824],[78.802,10.825],[78.794,10.825],[78.786,10.828],[78.776,10.827],[78.785,10.835],[78.802,10.838],[78.806,10.838],[78.814,10.835],[78.825,10.838],[78.832,10.839],[78.846,10.841],[78.858,10.846],[78.874,10.851],[78.887,10.855],[78.895,10.859],[78.908,10.863],[78.925,10.867],[78.936,10.875],[78.941,10.879],[78.939,10.882],[78.939,10.886],[78.944,10.889],[78.952,10.891],[78.959,10.894],[78.96,10.895],[78.961,10.892],[78.963,10.891],[78.965,10.888],[78.966,10.887],[78.969,10.888],[78.974,10.888],[78.979,10.89],[78.988,10.892],[78.994,10.893],[79.002,10.894],[79.007,10.901],[79.003,10.92],[78.994,10.926],[78.989,10.928],[78.983,10.925],[78.98,10.936],[78.978,10.942],[78.973,10.948],[78.968,10.949],[78.961,10.95],[78.952,10.955],[78.949,10.958],[78.948,10.961],[78.946,10.972],[78.949,10.976],[78.953,10.973],[78.964,10.973],[78.97,10.972],[78.981,10.968],[78.982,10.974],[78.988,10.977],[78.99,10.989],[78.992,11.001],[78.999,11.004],[79.005,11.008],[79.012,11.013],[79.008,11.032],[79.009,11.038],[79.006,11.06],[79.001,11.066],[78.998,11.075],[78.993,11.078],[78.985,11.082],[78.984,11.089],[78.974,11.094],[78.956,11.095],[78.947,11.093],[78.939,11.095],[78.926,11.089],[78.919,11.092],[78.913,11.096],[78.899,11.099],[78.886,11.102],[78.883,11.099],[78.877,11.098],[78.872,11.09],[78.871,11.085],[78.853,11.089],[78.844,11.088],[78.842,11.081],[78.839,11.076],[78.824,11.078],[78.808,11.081],[78.806,11.091],[78.809,11.105],[78.803,11.113],[78.795,11.114],[78.779,11.115],[78.767,11.119],[78.759,11.119],[78.749,11.116],[78.746,11.113],[78.741,11.109],[78.738,11.106],[78.735,11.102],[78.735,11.098],[78.737,11.095],[78.738,11.089],[78.74,11.085],[78.744,11.083],[78.745,11.08],[78.743,11.076],[78.737,11.074],[78.729,11.075],[78.72,11.073],[78.72,11.066],[78.718,11.06],[78.713,11.056],[78.71,11.059],[78.704,11.066],[78.701,11.076],[78.7,11.084],[78.699,11.089],[78.695,11.096],[78.694,11.102],[78.692,11.108],[78.687,11.114],[78.688,11.122],[78.687,11.126],[78.686,11.129],[78.681,11.134],[78.68,11.141],[78.681,11.147],[78.678,11.151],[78.677,11.156],[78.676,11.162],[78.673,11.166],[78.668,11.165],[78.664,11.164],[78.657,11.164],[78.654,11.164],[78.651,11.165],[78.656,11.17],[78.664,11.175],[78.666,11.178],[78.671,11.185],[78.674,11.191],[78.678,11.195],[78.687,11.195],[78.699,11.191],[78.705,11.201],[78.706,11.207],[78.712,11.212],[78.709,11.224],[78.705,11.227],[78.704,11.23],[78.71,11.234],[78.713,11.241],[78.71,11.248],[78.721,11.259],[78.729,11.272],[78.749,11.283],[78.739,11.294],[78.736,11.32],[78.706,11.325],[78.681,11.327],[78.66,11.32],[78.635,11.334],[78.655,11.345],[78.672,11.36],[78.689,11.382],[78.663,11.374]],[[78.569,10.709],[78.58,10.7],[78.573,10.685],[78.566,10.689],[78.565,10.705],[78.569,10.709]]]}},{"type":"Feature","properties":{"district":"Tirunelveli"},"geometry":{"type":"Polygon","coordinates":[[[77.696,8.926],[77.694,8.919],[77.683,8.921],[77.679,8.924],[77.67,8.927],[77.657,8.939],[77.655,8.946],[77.655,8.956],[77.64,8.956],[77.633,8.952],[77.627,8.948],[77.621,8.941],[77.617,8.935],[77.614,8.936],[77.594,8.945],[77.592,8.936],[77.593,8.918],[77.589,8.91],[77.569,8.909],[77.561,8.911],[77.57,8.903],[77.569,8.893],[77.568,8.888],[77.566,8.883],[77.566,8.879],[77.574,8.881],[77.578,8.873],[77.585,8.876],[77.593,8.871],[77.593,8.862],[77.589,8.848],[77.583,8.826],[77.575,8.816],[77.569,8.805],[77.569,8.796],[77.556,8.789],[77.544,8.788],[77.536,8.79],[77.53,8.786],[77.524,8.785],[77.52,8.788],[77.513,8.792],[77.518,8.797],[77.516,8.803],[77.512,8.807],[77.511,8.809],[77.507,8.807],[77.511,8.798],[77.502,8.798],[77.495,8.798],[77.49,8.799],[77.486,8.806],[77.48,8.804],[77.472,8.812],[77.463,8.814],[77.463,8.807],[77.464,8.801],[77.462,8.793],[77.46,8.788],[77.456,8.786],[77.459,8.782],[77.461,8.777],[77.457,8.766],[77.45,8.767],[77.442,8.768],[77.438,8.773],[77.432,8.778],[77.424,8.785],[77.421,8.787],[77.417,8.801],[77.415,8.815],[77.413,8.823],[77.414,8.826],[77.411,8.829],[77.407,8.829],[77.402,8.828],[77.404,8.834],[77.407,8.836],[77.405,8.84],[77.4,8.842],[77.398,8.845],[77.394,8.848],[77.39,8.849],[77.386,8.848],[77.384,8.85],[77.384,8.857],[77.383,8.862],[77.386,8.87],[77.379,8.87],[77.374,8.87],[77.363,8.873],[77.357,8.873],[77.352,8.872],[77.344,8.871],[77.34,8.869],[77.332,8.875],[77.323,8.875],[77.319,8.875],[77.309,8.874],[77.295,8.882],[77.281,8.879],[77.266,8.88],[77.256,8.879],[77.257,8.872],[77.259,8.866],[77.255,8.862],[77.262,8.855],[77.259,8.849],[77.26,8.839],[77.254,8.833],[77.252,8.83],[77.25,8.826],[77.248,8.817],[77.243,8.81],[77.233,8.808],[77.233,8.801],[77.231,8.797],[77.231,8.792],[77.23,8.787],[77.228,8.784],[77.22,8.779],[77.214,8.776],[77.218,8.771],[77.216,8.768],[77.208,8.766],[77.2,8.77],[77.197,8.767],[77.199,8.765],[77.198,8.755],[77.197,8.75],[77.184,8.743],[77.172,8.751],[77.176,8.736],[77.177,8.726],[77.182,8.717],[77.184,8.714],[77.196,8.702],[77.202,8.693],[77.207,8.683],[77.204,8.666],[77.212,8.657],[77.214,8.649],[77.229,8.64],[77.232,8.634],[77.235,8.627],[77.245,8.61],[77.249,8.602],[77.252,8.599],[77.253,8.598],[77.256,8.596],[77.257,8.594],[77.257,8.591],[77.263,8.589],[77.266,8.586],[77.267,8.582],[77.268,8.579],[77.269,8.579],[77.271,8.578],[77.273,8.575],[77.279,8.572],[77.283,8.57],[77.287,8.567],[77.287,8.568],[77.288,8.57],[77.29,8.569],[77.294,8.567],[77.298,8.567],[77.302,8.566],[77.306,8.563],[77.308,8.561],[77.311,8.559],[77.316,8.561],[77.318,8.559],[77.322,8.558],[77.325,8.558],[77.327,8.555],[77.331,8.554],[77.335,8.553],[77.339,8.551],[77.342,8.547],[77.347,8.545],[77.351,8.546],[77.35,8.543],[77.352,8.541],[77.355,8.54],[77.358,8.54],[77.361,8.54],[77.363,8.536],[77.363,8.532],[77.367,8.529],[77.367,8.525],[77.372,8.521],[77.375,8.518],[77.377,8.523],[77.382,8.521],[77.389,8.524],[77.394,8.522],[77.4,8.52],[77.407,8.516],[77.414,8.516],[77.421,8.514],[77.428,8.512],[77.433,8.506],[77.439,8.505],[77.442,8.502],[77.446,8.49],[77.445,8.478],[77.454,8.471],[77.466,8.469],[77.469,8.457],[77.466,8.444],[77.463,8.435],[77.466,8.42],[77.473,8.416],[77.474,8.397],[77.484,8.392],[77.494,8.379],[77.506,8.386],[77.518,8.382],[77.523,8.39],[77.533,8.392],[77.538,8.385],[77.538,8.376],[77.534,8.369],[77.535,8.361],[77.535,8.357],[77.536,8.351],[77.539,8.348],[77.539,8.342],[77.54,8.34],[77.541,8.335],[77.538,8.335],[77.534,8.332],[77.532,8.327],[77.534,8.323],[77.538,8.314],[77.545,8.306],[77.548,8.297],[77.554,8.29],[77.557,8.288],[77.558,8.284],[77.562,8.281],[77.564,8.279],[77.561,8.278],[77.554,8.279],[77.558,8.276],[77.559,8.271],[77.563,8.266],[77.564,8.26],[77.57,8.256],[77.576,8.245],[77.57,8.243],[77.554,8.244],[77.548,8.244],[77.545,8.239],[77.545,8.228],[77.544,8.222],[77.548,8.218],[77.544,8.216],[77.544,8.21],[77.55,8.205],[77.546,8.2],[77.553,8.19],[77.542,8.184],[77.543,8.175],[77.538,8.167],[77.539,8.165],[77.54,8.161],[77.554,8.157],[77.567,8.154],[77.584,8.155],[77.585,8.148],[77.589,8.142],[77.598,8.145],[77.607,8.148],[77.613,8.15],[77.62,8.152],[77.631,8.155],[77.64,8.157],[77.651,8.159],[77.66,8.159],[77.67,8.16],[77.677,8.161],[77.682,8.161],[77.691,8.163],[77.696,8.163],[77.707,8.166],[77.712,8.166],[77.721,8.169],[77.728,8.173],[77.737,8.174],[77.746,8.178],[77.749,8.18],[77.75,8.181],[77.753,8.183],[77.755,8.184],[77.756,8.186],[77.76,8.189],[77.763,8.192],[77.767,8.194],[77.772,8.195],[77.776,8.197],[77.779,8.199],[77.781,8.201],[77.782,8.202],[77.783,8.204],[77.784,8.206],[77.784,8.208],[77.784,8.211],[77.783,8.213],[77.782,8.215],[77.783,8.218],[77.783,8.221],[77.785,8.224],[77.787,8.226],[77.791,8.228],[77.795,8.231],[77.797,8.233],[77.799,8.236],[77.803,8.24],[77.81,8.244],[77.815,8.246],[77.82,8.247],[77.825,8.249],[77.83,8.25],[77.835,8.251],[77.84,8.253],[77.843,8.254],[77.846,8.255],[77.849,8.256],[77.851,8.257],[77.853,8.258],[77.856,8.259],[77.857,8.259],[77.86,8.261],[77.863,8.262],[77.866,8.263],[77.868,8.264],[77.871,8.265],[77.875,8.267],[77.882,8.27],[77.891,8.275],[77.896,8.281],[77.901,8.285],[77.906,8.289],[77.912,8.292],[77.918,8.294],[77.925,8.297],[77.929,8.3],[77.933,8.303],[77.94,8.306],[77.944,8.309],[77.948,8.311],[77.952,8.314],[77.954,8.317],[77.955,8.32],[77.958,8.323],[77.961,8.326],[77.964,8.328],[77.968,8.331],[77.971,8.335],[77.973,8.339],[77.97,8.341],[77.968,8.339],[77.969,8.336],[77.966,8.335],[77.963,8.335],[77.96,8.334],[77.954,8.334],[77.95,8.335],[77.945,8.334],[77.938,8.332],[77.933,8.33],[77.926,8.331],[77.923,8.33],[77.92,8.328],[77.917,8.327],[77.912,8.323],[77.905,8.322],[77.901,8.322],[77.9,8.325],[77.895,8.324],[77.893,8.322],[77.89,8.326],[77.89,8.33],[77.887,8.335],[77.889,8.339],[77.887,8.342],[77.884,8.344],[77.876,8.345],[77.874,8.348],[77.868,8.346],[77.867,8.343],[77.863,8.341],[77.859,8.342],[77.86,8.348],[77.86,8.353],[77.855,8.356],[77.851,8.354],[77.847,8.354],[77.85,8.357],[77.848,8.359],[77.847,8.362],[77.845,8.362],[77.842,8.366],[77.848,8.366],[77.853,8.367],[77.854,8.373],[77.853,8.377],[77.844,8.378],[77.84,8.38],[77.838,8.379],[77.836,8.38],[77.843,8.382],[77.848,8.385],[77.857,8.385],[77.859,8.393],[77.86,8.396],[77.858,8.399],[77.857,8.402],[77.852,8.404],[77.852,8.411],[77.852,8.417],[77.848,8.423],[77.843,8.425],[77.838,8.427],[77.835,8.431],[77.835,8.438],[77.837,8.443],[77.839,8.446],[77.84,8.452],[77.833,8.455],[77.835,8.46],[77.838,8.467],[77.842,8.472],[77.839,8.478],[77.837,8.485],[77.827,8.49],[77.829,8.497],[77.83,8.5],[77.826,8.503],[77.826,8.505],[77.827,8.51],[77.826,8.515],[77.824,8.517],[77.82,8.518],[77.818,8.519],[77.813,8.52],[77.813,8.521],[77.814,8.525],[77.813,8.528],[77.811,8.53],[77.807,8.532],[77.809,8.535],[77.812,8.535],[77.815,8.535],[77.818,8.535],[77.819,8.54],[77.82,8.543],[77.82,8.546],[77.82,8.55],[77.818,8.552],[77.813,8.555],[77.814,8.56],[77.813,8.564],[77.812,8.569],[77.808,8.572],[77.806,8.57],[77.804,8.568],[77.801,8.567],[77.798,8.565],[77.798,8.571],[77.799,8.573],[77.801,8.574],[77.803,8.576],[77.798,8.578],[77.789,8.581],[77.781,8.583],[77.782,8.587],[77.783,8.591],[77.784,8.598],[77.784,8.605],[77.784,8.608],[77.785,8.614],[77.786,8.62],[77.789,8.622],[77.792,8.621],[77.793,8.615],[77.806,8.612],[77.807,8.618],[77.812,8.621],[77.813,8.625],[77.814,8.627],[77.819,8.631],[77.819,8.637],[77.818,8.644],[77.816,8.649],[77.807,8.647],[77.808,8.648],[77.809,8.651],[77.809,8.656],[77.812,8.659],[77.812,8.662],[77.814,8.664],[77.816,8.667],[77.818,8.673],[77.824,8.676],[77.825,8.679],[77.824,8.681],[77.822,8.682],[77.82,8.682],[77.817,8.681],[77.812,8.682],[77.812,8.685],[77.814,8.69],[77.815,8.692],[77.817,8.698],[77.818,8.704],[77.819,8.708],[77.821,8.711],[77.821,8.714],[77.821,8.716],[77.822,8.719],[77.822,8.721],[77.824,8.724],[77.825,8.729],[77.827,8.729],[77.828,8.734],[77.827,8.74],[77.821,8.75],[77.821,8.757],[77.819,8.774],[77.825,8.778],[77.836,8.781],[77.842,8.786],[77.847,8.79],[77.846,8.796],[77.85,8.798],[77.851,8.804],[77.848,8.81],[77.841,8.816],[77.835,8.823],[77.834,8.826],[77.827,8.834],[77.822,8.835],[77.818,8.838],[77.82,8.844],[77.817,8.852],[77.815,8.857],[77.813,8.862],[77.81,8.865],[77.81,8.871],[77.808,8.874],[77.805,8.876],[77.804,8.878],[77.793,8.881],[77.781,8.883],[77.768,8.883],[77.762,8.888],[77.762,8.895],[77.764,8.912],[77.761,8.924],[77.757,8.928],[77.746,8.933],[77.73,8.925],[77.708,8.926],[77.696,8.926]]]}},{"type":"Feature","properties":{"district":"Tiruppur"},"geometry":{"type":"Polygon","coordinates":[[[77.777,11.058],[77.771,11.061],[77.765,11.065],[77.754,11.072],[77.751,11.078],[77.745,11.08],[77.735,11.085],[77.731,11.077],[77.721,11.077],[77.712,11.081],[77.707,11.092],[77.703,11.094],[77.691,11.097],[77.679,11.1],[77.667,11.102],[77.657,11.108],[77.654,11.116],[77.647,11.116],[77.64,11.123],[77.632,11.125],[77.628,11.125],[77.623,11.127],[77.617,11.127],[77.613,11.124],[77.609,11.12],[77.602,11.115],[77.595,11.112],[77.593,11.115],[77.588,11.12],[77.584,11.121],[77.577,11.119],[77.57,11.115],[77.564,11.112],[77.556,11.108],[77.552,11.11],[77.546,11.109],[77.538,11.107],[77.533,11.104],[77.528,11.105],[77.524,11.106],[77.518,11.107],[77.512,11.106],[77.506,11.107],[77.503,11.13],[77.499,11.142],[77.499,11.144],[77.499,11.147],[77.496,11.143],[77.495,11.144],[77.494,11.143],[77.493,11.141],[77.489,11.141],[77.486,11.143],[77.485,11.143],[77.485,11.141],[77.483,11.14],[77.483,11.142],[77.483,11.143],[77.481,11.143],[77.483,11.146],[77.484,11.149],[77.482,11.151],[77.482,11.152],[77.484,11.153],[77.485,11.158],[77.485,11.161],[77.48,11.159],[77.478,11.162],[77.476,11.164],[77.475,11.163],[77.477,11.162],[77.476,11.161],[77.476,11.16],[77.471,11.16],[77.473,11.162],[77.472,11.164],[77.47,11.165],[77.472,11.168],[77.473,11.17],[77.473,11.173],[77.474,11.18],[77.475,11.182],[77.476,11.185],[77.481,11.182],[77.488,11.179],[77.489,11.18],[77.49,11.182],[77.503,11.182],[77.513,11.193],[77.515,11.198],[77.517,11.2],[77.517,11.206],[77.514,11.204],[77.511,11.199],[77.508,11.199],[77.506,11.201],[77.502,11.203],[77.498,11.21],[77.501,11.213],[77.499,11.22],[77.495,11.221],[77.495,11.224],[77.5,11.226],[77.498,11.228],[77.495,11.23],[77.494,11.232],[77.493,11.232],[77.491,11.23],[77.489,11.233],[77.488,11.235],[77.487,11.235],[77.486,11.237],[77.483,11.238],[77.481,11.236],[77.479,11.239],[77.475,11.241],[77.475,11.243],[77.47,11.249],[77.465,11.252],[77.465,11.255],[77.463,11.258],[77.468,11.265],[77.468,11.274],[77.464,11.279],[77.464,11.282],[77.463,11.284],[77.461,11.284],[77.459,11.286],[77.459,11.289],[77.46,11.29],[77.457,11.292],[77.458,11.295],[77.457,11.297],[77.459,11.299],[77.461,11.297],[77.46,11.3],[77.459,11.304],[77.458,11.306],[77.457,11.308],[77.456,11.31],[77.453,11.313],[77.451,11.313],[77.453,11.307],[77.452,11.306],[77.45,11.308],[77.448,11.311],[77.447,11.31],[77.446,11.308],[77.444,11.308],[77.443,11.307],[77.439,11.308],[77.436,11.311],[77.433,11.314],[77.426,11.32],[77.424,11.315],[77.415,11.311],[77.407,11.314],[77.401,11.316],[77.395,11.32],[77.388,11.322],[77.383,11.33],[77.38,11.333],[77.379,11.339],[77.37,11.341],[77.366,11.331],[77.367,11.325],[77.364,11.318],[77.362,11.317],[77.358,11.316],[77.352,11.316],[77.348,11.316],[77.345,11.317],[77.34,11.317],[77.335,11.317],[77.334,11.315],[77.334,11.313],[77.333,11.309],[77.333,11.307],[77.336,11.303],[77.339,11.303],[77.341,11.302],[77.343,11.3],[77.346,11.297],[77.347,11.294],[77.348,11.29],[77.349,11.286],[77.347,11.284],[77.348,11.282],[77.345,11.281],[77.346,11.278],[77.345,11.275],[77.343,11.272],[77.342,11.272],[77.341,11.268],[77.34,11.267],[77.338,11.266],[77.336,11.264],[77.335,11.263],[77.336,11.258],[77.333,11.257],[77.331,11.257],[77.328,11.259],[77.325,11.26],[77.321,11.261],[77.318,11.261],[77.314,11.262],[77.311,11.264],[77.31,11.265],[77.305,11.266],[77.303,11.267],[77.301,11.269],[77.298,11.272],[77.296,11.273],[77.301,11.274],[77.305,11.275],[77.312,11.278],[77.313,11.282],[77.311,11.283],[77.308,11.283],[77.305,11.285],[77.301,11.286],[77.294,11.286],[77.29,11.288],[77.286,11.294],[77.288,11.308],[77.288,11.316],[77.288,11.32],[77.29,11.325],[77.292,11.33],[77.292,11.336],[77.289,11.34],[77.287,11.344],[77.288,11.335],[77.286,11.334],[77.28,11.332],[77.275,11.329],[77.27,11.324],[77.267,11.319],[77.26,11.315],[77.257,11.313],[77.254,11.314],[77.253,11.311],[77.25,11.312],[77.251,11.314],[77.251,11.318],[77.254,11.321],[77.252,11.325],[77.25,11.327],[77.25,11.329],[77.248,11.329],[77.247,11.328],[77.248,11.327],[77.248,11.325],[77.247,11.325],[77.245,11.324],[77.243,11.324],[77.239,11.323],[77.238,11.321],[77.241,11.321],[77.24,11.32],[77.24,11.316],[77.238,11.313],[77.239,11.309],[77.242,11.306],[77.241,11.305],[77.235,11.306],[77.231,11.305],[77.226,11.304],[77.222,11.303],[77.22,11.303],[77.219,11.303],[77.217,11.3],[77.217,11.298],[77.214,11.298],[77.211,11.298],[77.211,11.298],[77.21,11.299],[77.21,11.299],[77.208,11.298],[77.204,11.3],[77.203,11.3],[77.202,11.302],[77.202,11.303],[77.202,11.304],[77.204,11.309],[77.205,11.31],[77.205,11.309],[77.209,11.308],[77.211,11.308],[77.213,11.307],[77.215,11.306],[77.217,11.306],[77.22,11.307],[77.221,11.309],[77.222,11.31],[77.22,11.31],[77.219,11.311],[77.22,11.313],[77.222,11.314],[77.225,11.315],[77.225,11.316],[77.226,11.317],[77.227,11.318],[77.228,11.316],[77.231,11.315],[77.235,11.314],[77.237,11.32],[77.236,11.324],[77.235,11.325],[77.236,11.326],[77.237,11.326],[77.236,11.327],[77.235,11.329],[77.234,11.332],[77.233,11.333],[77.232,11.334],[77.23,11.335],[77.227,11.337],[77.225,11.337],[77.224,11.339],[77.222,11.34],[77.223,11.342],[77.226,11.342],[77.227,11.343],[77.228,11.345],[77.23,11.346],[77.231,11.346],[77.232,11.346],[77.232,11.348],[77.234,11.348],[77.235,11.35],[77.235,11.351],[77.234,11.352],[77.229,11.352],[77.226,11.351],[77.218,11.352],[77.217,11.35],[77.217,11.351],[77.215,11.35],[77.213,11.35],[77.21,11.348],[77.209,11.345],[77.207,11.345],[77.201,11.344],[77.2,11.343],[77.199,11.343],[77.198,11.341],[77.197,11.34],[77.194,11.34],[77.186,11.341],[77.181,11.342],[77.178,11.342],[77.177,11.337],[77.175,11.334],[77.176,11.332],[77.179,11.331],[77.18,11.328],[77.181,11.327],[77.181,11.326],[77.181,11.324],[77.182,11.323],[77.183,11.321],[77.182,11.318],[77.182,11.314],[77.178,11.317],[77.171,11.317],[77.167,11.32],[77.164,11.324],[77.162,11.328],[77.159,11.332],[77.155,11.335],[77.148,11.336],[77.151,11.328],[77.151,11.319],[77.147,11.306],[77.142,11.306],[77.135,11.307],[77.13,11.307],[77.127,11.308],[77.126,11.303],[77.119,11.303],[77.119,11.292],[77.123,11.287],[77.129,11.285],[77.138,11.285],[77.14,11.284],[77.141,11.281],[77.148,11.282],[77.153,11.279],[77.155,11.28],[77.156,11.281],[77.163,11.283],[77.17,11.283],[77.164,11.26],[77.166,11.244],[77.159,11.231],[77.149,11.223],[77.147,11.211],[77.148,11.204],[77.159,11.195],[77.16,11.179],[77.161,11.17],[77.167,11.167],[77.175,11.167],[77.179,11.163],[77.182,11.162],[77.178,11.159],[77.176,11.155],[77.175,11.145],[77.177,11.138],[77.184,11.141],[77.186,11.147],[77.191,11.148],[77.199,11.144],[77.205,11.14],[77.209,11.139],[77.21,11.137],[77.211,11.132],[77.221,11.127],[77.225,11.125],[77.232,11.13],[77.236,11.14],[77.241,11.138],[77.246,11.133],[77.252,11.128],[77.254,11.122],[77.257,11.119],[77.259,11.116],[77.264,11.111],[77.264,11.106],[77.255,11.109],[77.248,11.106],[77.244,11.105],[77.239,11.105],[77.23,11.099],[77.219,11.092],[77.205,11.089],[77.195,11.08],[77.185,11.075],[77.174,11.069],[77.166,11.065],[77.169,11.056],[77.175,11.049],[77.178,11.039],[77.176,11.024],[77.169,11.009],[77.165,11.002],[77.157,10.999],[77.158,10.992],[77.163,10.981],[77.17,10.967],[77.17,10.96],[77.171,10.955],[77.178,10.943],[77.174,10.939],[77.182,10.921],[77.184,10.922],[77.188,10.92],[77.203,10.913],[77.205,10.911],[77.207,10.911],[77.208,10.908],[77.208,10.906],[77.208,10.905],[77.21,10.904],[77.211,10.903],[77.213,10.902],[77.221,10.901],[77.236,10.907],[77.24,10.905],[77.247,10.905],[77.256,10.886],[77.272,10.857],[77.287,10.848],[77.29,10.84],[77.291,10.835],[77.291,10.828],[77.298,10.819],[77.298,10.811],[77.289,10.81],[77.281,10.804],[77.284,10.787],[77.248,10.778],[77.241,10.777],[77.231,10.778],[77.222,10.783],[77.21,10.791],[77.216,10.803],[77.212,10.803],[77.207,10.803],[77.203,10.802],[77.198,10.803],[77.192,10.802],[77.189,10.801],[77.189,10.801],[77.188,10.8],[77.188,10.8],[77.187,10.8],[77.186,10.799],[77.186,10.799],[77.185,10.798],[77.179,10.798],[77.173,10.801],[77.167,10.797],[77.163,10.793],[77.16,10.788],[77.157,10.777],[77.154,10.769],[77.149,10.767],[77.14,10.755],[77.135,10.748],[77.138,10.737],[77.139,10.731],[77.139,10.729],[77.14,10.726],[77.142,10.718],[77.142,10.706],[77.143,10.697],[77.142,10.686],[77.141,10.682],[77.141,10.677],[77.144,10.666],[77.146,10.659],[77.151,10.655],[77.16,10.648],[77.173,10.644],[77.18,10.636],[77.175,10.625],[77.175,10.622],[77.174,10.618],[77.173,10.614],[77.173,10.61],[77.171,10.608],[77.17,10.605],[77.166,10.591],[77.158,10.584],[77.146,10.584],[77.135,10.584],[77.126,10.584],[77.115,10.584],[77.107,10.585],[77.098,10.583],[77.09,10.581],[77.088,10.58],[77.086,10.579],[77.084,10.577],[77.083,10.574],[77.081,10.572],[77.08,10.569],[77.081,10.566],[77.083,10.564],[77.081,10.562],[77.079,10.56],[77.077,10.56],[77.076,10.557],[77.076,10.554],[77.076,10.551],[77.074,10.549],[77.073,10.545],[77.076,10.532],[77.075,10.524],[77.076,10.517],[77.078,10.509],[77.076,10.502],[77.074,10.497],[77.068,10.491],[77.063,10.486],[77.06,10.48],[77.059,10.474],[77.064,10.469],[77.066,10.466],[77.069,10.465],[77.071,10.465],[77.072,10.466],[77.073,10.464],[77.073,10.459],[77.066,10.45],[77.056,10.445],[77.049,10.435],[77.045,10.422],[77.045,10.414],[77.05,10.411],[77.057,10.406],[77.067,10.397],[77.069,10.394],[77.073,10.391],[77.077,10.388],[77.08,10.386],[77.083,10.381],[77.086,10.378],[77.088,10.374],[77.09,10.37],[77.092,10.365],[77.089,10.359],[77.085,10.344],[77.083,10.333],[77.088,10.325],[77.089,10.321],[77.089,10.321],[77.089,10.32],[77.089,10.32],[77.089,10.319],[77.089,10.319],[77.089,10.319],[77.089,10.319],[77.089,10.318],[77.09,10.318],[77.09,10.318],[77.09,10.317],[77.09,10.317],[77.09,10.317],[77.09,10.316],[77.09,10.316],[77.09,10.316],[77.09,10.315],[77.091,10.315],[77.091,10.315],[77.091,10.315],[77.091,10.314],[77.093,10.312],[77.093,10.312],[77.093,10.311],[77.094,10.311],[77.094,10.311],[77.094,10.311],[77.095,10.31],[77.095,10.31],[77.095,10.31],[77.095,10.31],[77.095,10.309],[77.095,10.309],[77.095,10.309],[77.096,10.309],[77.096,10.309],[77.097,10.309],[77.097,10.309],[77.097,10.31],[77.097,10.31],[77.097,10.31],[77.097,10.31],[77.097,10.311],[77.098,10.311],[77.098,10.311],[77.098,10.311],[77.098,10.312],[77.098,10.313],[77.099,10.313],[77.099,10.313],[77.099,10.314],[77.099,10.314],[77.1,10.314],[77.1,10.314],[77.1,10.314],[77.101,10.314],[77.101,10.314],[77.101,10.314],[77.101,10.314],[77.101,10.315],[77.101,10.315],[77.101,10.315],[77.101,10.315],[77.102,10.316],[77.102,10.316],[77.103,10.316],[77.103,10.316],[77.103,10.316],[77.104,10.316],[77.104,10.316],[77.104,10.316],[77.105,10.316],[77.105,10.316],[77.105,10.316],[77.106,10.316],[77.106,10.316],[77.106,10.316],[77.106,10.315],[77.107,10.315],[77.107,10.315],[77.109,10.316],[77.11,10.316],[77.11,10.316],[77.112,10.316],[77.113,10.316],[77.113,10.317],[77.114,10.317],[77.115,10.317],[77.116,10.317],[77.116,10.317],[77.116,10.317],[77.117,10.317],[77.117,10.318],[77.118,10.318],[77.118,10.318],[77.119,10.318],[77.12,10.318],[77.12,10.318],[77.12,10.318],[77.121,10.318],[77.121,10.318],[77.121,10.319],[77.121,10.319],[77.122,10.319],[77.123,10.32],[77.124,10.321],[77.125,10.322],[77.125,10.322],[77.125,10.323],[77.126,10.323],[77.127,10.324],[77.127,10.325],[77.128,10.325],[77.128,10.326],[77.129,10.326],[77.129,10.326],[77.129,10.326],[77.13,10.327],[77.13,10.327],[77.13,10.327],[77.132,10.327],[77.133,10.328],[77.134,10.329],[77.136,10.33],[77.138,10.331],[77.139,10.332],[77.139,10.332],[77.14,10.332],[77.141,10.333],[77.141,10.333],[77.142,10.333],[77.142,10.333],[77.143,10.333],[77.144,10.334],[77.146,10.334],[77.146,10.335],[77.147,10.335],[77.148,10.335],[77.148,10.336],[77.149,10.336],[77.151,10.337],[77.152,10.338],[77.152,10.338],[77.153,10.339],[77.154,10.34],[77.154,10.341],[77.155,10.341],[77.155,10.342],[77.155,10.342],[77.156,10.342],[77.156,10.343],[77.156,10.343],[77.157,10.344],[77.157,10.344],[77.158,10.345],[77.159,10.346],[77.16,10.347],[77.161,10.347],[77.161,10.348],[77.162,10.349],[77.163,10.349],[77.164,10.35],[77.165,10.35],[77.165,10.351],[77.166,10.351],[77.166,10.351],[77.167,10.352],[77.167,10.353],[77.167,10.353],[77.168,10.353],[77.168,10.354],[77.168,10.354],[77.169,10.354],[77.169,10.354],[77.169,10.354],[77.17,10.354],[77.17,10.354],[77.171,10.355],[77.172,10.355],[77.173,10.355],[77.173,10.356],[77.174,10.357],[77.175,10.357],[77.175,10.358],[77.176,10.358],[77.178,10.358],[77.189,10.356],[77.197,10.356],[77.202,10.358],[77.204,10.355],[77.206,10.354],[77.212,10.353],[77.219,10.353],[77.225,10.354],[77.228,10.353],[77.231,10.352],[77.235,10.352],[77.235,10.35],[77.236,10.347],[77.236,10.339],[77.233,10.338],[77.233,10.335],[77.23,10.332],[77.229,10.329],[77.229,10.326],[77.229,10.324],[77.23,10.322],[77.228,10.32],[77.228,10.319],[77.228,10.316],[77.229,10.314],[77.231,10.313],[77.231,10.31],[77.232,10.308],[77.234,10.309],[77.235,10.307],[77.236,10.305],[77.236,10.302],[77.237,10.3],[77.24,10.299],[77.239,10.296],[77.24,10.294],[77.242,10.292],[77.243,10.29],[77.244,10.289],[77.246,10.287],[77.247,10.285],[77.25,10.279],[77.259,10.268],[77.258,10.26],[77.258,10.248],[77.26,10.23],[77.273,10.235],[77.281,10.237],[77.288,10.232],[77.29,10.236],[77.293,10.242],[77.294,10.245],[77.294,10.247],[77.296,10.251],[77.3,10.251],[77.302,10.247],[77.307,10.245],[77.314,10.251],[77.316,10.253],[77.318,10.256],[77.32,10.259],[77.323,10.263],[77.324,10.264],[77.325,10.268],[77.325,10.27],[77.328,10.271],[77.33,10.27],[77.333,10.268],[77.336,10.266],[77.339,10.265],[77.341,10.264],[77.344,10.264],[77.346,10.264],[77.348,10.263],[77.349,10.266],[77.35,10.269],[77.35,10.271],[77.351,10.272],[77.351,10.274],[77.351,10.276],[77.351,10.277],[77.35,10.279],[77.349,10.28],[77.348,10.282],[77.348,10.283],[77.348,10.286],[77.348,10.289],[77.346,10.291],[77.343,10.294],[77.341,10.297],[77.342,10.3],[77.34,10.302],[77.338,10.304],[77.335,10.306],[77.332,10.307],[77.33,10.31],[77.33,10.312],[77.331,10.315],[77.328,10.318],[77.327,10.321],[77.327,10.323],[77.329,10.326],[77.332,10.329],[77.335,10.332],[77.33,10.338],[77.337,10.354],[77.329,10.354],[77.323,10.354],[77.319,10.355],[77.316,10.357],[77.315,10.369],[77.315,10.377],[77.315,10.382],[77.316,10.386],[77.316,10.388],[77.316,10.39],[77.317,10.393],[77.317,10.396],[77.317,10.403],[77.318,10.404],[77.32,10.407],[77.32,10.408],[77.319,10.409],[77.32,10.41],[77.319,10.411],[77.319,10.413],[77.319,10.414],[77.319,10.415],[77.32,10.416],[77.32,10.417],[77.32,10.419],[77.32,10.42],[77.32,10.421],[77.321,10.422],[77.322,10.423],[77.323,10.424],[77.323,10.426],[77.322,10.428],[77.322,10.429],[77.321,10.431],[77.32,10.433],[77.325,10.435],[77.326,10.436],[77.325,10.44],[77.326,10.444],[77.324,10.446],[77.323,10.448],[77.324,10.45],[77.328,10.453],[77.331,10.454],[77.336,10.455],[77.345,10.453],[77.344,10.45],[77.356,10.445],[77.364,10.447],[77.366,10.448],[77.368,10.447],[77.37,10.449],[77.373,10.449],[77.377,10.45],[77.382,10.449],[77.385,10.449],[77.385,10.452],[77.385,10.454],[77.385,10.456],[77.385,10.458],[77.384,10.46],[77.384,10.462],[77.384,10.463],[77.385,10.463],[77.385,10.465],[77.383,10.469],[77.384,10.47],[77.385,10.471],[77.385,10.472],[77.384,10.473],[77.383,10.474],[77.382,10.475],[77.382,10.475],[77.382,10.477],[77.382,10.478],[77.382,10.48],[77.381,10.482],[77.38,10.484],[77.38,10.485],[77.379,10.485],[77.377,10.486],[77.377,10.486],[77.377,10.486],[77.378,10.492],[77.379,10.494],[77.379,10.494],[77.38,10.494],[77.38,10.494],[77.384,10.496],[77.385,10.496],[77.387,10.496],[77.39,10.496],[77.39,10.495],[77.392,10.495],[77.393,10.495],[77.393,10.495],[77.394,10.498],[77.395,10.499],[77.395,10.5],[77.396,10.5],[77.399,10.499],[77.402,10.499],[77.402,10.499],[77.402,10.501],[77.404,10.509],[77.406,10.522],[77.397,10.524],[77.384,10.525],[77.378,10.529],[77.374,10.53],[77.372,10.532],[77.368,10.547],[77.371,10.555],[77.376,10.559],[77.379,10.569],[77.382,10.579],[77.385,10.585],[77.386,10.592],[77.389,10.593],[77.391,10.598],[77.396,10.598],[77.396,10.601],[77.396,10.603],[77.395,10.606],[77.398,10.607],[77.402,10.614],[77.405,10.615],[77.409,10.618],[77.412,10.617],[77.415,10.621],[77.422,10.627],[77.434,10.632],[77.449,10.632],[77.454,10.639],[77.458,10.641],[77.461,10.643],[77.469,10.644],[77.474,10.643],[77.476,10.646],[77.483,10.65],[77.491,10.647],[77.495,10.645],[77.501,10.643],[77.504,10.641],[77.504,10.635],[77.505,10.631],[77.507,10.629],[77.511,10.627],[77.514,10.619],[77.515,10.615],[77.515,10.612],[77.509,10.614],[77.521,10.607],[77.53,10.609],[77.534,10.609],[77.54,10.609],[77.544,10.616],[77.545,10.619],[77.545,10.621],[77.545,10.625],[77.545,10.626],[77.548,10.63],[77.549,10.632],[77.549,10.634],[77.549,10.636],[77.549,10.638],[77.551,10.64],[77.552,10.642],[77.555,10.643],[77.557,10.645],[77.561,10.648],[77.564,10.649],[77.566,10.653],[77.569,10.657],[77.571,10.657],[77.575,10.663],[77.575,10.667],[77.578,10.672],[77.581,10.678],[77.583,10.681],[77.59,10.68],[77.594,10.678],[77.597,10.676],[77.601,10.676],[77.603,10.676],[77.606,10.675],[77.609,10.675],[77.613,10.674],[77.616,10.674],[77.62,10.673],[77.625,10.671],[77.635,10.669],[77.64,10.669],[77.644,10.67],[77.651,10.673],[77.656,10.674],[77.658,10.68],[77.657,10.683],[77.658,10.687],[77.658,10.689],[77.659,10.693],[77.66,10.696],[77.662,10.698],[77.662,10.705],[77.663,10.708],[77.664,10.711],[77.664,10.714],[77.668,10.717],[77.672,10.719],[77.673,10.724],[77.677,10.725],[77.68,10.727],[77.682,10.728],[77.687,10.731],[77.689,10.735],[77.692,10.735],[77.695,10.735],[77.699,10.734],[77.702,10.733],[77.703,10.729],[77.704,10.725],[77.705,10.721],[77.706,10.717],[77.706,10.712],[77.707,10.707],[77.707,10.701],[77.707,10.696],[77.707,10.692],[77.708,10.688],[77.709,10.686],[77.708,10.685],[77.707,10.682],[77.706,10.678],[77.703,10.677],[77.702,10.675],[77.702,10.671],[77.701,10.668],[77.7,10.665],[77.699,10.662],[77.702,10.659],[77.705,10.656],[77.708,10.653],[77.71,10.65],[77.712,10.646],[77.715,10.642],[77.72,10.642],[77.723,10.641],[77.72,10.637],[77.72,10.632],[77.723,10.631],[77.728,10.63],[77.731,10.631],[77.733,10.634],[77.737,10.635],[77.74,10.636],[77.742,10.636],[77.744,10.637],[77.748,10.642],[77.749,10.644],[77.75,10.646],[77.753,10.649],[77.755,10.652],[77.754,10.655],[77.754,10.658],[77.754,10.668],[77.757,10.672],[77.761,10.671],[77.762,10.673],[77.765,10.674],[77.766,10.679],[77.769,10.68],[77.772,10.681],[77.775,10.681],[77.778,10.683],[77.783,10.684],[77.786,10.685],[77.79,10.685],[77.792,10.685],[77.797,10.684],[77.803,10.682],[77.808,10.681],[77.81,10.684],[77.81,10.686],[77.81,10.688],[77.809,10.691],[77.808,10.693],[77.809,10.693],[77.808,10.694],[77.809,10.697],[77.811,10.7],[77.813,10.702],[77.816,10.703],[77.816,10.704],[77.817,10.706],[77.819,10.706],[77.82,10.709],[77.822,10.712],[77.823,10.713],[77.824,10.715],[77.824,10.719],[77.824,10.721],[77.823,10.725],[77.822,10.727],[77.823,10.729],[77.822,10.733],[77.822,10.735],[77.824,10.739],[77.824,10.742],[77.826,10.745],[77.827,10.75],[77.826,10.752],[77.824,10.754],[77.818,10.757],[77.805,10.756],[77.795,10.753],[77.789,10.756],[77.783,10.758],[77.781,10.762],[77.777,10.766],[77.772,10.767],[77.774,10.779],[77.779,10.79],[77.786,10.788],[77.792,10.79],[77.795,10.795],[77.796,10.8],[77.799,10.806],[77.807,10.802],[77.815,10.8],[77.819,10.797],[77.827,10.798],[77.829,10.792],[77.835,10.79],[77.836,10.787],[77.838,10.786],[77.845,10.785],[77.852,10.784],[77.86,10.78],[77.867,10.775],[77.873,10.774],[77.877,10.775],[77.884,10.774],[77.891,10.774],[77.893,10.784],[77.889,10.793],[77.877,10.79],[77.871,10.798],[77.872,10.804],[77.875,10.808],[77.875,10.814],[77.874,10.821],[77.872,10.829],[77.873,10.834],[77.87,10.841],[77.864,10.846],[77.86,10.847],[77.855,10.848],[77.848,10.841],[77.844,10.836],[77.835,10.836],[77.83,10.841],[77.825,10.849],[77.822,10.855],[77.816,10.858],[77.807,10.859],[77.796,10.866],[77.794,10.872],[77.795,10.878],[77.79,10.886],[77.785,10.882],[77.784,10.877],[77.783,10.873],[77.775,10.871],[77.773,10.88],[77.772,10.89],[77.77,10.896],[77.761,10.903],[77.762,10.921],[77.767,10.937],[77.769,10.946],[77.769,10.951],[77.769,10.954],[77.77,10.962],[77.766,10.965],[77.752,10.967],[77.75,10.977],[77.754,10.981],[77.759,10.98],[77.765,10.988],[77.776,10.995],[77.78,10.998],[77.783,11.001],[77.784,11.005],[77.786,11.012],[77.788,11.016],[77.79,11.022],[77.79,11.026],[77.791,11.035],[77.785,11.038],[77.781,11.046],[77.777,11.058]]]}},{"type":"Feature","properties":{"district":"Tirupathur"},"geometry":{"type":"MultiPolygon","coordinates":[[[[78.858,12.633],[78.845,12.642],[78.836,12.643],[78.809,12.636],[78.821,12.646],[78.836,12.658],[78.841,12.673],[78.855,12.682],[78.853,12.688],[78.846,12.695],[78.846,12.704],[78.853,12.722],[78.848,12.74],[78.849,12.754],[78.851,12.761],[78.853,12.766],[78.861,12.775],[78.87,12.775],[78.873,12.78],[78.874,12.785],[78.877,12.79],[78.879,12.796],[78.88,12.804],[78.885,12.811],[78.882,12.813],[78.877,12.816],[78.868,12.82],[78.866,12.827],[78.873,12.835],[78.878,12.833],[78.891,12.831],[78.898,12.835],[78.896,12.839],[78.889,12.842],[78.88,12.841],[78.877,12.846],[78.88,12.85],[78.876,12.851],[78.882,12.856],[78.891,12.854],[78.9,12.856],[78.902,12.852],[78.904,12.85],[78.905,12.858],[78.901,12.865],[78.903,12.872],[78.91,12.88],[78.91,12.886],[78.908,12.89],[78.913,12.896],[78.914,12.904],[78.918,12.911],[78.905,12.909],[78.892,12.898],[78.882,12.892],[78.874,12.89],[78.86,12.882],[78.845,12.877],[78.84,12.87],[78.829,12.864],[78.823,12.86],[78.811,12.854],[78.805,12.853],[78.798,12.851],[78.792,12.849],[78.783,12.847],[78.777,12.841],[78.773,12.834],[78.766,12.83],[78.758,12.826],[78.753,12.822],[78.75,12.819],[78.748,12.822],[78.744,12.825],[78.74,12.827],[78.736,12.829],[78.734,12.834],[78.736,12.841],[78.737,12.844],[78.736,12.845],[78.736,12.847],[78.733,12.851],[78.733,12.856],[78.731,12.863],[78.726,12.865],[78.72,12.863],[78.718,12.859],[78.718,12.855],[78.719,12.851],[78.716,12.85],[78.715,12.853],[78.716,12.857],[78.713,12.859],[78.708,12.86],[78.7,12.86],[78.694,12.86],[78.687,12.861],[78.678,12.862],[78.67,12.864],[78.663,12.865],[78.655,12.865],[78.647,12.864],[78.642,12.862],[78.633,12.858],[78.629,12.855],[78.624,12.854],[78.619,12.851],[78.603,12.843],[78.606,12.83],[78.608,12.822],[78.601,12.815],[78.6,12.803],[78.593,12.797],[78.593,12.785],[78.588,12.78],[78.583,12.776],[78.579,12.773],[78.576,12.77],[78.575,12.767],[78.568,12.767],[78.563,12.761],[78.56,12.76],[78.556,12.757],[78.558,12.755],[78.558,12.75],[78.56,12.75],[78.562,12.751],[78.562,12.751],[78.559,12.749],[78.56,12.746],[78.56,12.744],[78.559,12.743],[78.556,12.743],[78.556,12.741],[78.555,12.739],[78.56,12.738],[78.564,12.737],[78.563,12.734],[78.562,12.731],[78.561,12.729],[78.56,12.726],[78.557,12.724],[78.556,12.722],[78.554,12.719],[78.555,12.716],[78.557,12.714],[78.56,12.712],[78.562,12.71],[78.558,12.708],[78.556,12.708],[78.555,12.706],[78.557,12.701],[78.553,12.698],[78.544,12.693],[78.542,12.692],[78.54,12.691],[78.539,12.691],[78.537,12.691],[78.536,12.691],[78.536,12.691],[78.535,12.691],[78.533,12.694],[78.532,12.696],[78.531,12.698],[78.531,12.701],[78.53,12.705],[78.529,12.706],[78.53,12.708],[78.53,12.709],[78.53,12.71],[78.531,12.711],[78.532,12.712],[78.534,12.711],[78.535,12.707],[78.536,12.708],[78.538,12.71],[78.539,12.709],[78.541,12.709],[78.543,12.71],[78.544,12.711],[78.542,12.712],[78.541,12.712],[78.538,12.713],[78.537,12.714],[78.538,12.717],[78.536,12.716],[78.534,12.714],[78.532,12.714],[78.53,12.715],[78.527,12.715],[78.525,12.716],[78.527,12.717],[78.527,12.721],[78.527,12.722],[78.525,12.72],[78.524,12.719],[78.521,12.717],[78.519,12.715],[78.518,12.715],[78.519,12.713],[78.52,12.712],[78.519,12.71],[78.518,12.71],[78.515,12.71],[78.515,12.709],[78.514,12.708],[78.514,12.709],[78.512,12.708],[78.511,12.709],[78.509,12.71],[78.507,12.712],[78.505,12.715],[78.504,12.717],[78.503,12.717],[78.504,12.715],[78.503,12.713],[78.503,12.71],[78.503,12.707],[78.502,12.705],[78.502,12.704],[78.499,12.704],[78.497,12.704],[78.497,12.703],[78.499,12.702],[78.499,12.699],[78.501,12.699],[78.504,12.699],[78.503,12.697],[78.503,12.694],[78.503,12.692],[78.505,12.692],[78.507,12.692],[78.507,12.69],[78.506,12.69],[78.504,12.69],[78.504,12.689],[78.503,12.687],[78.504,12.685],[78.504,12.684],[78.503,12.684],[78.503,12.683],[78.503,12.681],[78.5,12.68],[78.5,12.676],[78.495,12.675],[78.485,12.672],[78.468,12.676],[78.47,12.657],[78.473,12.647],[78.471,12.643],[78.471,12.635],[78.467,12.627],[78.465,12.624],[78.457,12.63],[78.445,12.63],[78.437,12.63],[78.43,12.633],[78.424,12.633],[78.414,12.628],[78.41,12.625],[78.407,12.62],[78.409,12.616],[78.41,12.611],[78.408,12.605],[78.408,12.601],[78.409,12.601],[78.41,12.599],[78.41,12.596],[78.41,12.592],[78.411,12.59],[78.41,12.587],[78.414,12.582],[78.417,12.574],[78.421,12.57],[78.42,12.565],[78.418,12.559],[78.417,12.553],[78.417,12.548],[78.417,12.538],[78.415,12.531],[78.417,12.524],[78.413,12.517],[78.419,12.514],[78.42,12.508],[78.418,12.501],[78.416,12.494],[78.416,12.489],[78.418,12.484],[78.423,12.481],[78.425,12.476],[78.43,12.471],[78.431,12.467],[78.434,12.464],[78.437,12.46],[78.444,12.456],[78.449,12.45],[78.449,12.446],[78.449,12.439],[78.452,12.432],[78.456,12.428],[78.454,12.424],[78.452,12.423],[78.446,12.414],[78.442,12.409],[78.441,12.405],[78.438,12.4],[78.438,12.392],[78.445,12.391],[78.454,12.387],[78.459,12.385],[78.464,12.39],[78.47,12.391],[78.477,12.391],[78.487,12.39],[78.49,12.388],[78.491,12.392],[78.493,12.4],[78.49,12.402],[78.493,12.406],[78.495,12.408],[78.498,12.408],[78.501,12.407],[78.502,12.406],[78.502,12.404],[78.504,12.402],[78.509,12.399],[78.513,12.401],[78.513,12.405],[78.515,12.406],[78.517,12.406],[78.52,12.405],[78.522,12.402],[78.526,12.399],[78.527,12.399],[78.529,12.399],[78.536,12.396],[78.537,12.397],[78.539,12.397],[78.54,12.398],[78.543,12.398],[78.547,12.395],[78.551,12.393],[78.557,12.39],[78.561,12.389],[78.565,12.388],[78.567,12.389],[78.569,12.388],[78.569,12.384],[78.569,12.381],[78.572,12.376],[78.576,12.372],[78.581,12.367],[78.583,12.363],[78.585,12.361],[78.589,12.359],[78.594,12.357],[78.597,12.357],[78.602,12.355],[78.606,12.354],[78.612,12.352],[78.613,12.349],[78.617,12.347],[78.616,12.346],[78.614,12.342],[78.615,12.338],[78.614,12.334],[78.611,12.33],[78.607,12.331],[78.605,12.332],[78.601,12.326],[78.599,12.323],[78.594,12.322],[78.592,12.317],[78.59,12.315],[78.589,12.314],[78.588,12.311],[78.589,12.31],[78.593,12.307],[78.595,12.31],[78.598,12.313],[78.604,12.313],[78.609,12.31],[78.61,12.307],[78.61,12.303],[78.61,12.299],[78.612,12.295],[78.613,12.294],[78.61,12.288],[78.608,12.284],[78.606,12.281],[78.604,12.277],[78.602,12.271],[78.601,12.267],[78.604,12.263],[78.609,12.261],[78.614,12.264],[78.616,12.266],[78.618,12.267],[78.624,12.265],[78.626,12.268],[78.63,12.27],[78.632,12.272],[78.634,12.275],[78.637,12.277],[78.638,12.279],[78.64,12.28],[78.64,12.281],[78.641,12.282],[78.643,12.281],[78.643,12.279],[78.642,12.279],[78.643,12.277],[78.642,12.274],[78.641,12.272],[78.641,12.271],[78.64,12.272],[78.639,12.27],[78.64,12.269],[78.641,12.268],[78.639,12.265],[78.637,12.263],[78.635,12.261],[78.643,12.26],[78.648,12.258],[78.651,12.259],[78.654,12.261],[78.656,12.263],[78.659,12.263],[78.662,12.264],[78.664,12.265],[78.667,12.266],[78.672,12.268],[78.675,12.269],[78.678,12.272],[78.679,12.276],[78.68,12.278],[78.682,12.279],[78.684,12.281],[78.685,12.283],[78.687,12.281],[78.688,12.283],[78.69,12.287],[78.691,12.289],[78.692,12.292],[78.694,12.294],[78.698,12.295],[78.701,12.296],[78.705,12.297],[78.706,12.298],[78.708,12.301],[78.71,12.305],[78.711,12.308],[78.711,12.311],[78.712,12.315],[78.712,12.318],[78.714,12.321],[78.715,12.324],[78.716,12.326],[78.717,12.329],[78.719,12.333],[78.72,12.335],[78.721,12.339],[78.722,12.342],[78.723,12.345],[78.725,12.348],[78.726,12.352],[78.727,12.356],[78.728,12.359],[78.729,12.361],[78.728,12.364],[78.728,12.368],[78.729,12.371],[78.73,12.374],[78.732,12.375],[78.733,12.378],[78.737,12.376],[78.739,12.377],[78.742,12.378],[78.744,12.378],[78.746,12.38],[78.748,12.382],[78.75,12.384],[78.753,12.389],[78.757,12.397],[78.762,12.404],[78.764,12.411],[78.765,12.419],[78.768,12.432],[78.762,12.442],[78.764,12.449],[78.77,12.459],[78.776,12.459],[78.78,12.466],[78.776,12.484],[78.777,12.486],[78.783,12.485],[78.787,12.495],[78.79,12.499],[78.797,12.497],[78.8,12.502],[78.803,12.507],[78.805,12.509],[78.806,12.511],[78.807,12.513],[78.809,12.516],[78.812,12.52],[78.813,12.522],[78.815,12.526],[78.817,12.528],[78.818,12.53],[78.818,12.532],[78.819,12.534],[78.821,12.537],[78.822,12.54],[78.823,12.544],[78.824,12.546],[78.825,12.549],[78.826,12.551],[78.824,12.552],[78.825,12.555],[78.827,12.558],[78.828,12.558],[78.828,12.559],[78.829,12.561],[78.829,12.563],[78.831,12.565],[78.832,12.567],[78.832,12.569],[78.832,12.57],[78.834,12.575],[78.835,12.578],[78.837,12.581],[78.838,12.585],[78.839,12.589],[78.841,12.593],[78.843,12.595],[78.845,12.6],[78.846,12.603],[78.849,12.608],[78.848,12.61],[78.851,12.614],[78.851,12.617],[78.853,12.621],[78.855,12.622],[78.856,12.624],[78.857,12.625],[78.858,12.63],[78.858,12.633],[78.858,12.633]]],[[[78.512,12.727],[78.512,12.728],[78.513,12.731],[78.513,12.732],[78.514,12.734],[78.512,12.734],[78.511,12.735],[78.508,12.736],[78.507,12.738],[78.507,12.74],[78.505,12.743],[78.502,12.743],[78.5,12.744],[78.497,12.745],[78.497,12.731],[78.5,12.731],[78.502,12.731],[78.502,12.73],[78.503,12.727],[78.505,12.725],[78.506,12.723],[78.507,12.723],[78.509,12.724],[78.512,12.727]]]]}},{"type":"Feature","properties":{"district":"Thiruvallur"},"geometry":{"type":"MultiPolygon","coordinates":[[[[80.332,13.235],[80.334,13.238],[80.335,13.243],[80.336,13.253],[80.339,13.264],[80.345,13.28],[80.346,13.295],[80.346,13.316],[80.344,13.332],[80.341,13.351],[80.339,13.363],[80.334,13.381],[80.331,13.395],[80.329,13.415],[80.328,13.427],[80.327,13.434],[80.316,13.458],[80.311,13.464],[80.298,13.484],[80.291,13.501],[80.289,13.51],[80.286,13.519],[80.284,13.525],[80.281,13.534],[80.277,13.544],[80.275,13.549],[80.27,13.562],[80.264,13.562],[80.256,13.526],[80.252,13.506],[80.243,13.475],[80.24,13.473],[80.232,13.478],[80.226,13.484],[80.216,13.486],[80.211,13.49],[80.206,13.488],[80.199,13.489],[80.189,13.49],[80.18,13.491],[80.174,13.49],[80.165,13.488],[80.157,13.49],[80.153,13.49],[80.148,13.491],[80.145,13.494],[80.141,13.503],[80.137,13.504],[80.129,13.503],[80.124,13.503],[80.113,13.506],[80.112,13.5],[80.112,13.493],[80.107,13.489],[80.102,13.489],[80.094,13.488],[80.078,13.489],[80.077,13.495],[80.077,13.506],[80.077,13.526],[80.083,13.533],[80.086,13.541],[80.068,13.545],[80.061,13.544],[80.047,13.538],[80.038,13.539],[80.028,13.539],[80.024,13.546],[80.013,13.547],[80.003,13.544],[79.999,13.537],[80.005,13.525],[80.018,13.528],[80.02,13.519],[80.03,13.515],[80.041,13.516],[80.047,13.502],[80.035,13.497],[80.016,13.498],[80.014,13.496],[80.015,13.488],[80.013,13.485],[80.006,13.479],[79.984,13.479],[79.972,13.465],[79.971,13.441],[79.973,13.43],[79.971,13.427],[79.966,13.427],[79.96,13.423],[79.953,13.426],[79.941,13.425],[79.942,13.417],[79.937,13.416],[79.941,13.41],[79.944,13.406],[79.941,13.4],[79.947,13.396],[79.959,13.396],[79.961,13.388],[79.96,13.384],[79.955,13.378],[79.948,13.383],[79.946,13.382],[79.948,13.378],[79.949,13.375],[79.946,13.368],[79.946,13.365],[79.943,13.361],[79.936,13.356],[79.933,13.352],[79.925,13.358],[79.913,13.352],[79.91,13.347],[79.904,13.34],[79.892,13.335],[79.883,13.33],[79.881,13.325],[79.878,13.324],[79.868,13.331],[79.863,13.318],[79.862,13.317],[79.854,13.321],[79.851,13.316],[79.85,13.316],[79.846,13.315],[79.836,13.315],[79.83,13.317],[79.816,13.318],[79.808,13.315],[79.804,13.31],[79.803,13.303],[79.799,13.299],[79.791,13.294],[79.783,13.302],[79.78,13.306],[79.772,13.309],[79.767,13.315],[79.761,13.316],[79.76,13.303],[79.752,13.292],[79.747,13.29],[79.744,13.289],[79.741,13.29],[79.738,13.291],[79.734,13.289],[79.733,13.288],[79.731,13.285],[79.731,13.283],[79.733,13.282],[79.735,13.279],[79.735,13.276],[79.738,13.275],[79.74,13.273],[79.743,13.271],[79.747,13.271],[79.749,13.269],[79.763,13.257],[79.772,13.253],[79.782,13.251],[79.785,13.248],[79.791,13.244],[79.795,13.242],[79.794,13.236],[79.794,13.23],[79.793,13.226],[79.793,13.229],[79.792,13.229],[79.791,13.229],[79.788,13.228],[79.784,13.227],[79.782,13.225],[79.779,13.224],[79.778,13.223],[79.777,13.219],[79.775,13.215],[79.773,13.216],[79.774,13.217],[79.774,13.219],[79.773,13.219],[79.77,13.218],[79.769,13.219],[79.766,13.219],[79.763,13.217],[79.761,13.215],[79.761,13.213],[79.76,13.21],[79.757,13.208],[79.755,13.207],[79.752,13.208],[79.751,13.213],[79.751,13.217],[79.75,13.218],[79.748,13.222],[79.74,13.229],[79.733,13.237],[79.731,13.231],[79.731,13.222],[79.725,13.223],[79.719,13.218],[79.716,13.216],[79.713,13.218],[79.704,13.222],[79.702,13.226],[79.706,13.234],[79.714,13.236],[79.711,13.242],[79.711,13.245],[79.709,13.251],[79.701,13.252],[79.697,13.246],[79.694,13.241],[79.693,13.24],[79.689,13.24],[79.684,13.245],[79.681,13.252],[79.679,13.256],[79.679,13.259],[79.679,13.262],[79.681,13.265],[79.683,13.265],[79.685,13.266],[79.687,13.267],[79.688,13.266],[79.688,13.265],[79.689,13.262],[79.69,13.261],[79.691,13.262],[79.692,13.264],[79.693,13.263],[79.694,13.265],[79.696,13.267],[79.695,13.267],[79.695,13.269],[79.695,13.27],[79.693,13.27],[79.693,13.269],[79.692,13.268],[79.691,13.268],[79.69,13.268],[79.689,13.271],[79.69,13.271],[79.692,13.272],[79.692,13.273],[79.694,13.273],[79.694,13.276],[79.694,13.277],[79.694,13.279],[79.693,13.28],[79.691,13.28],[79.69,13.281],[79.69,13.281],[79.69,13.282],[79.688,13.283],[79.687,13.284],[79.687,13.285],[79.686,13.285],[79.685,13.285],[79.685,13.287],[79.683,13.287],[79.683,13.288],[79.682,13.288],[79.681,13.288],[79.681,13.29],[79.682,13.294],[79.683,13.295],[79.683,13.296],[79.682,13.296],[79.681,13.296],[79.681,13.296],[79.678,13.297],[79.678,13.296],[79.677,13.292],[79.676,13.289],[79.676,13.285],[79.675,13.283],[79.674,13.282],[79.673,13.281],[79.671,13.28],[79.67,13.281],[79.669,13.281],[79.667,13.28],[79.665,13.279],[79.665,13.279],[79.665,13.282],[79.666,13.283],[79.667,13.286],[79.665,13.288],[79.663,13.29],[79.662,13.289],[79.659,13.287],[79.659,13.286],[79.658,13.284],[79.657,13.284],[79.657,13.285],[79.655,13.286],[79.654,13.288],[79.653,13.29],[79.653,13.291],[79.652,13.292],[79.65,13.292],[79.649,13.292],[79.647,13.291],[79.643,13.29],[79.642,13.289],[79.643,13.285],[79.642,13.285],[79.642,13.285],[79.641,13.283],[79.641,13.282],[79.641,13.28],[79.641,13.278],[79.641,13.276],[79.64,13.277],[79.64,13.279],[79.639,13.283],[79.639,13.287],[79.638,13.287],[79.638,13.284],[79.636,13.284],[79.635,13.283],[79.634,13.282],[79.634,13.281],[79.635,13.281],[79.634,13.277],[79.632,13.277],[79.632,13.276],[79.633,13.275],[79.634,13.273],[79.634,13.271],[79.632,13.271],[79.631,13.27],[79.629,13.27],[79.628,13.271],[79.627,13.272],[79.626,13.273],[79.624,13.274],[79.623,13.276],[79.62,13.279],[79.618,13.28],[79.615,13.281],[79.614,13.283],[79.61,13.281],[79.607,13.28],[79.606,13.28],[79.607,13.284],[79.609,13.287],[79.607,13.288],[79.603,13.287],[79.6,13.286],[79.596,13.285],[79.596,13.284],[79.596,13.279],[79.595,13.276],[79.593,13.275],[79.593,13.275],[79.595,13.272],[79.594,13.269],[79.593,13.265],[79.592,13.262],[79.59,13.261],[79.587,13.259],[79.583,13.257],[79.579,13.258],[79.575,13.259],[79.573,13.259],[79.571,13.262],[79.568,13.264],[79.565,13.268],[79.562,13.27],[79.559,13.273],[79.556,13.273],[79.552,13.272],[79.548,13.272],[79.544,13.272],[79.541,13.272],[79.538,13.273],[79.535,13.275],[79.534,13.277],[79.534,13.281],[79.535,13.283],[79.536,13.286],[79.538,13.288],[79.539,13.288],[79.539,13.289],[79.54,13.291],[79.541,13.291],[79.54,13.293],[79.537,13.294],[79.538,13.295],[79.538,13.296],[79.537,13.297],[79.536,13.298],[79.535,13.298],[79.535,13.301],[79.536,13.302],[79.537,13.304],[79.539,13.307],[79.54,13.308],[79.542,13.311],[79.543,13.312],[79.544,13.315],[79.544,13.317],[79.541,13.32],[79.539,13.323],[79.54,13.324],[79.542,13.327],[79.541,13.329],[79.54,13.333],[79.539,13.335],[79.538,13.338],[79.536,13.338],[79.534,13.34],[79.531,13.342],[79.527,13.344],[79.524,13.343],[79.522,13.342],[79.518,13.342],[79.514,13.342],[79.511,13.342],[79.511,13.339],[79.511,13.337],[79.51,13.334],[79.508,13.334],[79.505,13.334],[79.501,13.333],[79.497,13.337],[79.498,13.343],[79.491,13.344],[79.475,13.341],[79.465,13.339],[79.463,13.341],[79.452,13.342],[79.438,13.35],[79.433,13.347],[79.432,13.339],[79.421,13.336],[79.415,13.33],[79.408,13.335],[79.398,13.33],[79.402,13.318],[79.4,13.317],[79.397,13.316],[79.395,13.317],[79.389,13.318],[79.385,13.314],[79.384,13.308],[79.386,13.309],[79.388,13.31],[79.39,13.297],[79.402,13.3],[79.414,13.3],[79.42,13.295],[79.425,13.296],[79.434,13.301],[79.446,13.295],[79.439,13.291],[79.434,13.283],[79.42,13.272],[79.414,13.266],[79.41,13.264],[79.413,13.263],[79.415,13.261],[79.417,13.259],[79.417,13.256],[79.422,13.252],[79.421,13.248],[79.421,13.242],[79.436,13.243],[79.434,13.239],[79.44,13.236],[79.435,13.232],[79.43,13.231],[79.433,13.23],[79.439,13.231],[79.439,13.232],[79.44,13.236],[79.442,13.238],[79.449,13.238],[79.453,13.238],[79.453,13.226],[79.454,13.217],[79.448,13.216],[79.446,13.217],[79.439,13.22],[79.437,13.217],[79.444,13.208],[79.44,13.206],[79.436,13.197],[79.437,13.191],[79.434,13.19],[79.425,13.19],[79.421,13.189],[79.418,13.19],[79.41,13.194],[79.405,13.193],[79.401,13.192],[79.399,13.188],[79.394,13.192],[79.392,13.192],[79.386,13.189],[79.375,13.187],[79.385,13.182],[79.386,13.177],[79.376,13.178],[79.379,13.172],[79.38,13.163],[79.367,13.164],[79.357,13.165],[79.357,13.159],[79.358,13.158],[79.36,13.152],[79.361,13.146],[79.36,13.143],[79.363,13.139],[79.365,13.134],[79.365,13.131],[79.362,13.129],[79.359,13.123],[79.354,13.121],[79.349,13.12],[79.345,13.121],[79.345,13.129],[79.345,13.137],[79.341,13.137],[79.339,13.13],[79.335,13.13],[79.328,13.128],[79.319,13.122],[79.321,13.117],[79.317,13.114],[79.319,13.113],[79.312,13.113],[79.307,13.106],[79.297,13.108],[79.302,13.114],[79.304,13.121],[79.308,13.124],[79.311,13.126],[79.304,13.127],[79.292,13.124],[79.286,13.124],[79.288,13.113],[79.293,13.102],[79.297,13.094],[79.299,13.087],[79.307,13.083],[79.316,13.08],[79.328,13.074],[79.334,13.066],[79.346,13.063],[79.355,13.065],[79.363,13.07],[79.371,13.072],[79.378,13.075],[79.379,13.08],[79.388,13.081],[79.398,13.081],[79.402,13.08],[79.414,13.085],[79.416,13.085],[79.419,13.094],[79.423,13.1],[79.42,13.1],[79.418,13.104],[79.41,13.103],[79.404,13.1],[79.402,13.106],[79.403,13.108],[79.404,13.115],[79.41,13.116],[79.413,13.119],[79.414,13.124],[79.413,13.132],[79.412,13.138],[79.416,13.14],[79.419,13.149],[79.423,13.146],[79.431,13.138],[79.432,13.137],[79.436,13.129],[79.441,13.125],[79.447,13.128],[79.452,13.129],[79.449,13.121],[79.437,13.118],[79.429,13.117],[79.434,13.112],[79.439,13.114],[79.445,13.106],[79.449,13.103],[79.45,13.098],[79.455,13.094],[79.462,13.095],[79.463,13.101],[79.475,13.108],[79.475,13.121],[79.474,13.126],[79.482,13.13],[79.482,13.137],[79.487,13.14],[79.497,13.139],[79.504,13.138],[79.511,13.14],[79.516,13.142],[79.522,13.144],[79.527,13.139],[79.541,13.138],[79.553,13.135],[79.56,13.136],[79.568,13.137],[79.569,13.132],[79.57,13.126],[79.579,13.121],[79.595,13.123],[79.599,13.131],[79.596,13.14],[79.589,13.148],[79.608,13.146],[79.624,13.145],[79.637,13.15],[79.632,13.157],[79.632,13.164],[79.633,13.172],[79.643,13.179],[79.646,13.187],[79.648,13.199],[79.656,13.209],[79.661,13.21],[79.67,13.205],[79.671,13.198],[79.671,13.186],[79.684,13.187],[79.701,13.191],[79.7,13.181],[79.692,13.175],[79.694,13.164],[79.702,13.161],[79.711,13.162],[79.725,13.166],[79.736,13.166],[79.738,13.159],[79.739,13.152],[79.737,13.145],[79.739,13.138],[79.737,13.124],[79.736,13.119],[79.728,13.118],[79.724,13.115],[79.719,13.105],[79.714,13.109],[79.702,13.111],[79.705,13.102],[79.702,13.104],[79.71,13.099],[79.724,13.099],[79.736,13.095],[79.737,13.085],[79.742,13.076],[79.738,13.066],[79.726,13.063],[79.719,13.058],[79.726,13.055],[79.736,13.061],[79.742,13.057],[79.746,13.054],[79.748,13.05],[79.756,13.053],[79.762,13.052],[79.768,13.058],[79.771,13.061],[79.776,13.063],[79.779,13.054],[79.782,13.053],[79.785,13.055],[79.787,13.056],[79.79,13.056],[79.792,13.053],[79.792,13.046],[79.79,13.045],[79.79,13.043],[79.786,13.039],[79.788,13.032],[79.788,13.028],[79.792,13.026],[79.798,13.025],[79.799,13.02],[79.804,13.016],[79.81,13.018],[79.817,13.023],[79.819,13.026],[79.825,13.031],[79.826,13.026],[79.824,13.018],[79.826,13.015],[79.825,13.01],[79.828,13.005],[79.83,12.999],[79.83,12.996],[79.823,12.997],[79.822,12.994],[79.819,12.992],[79.814,12.991],[79.815,12.987],[79.82,12.988],[79.819,12.984],[79.82,12.981],[79.821,12.977],[79.822,12.97],[79.822,12.965],[79.821,12.963],[79.823,12.962],[79.826,12.964],[79.833,12.963],[79.833,12.959],[79.834,12.958],[79.84,12.959],[79.849,12.955],[79.849,12.953],[79.852,12.952],[79.853,12.948],[79.856,12.949],[79.866,12.949],[79.873,12.947],[79.884,12.947],[79.888,12.946],[79.894,12.948],[79.895,12.951],[79.896,12.959],[79.898,12.96],[79.901,12.964],[79.906,12.967],[79.91,12.966],[79.911,12.97],[79.912,12.974],[79.912,12.98],[79.908,12.981],[79.903,12.985],[79.9,12.988],[79.893,12.991],[79.889,12.994],[79.896,12.996],[79.9,12.996],[79.905,13.001],[79.906,13.003],[79.91,13.003],[79.912,13],[79.916,12.998],[79.922,12.995],[79.926,12.99],[79.929,12.99],[79.932,12.993],[79.936,12.994],[79.937,12.996],[79.94,12.998],[79.942,13.001],[79.942,13.006],[79.942,13.007],[79.942,13.009],[79.935,13.011],[79.931,13.014],[79.927,13.014],[79.92,13.015],[79.92,13.019],[79.918,13.019],[79.912,13.018],[79.911,13.015],[79.909,13.016],[79.907,13.017],[79.904,13.016],[79.9,13.019],[79.9,13.022],[79.9,13.024],[79.9,13.027],[79.9,13.03],[79.897,13.032],[79.898,13.036],[79.898,13.04],[79.9,13.043],[79.901,13.048],[79.904,13.049],[79.909,13.047],[79.911,13.047],[79.913,13.046],[79.917,13.047],[79.918,13.047],[79.918,13.043],[79.918,13.04],[79.918,13.038],[79.917,13.036],[79.92,13.035],[79.922,13.034],[79.926,13.034],[79.934,13.033],[79.939,13.033],[79.941,13.033],[79.944,13.033],[79.947,13.033],[79.949,13.033],[79.952,13.035],[79.953,13.036],[79.958,13.038],[79.969,13.038],[79.968,13.04],[79.969,13.044],[79.969,13.047],[79.971,13.05],[79.977,13.05],[79.98,13.052],[79.984,13.053],[79.986,13.055],[79.988,13.055],[79.991,13.053],[79.989,13.052],[79.985,13.051],[79.98,13.049],[79.979,13.045],[79.979,13.044],[79.978,13.041],[79.976,13.04],[79.974,13.039],[79.978,13.035],[79.981,13.032],[79.987,13.03],[79.99,13.033],[79.992,13.04],[79.997,13.045],[80.013,13.042],[80.022,13.041],[80.025,13.037],[80.023,13.027],[80.023,13.024],[80.028,13.02],[80.035,13.02],[80.044,13.019],[80.042,13.027],[80.042,13.03],[80.043,13.029],[80.046,13.026],[80.046,13.024],[80.049,13.023],[80.053,13.023],[80.057,13.026],[80.061,13.029],[80.061,13.033],[80.064,13.035],[80.068,13.035],[80.07,13.037],[80.071,13.037],[80.072,13.036],[80.073,13.034],[80.073,13.031],[80.08,13.016],[80.081,13.017],[80.082,13.018],[80.082,13.02],[80.083,13.025],[80.084,13.028],[80.083,13.031],[80.082,13.033],[80.082,13.037],[80.081,13.04],[80.082,13.041],[80.083,13.041],[80.085,13.04],[80.087,13.041],[80.088,13.041],[80.089,13.041],[80.092,13.039],[80.095,13.037],[80.098,13.035],[80.1,13.035],[80.102,13.039],[80.104,13.04],[80.107,13.04],[80.108,13.042],[80.111,13.041],[80.115,13.041],[80.117,13.039],[80.118,13.036],[80.12,13.035],[80.123,13.033],[80.128,13.034],[80.129,13.036],[80.129,13.043],[80.134,13.045],[80.144,13.054],[80.148,13.064],[80.153,13.057],[80.149,13.053],[80.15,13.048],[80.151,13.041],[80.16,13.045],[80.16,13.056],[80.162,13.071],[80.147,13.088],[80.144,13.093],[80.14,13.107],[80.148,13.13],[80.162,13.141],[80.172,13.141],[80.178,13.142],[80.177,13.147],[80.183,13.147],[80.194,13.154],[80.193,13.158],[80.194,13.164],[80.192,13.167],[80.193,13.173],[80.195,13.175],[80.198,13.174],[80.199,13.179],[80.204,13.18],[80.211,13.175],[80.218,13.176],[80.222,13.19],[80.23,13.197],[80.236,13.204],[80.244,13.199],[80.249,13.205],[80.256,13.206],[80.262,13.204],[80.27,13.203],[80.272,13.216],[80.271,13.225],[80.284,13.226],[80.291,13.219],[80.306,13.214],[80.315,13.223],[80.318,13.23],[80.321,13.231],[80.33,13.235],[80.332,13.235]]],[[[79.848,13.324],[79.845,13.327],[79.843,13.323],[79.845,13.322],[79.846,13.323],[79.847,13.323],[79.847,13.324],[79.85,13.323],[79.849,13.325],[79.848,13.324]]]]}},{"type":"Feature","properties":{"district":"Tiruvannamalai"},"geometry":{"type":"Polygon","coordinates":[[[79.56,12.854],[79.545,12.859],[79.54,12.863],[79.531,12.862],[79.521,12.859],[79.509,12.857],[79.506,12.862],[79.502,12.87],[79.5,12.871],[79.49,12.872],[79.479,12.873],[79.473,12.865],[79.47,12.862],[79.474,12.857],[79.471,12.851],[79.461,12.847],[79.457,12.844],[79.457,12.835],[79.459,12.832],[79.46,12.827],[79.46,12.823],[79.459,12.819],[79.458,12.817],[79.458,12.816],[79.457,12.812],[79.461,12.81],[79.47,12.807],[79.476,12.807],[79.476,12.8],[79.47,12.798],[79.464,12.799],[79.462,12.796],[79.461,12.788],[79.46,12.784],[79.462,12.781],[79.463,12.78],[79.465,12.778],[79.466,12.776],[79.466,12.774],[79.467,12.772],[79.468,12.769],[79.466,12.763],[79.467,12.759],[79.465,12.757],[79.461,12.755],[79.458,12.753],[79.457,12.75],[79.455,12.746],[79.454,12.739],[79.457,12.736],[79.46,12.737],[79.465,12.733],[79.469,12.732],[79.474,12.733],[79.472,12.728],[79.467,12.72],[79.465,12.714],[79.467,12.712],[79.466,12.701],[79.455,12.697],[79.457,12.693],[79.459,12.69],[79.458,12.687],[79.454,12.685],[79.454,12.679],[79.451,12.674],[79.445,12.67],[79.434,12.665],[79.427,12.658],[79.41,12.656],[79.402,12.643],[79.393,12.637],[79.389,12.634],[79.386,12.63],[79.381,12.629],[79.369,12.632],[79.362,12.639],[79.352,12.646],[79.354,12.648],[79.357,12.649],[79.362,12.659],[79.361,12.661],[79.361,12.666],[79.355,12.668],[79.354,12.67],[79.356,12.672],[79.364,12.675],[79.37,12.68],[79.377,12.683],[79.381,12.683],[79.384,12.684],[79.387,12.686],[79.389,12.687],[79.389,12.688],[79.392,12.689],[79.395,12.691],[79.393,12.696],[79.387,12.698],[79.386,12.701],[79.384,12.7],[79.383,12.702],[79.382,12.703],[79.382,12.704],[79.382,12.706],[79.38,12.71],[79.384,12.712],[79.387,12.713],[79.392,12.717],[79.395,12.727],[79.393,12.727],[79.39,12.728],[79.387,12.73],[79.387,12.732],[79.38,12.733],[79.378,12.726],[79.377,12.723],[79.374,12.722],[79.372,12.721],[79.368,12.721],[79.366,12.72],[79.366,12.717],[79.366,12.714],[79.364,12.716],[79.361,12.717],[79.356,12.717],[79.354,12.713],[79.355,12.707],[79.356,12.699],[79.353,12.696],[79.348,12.695],[79.344,12.698],[79.339,12.701],[79.342,12.705],[79.344,12.707],[79.346,12.709],[79.347,12.713],[79.345,12.715],[79.345,12.719],[79.344,12.723],[79.344,12.73],[79.343,12.732],[79.335,12.734],[79.328,12.74],[79.321,12.742],[79.316,12.743],[79.312,12.743],[79.311,12.744],[79.304,12.745],[79.296,12.747],[79.294,12.752],[79.292,12.752],[79.29,12.753],[79.289,12.755],[79.287,12.757],[79.284,12.762],[79.286,12.768],[79.288,12.776],[79.282,12.783],[79.274,12.79],[79.269,12.792],[79.266,12.792],[79.262,12.794],[79.261,12.797],[79.261,12.799],[79.261,12.801],[79.263,12.803],[79.264,12.805],[79.261,12.806],[79.26,12.808],[79.259,12.813],[79.259,12.815],[79.26,12.82],[79.257,12.821],[79.252,12.823],[79.25,12.823],[79.249,12.82],[79.249,12.818],[79.251,12.816],[79.251,12.812],[79.253,12.812],[79.254,12.811],[79.253,12.809],[79.251,12.808],[79.249,12.807],[79.244,12.81],[79.243,12.808],[79.24,12.808],[79.239,12.805],[79.24,12.803],[79.239,12.798],[79.235,12.797],[79.23,12.795],[79.22,12.792],[79.216,12.79],[79.209,12.784],[79.209,12.777],[79.21,12.772],[79.212,12.769],[79.213,12.766],[79.214,12.761],[79.21,12.754],[79.207,12.745],[79.205,12.743],[79.183,12.746],[79.173,12.744],[79.171,12.751],[79.172,12.757],[79.168,12.765],[79.163,12.768],[79.161,12.773],[79.16,12.767],[79.16,12.763],[79.16,12.76],[79.16,12.755],[79.158,12.754],[79.152,12.753],[79.148,12.756],[79.141,12.76],[79.135,12.76],[79.13,12.761],[79.126,12.761],[79.12,12.761],[79.108,12.759],[79.104,12.759],[79.097,12.759],[79.095,12.758],[79.089,12.755],[79.085,12.755],[79.083,12.751],[79.082,12.75],[79.079,12.75],[79.077,12.751],[79.074,12.754],[79.072,12.752],[79.065,12.747],[79.059,12.736],[79.065,12.739],[79.058,12.725],[79.051,12.719],[79.041,12.707],[79.029,12.688],[79.026,12.679],[79.017,12.67],[79.012,12.657],[79.02,12.686],[79.01,12.701],[78.999,12.703],[78.995,12.706],[78.994,12.7],[78.987,12.697],[78.988,12.695],[78.987,12.691],[78.983,12.683],[78.98,12.677],[78.981,12.673],[78.976,12.668],[78.971,12.67],[78.957,12.676],[78.948,12.681],[78.95,12.686],[78.946,12.685],[78.944,12.684],[78.944,12.681],[78.926,12.677],[78.921,12.68],[78.911,12.687],[78.905,12.684],[78.897,12.679],[78.899,12.686],[78.894,12.684],[78.888,12.67],[78.873,12.648],[78.866,12.632],[78.858,12.633],[78.858,12.63],[78.857,12.625],[78.856,12.624],[78.855,12.622],[78.853,12.621],[78.851,12.617],[78.851,12.614],[78.848,12.61],[78.849,12.608],[78.846,12.603],[78.845,12.6],[78.843,12.595],[78.841,12.593],[78.839,12.589],[78.838,12.585],[78.837,12.581],[78.835,12.578],[78.834,12.575],[78.832,12.57],[78.832,12.569],[78.832,12.567],[78.831,12.565],[78.829,12.563],[78.829,12.561],[78.828,12.559],[78.828,12.558],[78.827,12.558],[78.825,12.555],[78.824,12.552],[78.826,12.551],[78.825,12.549],[78.824,12.546],[78.823,12.544],[78.822,12.54],[78.821,12.537],[78.819,12.534],[78.818,12.532],[78.818,12.53],[78.817,12.528],[78.815,12.526],[78.813,12.522],[78.812,12.52],[78.809,12.516],[78.807,12.513],[78.806,12.511],[78.805,12.509],[78.803,12.507],[78.8,12.502],[78.797,12.497],[78.79,12.499],[78.787,12.495],[78.783,12.485],[78.777,12.486],[78.776,12.484],[78.78,12.466],[78.776,12.459],[78.77,12.459],[78.764,12.449],[78.762,12.442],[78.768,12.432],[78.765,12.419],[78.764,12.411],[78.762,12.404],[78.757,12.397],[78.753,12.389],[78.75,12.384],[78.748,12.382],[78.746,12.38],[78.744,12.378],[78.742,12.378],[78.739,12.377],[78.737,12.376],[78.733,12.378],[78.732,12.375],[78.73,12.374],[78.729,12.371],[78.728,12.368],[78.728,12.364],[78.729,12.361],[78.728,12.359],[78.727,12.356],[78.726,12.352],[78.725,12.348],[78.723,12.345],[78.722,12.342],[78.721,12.339],[78.72,12.335],[78.719,12.333],[78.717,12.329],[78.716,12.326],[78.715,12.324],[78.714,12.321],[78.712,12.318],[78.712,12.315],[78.711,12.311],[78.711,12.308],[78.71,12.305],[78.708,12.301],[78.706,12.298],[78.705,12.297],[78.701,12.296],[78.698,12.295],[78.694,12.294],[78.692,12.292],[78.691,12.289],[78.69,12.287],[78.688,12.283],[78.687,12.281],[78.685,12.283],[78.684,12.281],[78.682,12.279],[78.68,12.278],[78.679,12.276],[78.678,12.272],[78.675,12.269],[78.672,12.268],[78.667,12.266],[78.664,12.265],[78.662,12.264],[78.659,12.263],[78.656,12.263],[78.654,12.261],[78.651,12.259],[78.648,12.258],[78.648,12.257],[78.65,12.256],[78.652,12.253],[78.653,12.252],[78.653,12.251],[78.653,12.249],[78.653,12.248],[78.653,12.246],[78.653,12.244],[78.652,12.243],[78.651,12.241],[78.651,12.24],[78.653,12.239],[78.654,12.239],[78.655,12.238],[78.656,12.237],[78.658,12.236],[78.66,12.235],[78.661,12.235],[78.663,12.235],[78.664,12.234],[78.665,12.233],[78.668,12.237],[78.672,12.236],[78.672,12.233],[78.673,12.23],[78.678,12.228],[78.68,12.225],[78.683,12.222],[78.688,12.222],[78.685,12.214],[78.683,12.211],[78.68,12.207],[78.677,12.205],[78.673,12.201],[78.668,12.198],[78.663,12.196],[78.66,12.197],[78.657,12.197],[78.655,12.197],[78.654,12.196],[78.653,12.192],[78.652,12.189],[78.65,12.188],[78.649,12.189],[78.649,12.189],[78.649,12.19],[78.648,12.192],[78.648,12.194],[78.647,12.194],[78.644,12.195],[78.642,12.196],[78.641,12.198],[78.64,12.196],[78.639,12.195],[78.639,12.193],[78.638,12.191],[78.638,12.19],[78.637,12.188],[78.637,12.187],[78.636,12.185],[78.636,12.184],[78.635,12.182],[78.635,12.18],[78.634,12.179],[78.633,12.177],[78.633,12.177],[78.634,12.176],[78.635,12.175],[78.636,12.174],[78.637,12.172],[78.638,12.171],[78.639,12.17],[78.64,12.169],[78.641,12.168],[78.645,12.166],[78.647,12.164],[78.648,12.163],[78.648,12.161],[78.646,12.157],[78.645,12.155],[78.643,12.153],[78.643,12.152],[78.642,12.15],[78.641,12.148],[78.638,12.147],[78.636,12.147],[78.635,12.145],[78.634,12.143],[78.634,12.14],[78.632,12.137],[78.631,12.135],[78.631,12.133],[78.63,12.132],[78.63,12.13],[78.631,12.128],[78.633,12.128],[78.636,12.127],[78.638,12.127],[78.641,12.128],[78.644,12.128],[78.646,12.129],[78.648,12.129],[78.65,12.129],[78.652,12.128],[78.654,12.127],[78.657,12.125],[78.659,12.123],[78.659,12.121],[78.659,12.121],[78.659,12.12],[78.66,12.119],[78.663,12.117],[78.664,12.115],[78.665,12.111],[78.664,12.107],[78.662,12.104],[78.662,12.103],[78.662,12.103],[78.664,12.103],[78.666,12.103],[78.671,12.104],[78.674,12.105],[78.678,12.106],[78.683,12.106],[78.685,12.107],[78.688,12.11],[78.69,12.113],[78.691,12.115],[78.692,12.115],[78.695,12.115],[78.697,12.115],[78.699,12.116],[78.703,12.119],[78.705,12.121],[78.708,12.122],[78.711,12.123],[78.717,12.124],[78.72,12.125],[78.724,12.127],[78.728,12.127],[78.731,12.129],[78.734,12.131],[78.736,12.133],[78.738,12.134],[78.741,12.13],[78.742,12.128],[78.745,12.125],[78.745,12.123],[78.744,12.122],[78.742,12.12],[78.739,12.118],[78.738,12.117],[78.736,12.115],[78.734,12.113],[78.734,12.113],[78.736,12.111],[78.735,12.11],[78.733,12.107],[78.731,12.105],[78.729,12.102],[78.727,12.098],[78.726,12.096],[78.726,12.095],[78.727,12.094],[78.727,12.093],[78.725,12.092],[78.725,12.091],[78.723,12.089],[78.723,12.088],[78.723,12.087],[78.724,12.086],[78.723,12.083],[78.722,12.08],[78.721,12.077],[78.721,12.075],[78.721,12.072],[78.72,12.068],[78.719,12.066],[78.717,12.061],[78.715,12.057],[78.713,12.053],[78.712,12.051],[78.711,12.049],[78.709,12.046],[78.709,12.044],[78.708,12.042],[78.708,12.04],[78.707,12.038],[78.706,12.035],[78.705,12.033],[78.704,12.031],[78.704,12.028],[78.704,12.025],[78.704,12.023],[78.704,12.02],[78.704,12.018],[78.703,12.015],[78.702,12.014],[78.702,12.012],[78.701,12.01],[78.701,12.008],[78.7,12.004],[78.701,12.002],[78.702,12.001],[78.702,11.998],[78.699,11.995],[78.699,11.99],[78.705,11.986],[78.71,11.986],[78.718,11.987],[78.722,11.988],[78.728,11.987],[78.73,11.987],[78.736,11.988],[78.735,11.991],[78.738,11.994],[78.742,11.995],[78.746,11.998],[78.752,12.004],[78.757,12.011],[78.763,12.009],[78.767,12.008],[78.777,12.007],[78.785,12.009],[78.792,12.012],[78.801,12.017],[78.804,12.02],[78.815,12.011],[78.824,12.009],[78.829,12.008],[78.834,12.007],[78.837,12.007],[78.846,12.007],[78.849,12.01],[78.851,12.009],[78.86,12.011],[78.862,12.012],[78.862,12.006],[78.865,12.004],[78.866,12.006],[78.867,12.007],[78.869,12.004],[78.872,12.006],[78.876,12.005],[78.88,12.003],[78.89,12.003],[78.905,12.005],[78.914,12.01],[78.923,12.011],[78.927,12.014],[78.935,12.023],[78.939,12.024],[78.945,12.031],[78.946,12.035],[78.946,12.042],[78.943,12.047],[78.944,12.05],[78.942,12.052],[78.945,12.055],[78.951,12.061],[78.955,12.066],[78.958,12.068],[78.96,12.069],[78.964,12.065],[78.97,12.066],[78.975,12.067],[78.982,12.065],[78.984,12.064],[78.987,12.06],[78.989,12.056],[78.99,12.062],[78.993,12.066],[78.996,12.068],[78.999,12.067],[79.007,12.067],[79.016,12.065],[79.02,12.065],[79.032,12.064],[79.022,12.057],[79.022,12.054],[79.026,12.048],[79.027,12.047],[79.041,12.042],[79.049,12.037],[79.056,12.044],[79.059,12.05],[79.064,12.051],[79.068,12.05],[79.068,12.053],[79.066,12.056],[79.061,12.061],[79.062,12.065],[79.063,12.07],[79.065,12.07],[79.073,12.07],[79.076,12.07],[79.085,12.081],[79.09,12.079],[79.099,12.069],[79.094,12.057],[79.09,12.045],[79.084,12.043],[79.077,12.044],[79.081,12.039],[79.09,12.03],[79.095,12.028],[79.099,12.024],[79.107,12.02],[79.117,12.023],[79.129,12.021],[79.138,12.032],[79.14,12.039],[79.147,12.044],[79.156,12.037],[79.173,12.03],[79.176,12.039],[79.176,12.047],[79.188,12.049],[79.192,12.052],[79.2,12.07],[79.209,12.071],[79.213,12.067],[79.226,12.062],[79.237,12.067],[79.238,12.077],[79.243,12.08],[79.249,12.078],[79.251,12.078],[79.253,12.081],[79.254,12.08],[79.258,12.081],[79.262,12.087],[79.268,12.094],[79.268,12.095],[79.269,12.097],[79.27,12.099],[79.271,12.104],[79.274,12.104],[79.278,12.106],[79.279,12.11],[79.279,12.114],[79.279,12.123],[79.275,12.127],[79.27,12.129],[79.266,12.127],[79.26,12.13],[79.259,12.133],[79.257,12.136],[79.253,12.137],[79.251,12.14],[79.249,12.142],[79.245,12.143],[79.244,12.147],[79.238,12.153],[79.23,12.157],[79.22,12.162],[79.211,12.171],[79.213,12.179],[79.213,12.187],[79.211,12.191],[79.213,12.193],[79.214,12.196],[79.219,12.197],[79.221,12.196],[79.222,12.192],[79.222,12.186],[79.226,12.183],[79.235,12.184],[79.234,12.187],[79.233,12.191],[79.231,12.192],[79.233,12.197],[79.232,12.198],[79.228,12.203],[79.222,12.205],[79.221,12.207],[79.22,12.209],[79.217,12.209],[79.218,12.213],[79.222,12.215],[79.233,12.212],[79.235,12.218],[79.232,12.219],[79.23,12.218],[79.225,12.222],[79.229,12.224],[79.23,12.225],[79.233,12.227],[79.237,12.234],[79.241,12.235],[79.246,12.239],[79.248,12.241],[79.245,12.243],[79.242,12.244],[79.241,12.252],[79.241,12.254],[79.243,12.256],[79.242,12.26],[79.241,12.262],[79.244,12.265],[79.244,12.27],[79.248,12.275],[79.249,12.275],[79.256,12.274],[79.258,12.277],[79.261,12.278],[79.264,12.281],[79.266,12.285],[79.268,12.287],[79.269,12.289],[79.272,12.291],[79.275,12.291],[79.279,12.292],[79.28,12.294],[79.279,12.297],[79.277,12.302],[79.276,12.306],[79.278,12.306],[79.285,12.306],[79.288,12.309],[79.287,12.313],[79.287,12.319],[79.282,12.32],[79.279,12.32],[79.274,12.319],[79.269,12.321],[79.264,12.322],[79.259,12.322],[79.256,12.322],[79.252,12.323],[79.247,12.318],[79.242,12.316],[79.238,12.315],[79.236,12.316],[79.234,12.317],[79.233,12.32],[79.235,12.327],[79.234,12.33],[79.23,12.331],[79.226,12.332],[79.222,12.332],[79.217,12.335],[79.217,12.339],[79.214,12.34],[79.211,12.34],[79.207,12.342],[79.204,12.341],[79.199,12.343],[79.198,12.343],[79.205,12.346],[79.209,12.345],[79.212,12.345],[79.215,12.346],[79.217,12.347],[79.219,12.348],[79.221,12.349],[79.224,12.348],[79.225,12.348],[79.226,12.346],[79.227,12.345],[79.23,12.342],[79.232,12.343],[79.234,12.343],[79.235,12.343],[79.236,12.344],[79.238,12.345],[79.239,12.347],[79.237,12.353],[79.233,12.357],[79.233,12.362],[79.227,12.366],[79.227,12.373],[79.233,12.371],[79.236,12.369],[79.238,12.371],[79.243,12.373],[79.246,12.376],[79.248,12.38],[79.248,12.384],[79.246,12.391],[79.245,12.393],[79.245,12.394],[79.243,12.397],[79.239,12.399],[79.227,12.402],[79.228,12.414],[79.23,12.424],[79.234,12.435],[79.232,12.441],[79.239,12.443],[79.248,12.447],[79.258,12.448],[79.268,12.447],[79.28,12.445],[79.288,12.443],[79.293,12.443],[79.299,12.442],[79.301,12.441],[79.304,12.439],[79.309,12.439],[79.311,12.442],[79.316,12.443],[79.318,12.448],[79.321,12.449],[79.324,12.45],[79.327,12.45],[79.332,12.447],[79.338,12.445],[79.347,12.443],[79.352,12.444],[79.357,12.444],[79.362,12.44],[79.367,12.444],[79.373,12.443],[79.376,12.441],[79.38,12.442],[79.384,12.441],[79.388,12.44],[79.391,12.438],[79.394,12.438],[79.397,12.436],[79.4,12.436],[79.401,12.432],[79.401,12.43],[79.403,12.425],[79.405,12.423],[79.408,12.42],[79.41,12.416],[79.41,12.41],[79.412,12.407],[79.418,12.411],[79.422,12.41],[79.424,12.405],[79.425,12.403],[79.426,12.401],[79.43,12.403],[79.433,12.408],[79.436,12.409],[79.438,12.406],[79.438,12.401],[79.437,12.398],[79.436,12.395],[79.437,12.393],[79.438,12.392],[79.438,12.391],[79.439,12.389],[79.441,12.392],[79.443,12.394],[79.445,12.394],[79.446,12.396],[79.448,12.395],[79.448,12.391],[79.448,12.383],[79.452,12.374],[79.454,12.373],[79.459,12.374],[79.462,12.373],[79.468,12.37],[79.471,12.366],[79.472,12.365],[79.479,12.367],[79.484,12.369],[79.486,12.373],[79.488,12.373],[79.491,12.368],[79.49,12.365],[79.491,12.361],[79.488,12.359],[79.489,12.356],[79.489,12.352],[79.49,12.349],[79.495,12.346],[79.498,12.345],[79.502,12.346],[79.504,12.347],[79.507,12.346],[79.51,12.348],[79.516,12.353],[79.522,12.362],[79.526,12.367],[79.529,12.37],[79.535,12.369],[79.54,12.368],[79.543,12.366],[79.546,12.364],[79.549,12.364],[79.551,12.365],[79.553,12.366],[79.559,12.364],[79.564,12.362],[79.571,12.356],[79.574,12.359],[79.575,12.356],[79.588,12.351],[79.598,12.348],[79.597,12.351],[79.599,12.355],[79.601,12.362],[79.603,12.372],[79.605,12.376],[79.618,12.375],[79.62,12.375],[79.622,12.368],[79.622,12.361],[79.628,12.348],[79.638,12.343],[79.645,12.356],[79.65,12.36],[79.656,12.361],[79.658,12.364],[79.659,12.365],[79.665,12.371],[79.661,12.378],[79.662,12.383],[79.665,12.388],[79.67,12.394],[79.676,12.395],[79.68,12.396],[79.686,12.399],[79.691,12.403],[79.698,12.405],[79.697,12.412],[79.691,12.415],[79.692,12.421],[79.699,12.418],[79.705,12.415],[79.708,12.421],[79.709,12.425],[79.706,12.429],[79.708,12.431],[79.716,12.431],[79.716,12.434],[79.723,12.438],[79.733,12.431],[79.738,12.436],[79.736,12.442],[79.735,12.451],[79.739,12.455],[79.749,12.457],[79.748,12.459],[79.745,12.469],[79.746,12.48],[79.741,12.485],[79.735,12.49],[79.729,12.493],[79.722,12.494],[79.721,12.5],[79.724,12.499],[79.731,12.498],[79.737,12.5],[79.739,12.501],[79.742,12.502],[79.745,12.503],[79.745,12.503],[79.747,12.503],[79.75,12.507],[79.755,12.511],[79.755,12.517],[79.753,12.519],[79.751,12.524],[79.749,12.524],[79.748,12.524],[79.748,12.525],[79.747,12.526],[79.745,12.531],[79.743,12.532],[79.739,12.536],[79.735,12.539],[79.729,12.541],[79.719,12.548],[79.715,12.55],[79.717,12.554],[79.718,12.559],[79.719,12.563],[79.718,12.565],[79.717,12.568],[79.715,12.568],[79.714,12.568],[79.712,12.568],[79.708,12.569],[79.706,12.569],[79.707,12.575],[79.709,12.576],[79.712,12.577],[79.715,12.579],[79.72,12.58],[79.724,12.579],[79.725,12.582],[79.725,12.585],[79.724,12.588],[79.719,12.591],[79.713,12.592],[79.71,12.594],[79.703,12.595],[79.7,12.596],[79.699,12.595],[79.698,12.595],[79.695,12.597],[79.694,12.599],[79.692,12.6],[79.691,12.6],[79.688,12.601],[79.679,12.598],[79.675,12.595],[79.671,12.594],[79.667,12.594],[79.662,12.597],[79.66,12.598],[79.659,12.6],[79.655,12.601],[79.654,12.603],[79.65,12.603],[79.645,12.604],[79.645,12.607],[79.645,12.61],[79.644,12.615],[79.644,12.617],[79.645,12.626],[79.637,12.628],[79.634,12.63],[79.63,12.632],[79.631,12.636],[79.632,12.638],[79.632,12.64],[79.633,12.641],[79.637,12.644],[79.637,12.648],[79.638,12.651],[79.639,12.655],[79.643,12.66],[79.644,12.666],[79.648,12.671],[79.655,12.671],[79.665,12.67],[79.674,12.666],[79.679,12.668],[79.682,12.668],[79.686,12.67],[79.692,12.673],[79.698,12.675],[79.701,12.675],[79.705,12.676],[79.708,12.678],[79.711,12.68],[79.714,12.681],[79.722,12.684],[79.723,12.685],[79.726,12.687],[79.729,12.689],[79.734,12.692],[79.736,12.692],[79.738,12.693],[79.74,12.693],[79.741,12.694],[79.742,12.695],[79.743,12.696],[79.744,12.699],[79.744,12.701],[79.74,12.703],[79.736,12.703],[79.737,12.706],[79.737,12.711],[79.737,12.718],[79.735,12.719],[79.732,12.721],[79.728,12.723],[79.725,12.724],[79.722,12.723],[79.719,12.724],[79.716,12.724],[79.714,12.726],[79.714,12.728],[79.719,12.729],[79.721,12.73],[79.722,12.73],[79.724,12.732],[79.729,12.732],[79.733,12.734],[79.735,12.734],[79.74,12.734],[79.742,12.736],[79.744,12.738],[79.744,12.741],[79.743,12.745],[79.74,12.748],[79.736,12.75],[79.731,12.753],[79.728,12.756],[79.717,12.757],[79.709,12.759],[79.708,12.765],[79.708,12.767],[79.708,12.771],[79.708,12.774],[79.707,12.777],[79.704,12.78],[79.703,12.776],[79.696,12.777],[79.694,12.779],[79.69,12.783],[79.683,12.786],[79.679,12.789],[79.672,12.79],[79.67,12.784],[79.67,12.78],[79.667,12.777],[79.663,12.776],[79.659,12.776],[79.659,12.774],[79.659,12.767],[79.65,12.768],[79.646,12.772],[79.65,12.78],[79.641,12.786],[79.637,12.79],[79.64,12.793],[79.643,12.802],[79.64,12.81],[79.634,12.818],[79.624,12.823],[79.616,12.826],[79.607,12.829],[79.599,12.828],[79.596,12.83],[79.591,12.833],[79.585,12.835],[79.581,12.841],[79.57,12.847],[79.556,12.852],[79.56,12.854]]]}},{"type":"Feature","properties":{"district":"Tuticorin"},"geometry":{"type":"MultiPolygon","coordinates":[[[[78.281,9.284],[78.281,9.288],[78.276,9.29],[78.268,9.293],[78.258,9.296],[78.254,9.296],[78.249,9.297],[78.245,9.297],[78.242,9.296],[78.236,9.297],[78.233,9.296],[78.229,9.297],[78.225,9.298],[78.222,9.298],[78.22,9.3],[78.218,9.3],[78.216,9.301],[78.215,9.303],[78.213,9.304],[78.211,9.309],[78.211,9.315],[78.211,9.317],[78.211,9.319],[78.21,9.32],[78.209,9.324],[78.208,9.327],[78.204,9.328],[78.203,9.329],[78.199,9.33],[78.196,9.33],[78.193,9.331],[78.186,9.334],[78.184,9.337],[78.177,9.338],[78.175,9.339],[78.171,9.343],[78.172,9.346],[78.17,9.348],[78.168,9.352],[78.167,9.356],[78.166,9.359],[78.167,9.36],[78.168,9.369],[78.164,9.369],[78.153,9.372],[78.148,9.37],[78.145,9.37],[78.142,9.37],[78.138,9.37],[78.134,9.368],[78.129,9.366],[78.124,9.365],[78.123,9.365],[78.119,9.364],[78.116,9.363],[78.113,9.363],[78.109,9.362],[78.103,9.362],[78.098,9.362],[78.096,9.362],[78.09,9.361],[78.087,9.361],[78.078,9.359],[78.073,9.363],[78.07,9.362],[78.069,9.361],[78.068,9.361],[78.062,9.361],[78.057,9.362],[78.054,9.361],[78.053,9.359],[78.052,9.355],[78.05,9.345],[78.045,9.345],[78.044,9.341],[78.043,9.339],[78.037,9.336],[78.034,9.333],[78.035,9.33],[78.036,9.326],[78.039,9.323],[78.04,9.32],[78.043,9.316],[78.045,9.315],[78.048,9.313],[78.049,9.308],[78.049,9.306],[78.044,9.308],[78.04,9.307],[78.034,9.307],[78.029,9.307],[78.026,9.307],[78.02,9.307],[78.016,9.308],[78.011,9.308],[78.009,9.301],[78.011,9.294],[78.011,9.293],[78.009,9.276],[78.004,9.273],[78,9.272],[77.996,9.271],[77.993,9.27],[77.991,9.271],[77.991,9.27],[77.988,9.268],[77.987,9.263],[77.987,9.259],[77.985,9.257],[77.984,9.255],[77.983,9.252],[77.98,9.252],[77.973,9.253],[77.967,9.252],[77.961,9.25],[77.957,9.249],[77.956,9.244],[77.955,9.239],[77.958,9.236],[77.956,9.231],[77.948,9.229],[77.947,9.224],[77.946,9.221],[77.944,9.22],[77.94,9.221],[77.937,9.222],[77.934,9.222],[77.931,9.219],[77.93,9.216],[77.928,9.213],[77.925,9.209],[77.923,9.206],[77.921,9.204],[77.92,9.203],[77.916,9.201],[77.91,9.2],[77.904,9.203],[77.901,9.204],[77.894,9.204],[77.887,9.205],[77.88,9.208],[77.879,9.213],[77.879,9.217],[77.878,9.221],[77.876,9.222],[77.875,9.225],[77.876,9.228],[77.879,9.229],[77.884,9.23],[77.883,9.233],[77.881,9.235],[77.88,9.245],[77.875,9.245],[77.869,9.245],[77.86,9.248],[77.855,9.246],[77.851,9.244],[77.846,9.244],[77.839,9.246],[77.838,9.243],[77.835,9.244],[77.83,9.243],[77.825,9.243],[77.816,9.243],[77.809,9.245],[77.806,9.247],[77.807,9.252],[77.805,9.253],[77.8,9.255],[77.797,9.256],[77.797,9.261],[77.797,9.268],[77.797,9.271],[77.792,9.274],[77.781,9.275],[77.774,9.276],[77.774,9.275],[77.78,9.265],[77.786,9.263],[77.789,9.256],[77.787,9.251],[77.785,9.25],[77.784,9.25],[77.783,9.247],[77.78,9.238],[77.776,9.236],[77.77,9.238],[77.765,9.245],[77.761,9.249],[77.761,9.253],[77.76,9.259],[77.759,9.265],[77.757,9.268],[77.749,9.268],[77.747,9.268],[77.745,9.267],[77.745,9.266],[77.744,9.264],[77.742,9.264],[77.741,9.264],[77.738,9.263],[77.738,9.26],[77.74,9.26],[77.74,9.256],[77.74,9.255],[77.741,9.254],[77.742,9.252],[77.742,9.247],[77.742,9.24],[77.742,9.231],[77.744,9.225],[77.743,9.222],[77.742,9.219],[77.735,9.221],[77.732,9.217],[77.734,9.215],[77.735,9.206],[77.735,9.198],[77.731,9.194],[77.728,9.19],[77.721,9.19],[77.715,9.19],[77.706,9.188],[77.706,9.173],[77.705,9.166],[77.698,9.163],[77.691,9.159],[77.691,9.151],[77.693,9.148],[77.694,9.143],[77.7,9.141],[77.699,9.138],[77.696,9.135],[77.688,9.134],[77.683,9.136],[77.675,9.138],[77.674,9.134],[77.673,9.126],[77.675,9.125],[77.676,9.124],[77.676,9.118],[77.677,9.11],[77.678,9.109],[77.68,9.109],[77.68,9.106],[77.681,9.106],[77.683,9.105],[77.686,9.105],[77.686,9.103],[77.691,9.103],[77.692,9.102],[77.693,9.102],[77.695,9.102],[77.697,9.103],[77.7,9.103],[77.703,9.103],[77.705,9.103],[77.709,9.104],[77.71,9.105],[77.711,9.105],[77.713,9.104],[77.715,9.104],[77.719,9.105],[77.721,9.107],[77.723,9.108],[77.724,9.107],[77.727,9.106],[77.735,9.106],[77.739,9.107],[77.741,9.103],[77.742,9.098],[77.741,9.095],[77.742,9.091],[77.742,9.087],[77.743,9.085],[77.743,9.082],[77.744,9.08],[77.744,9.078],[77.743,9.077],[77.742,9.077],[77.739,9.075],[77.739,9.075],[77.739,9.073],[77.734,9.073],[77.731,9.072],[77.725,9.072],[77.719,9.073],[77.713,9.073],[77.709,9.073],[77.708,9.076],[77.706,9.075],[77.704,9.074],[77.703,9.071],[77.703,9.07],[77.703,9.066],[77.702,9.063],[77.703,9.061],[77.706,9.059],[77.708,9.056],[77.71,9.053],[77.712,9.05],[77.713,9.047],[77.714,9.046],[77.712,9.045],[77.712,9.043],[77.71,9.042],[77.709,9.041],[77.708,9.038],[77.707,9.04],[77.705,9.041],[77.702,9.039],[77.702,9.035],[77.698,9.035],[77.697,9.034],[77.696,9.032],[77.694,9.031],[77.695,9.03],[77.695,9.028],[77.696,9.027],[77.697,9.026],[77.698,9.025],[77.697,9.022],[77.696,9.018],[77.692,9.015],[77.688,9.014],[77.688,9.008],[77.689,9.007],[77.689,9],[77.705,9.002],[77.711,9.002],[77.716,9.002],[77.721,9.003],[77.727,8.997],[77.724,8.979],[77.708,8.968],[77.702,8.973],[77.698,8.978],[77.693,8.988],[77.686,8.995],[77.676,8.989],[77.678,8.974],[77.681,8.964],[77.692,8.951],[77.695,8.927],[77.71,8.926],[77.736,8.924],[77.747,8.929],[77.758,8.928],[77.763,8.92],[77.764,8.906],[77.761,8.893],[77.763,8.886],[77.771,8.882],[77.786,8.883],[77.795,8.882],[77.805,8.877],[77.806,8.875],[77.809,8.874],[77.813,8.87],[77.81,8.862],[77.812,8.861],[77.815,8.856],[77.818,8.849],[77.819,8.842],[77.819,8.837],[77.823,8.835],[77.831,8.833],[77.834,8.825],[77.837,8.821],[77.843,8.816],[77.848,8.809],[77.852,8.802],[77.848,8.799],[77.845,8.795],[77.846,8.789],[77.84,8.784],[77.832,8.78],[77.822,8.778],[77.821,8.769],[77.818,8.757],[77.824,8.746],[77.827,8.74],[77.828,8.733],[77.827,8.729],[77.825,8.728],[77.823,8.722],[77.821,8.72],[77.822,8.719],[77.821,8.716],[77.821,8.712],[77.82,8.71],[77.819,8.707],[77.818,8.703],[77.816,8.696],[77.815,8.692],[77.813,8.688],[77.811,8.684],[77.812,8.681],[77.817,8.681],[77.821,8.681],[77.824,8.682],[77.824,8.681],[77.824,8.678],[77.824,8.675],[77.818,8.673],[77.816,8.665],[77.814,8.664],[77.812,8.661],[77.811,8.658],[77.809,8.654],[77.808,8.65],[77.808,8.648],[77.808,8.647],[77.817,8.65],[77.818,8.642],[77.819,8.635],[77.816,8.631],[77.814,8.626],[77.813,8.624],[77.811,8.621],[77.807,8.617],[77.803,8.613],[77.793,8.616],[77.791,8.622],[77.789,8.621],[77.786,8.617],[77.785,8.612],[77.784,8.606],[77.784,8.604],[77.784,8.595],[77.783,8.591],[77.782,8.586],[77.782,8.583],[77.79,8.58],[77.801,8.577],[77.803,8.575],[77.801,8.574],[77.799,8.573],[77.798,8.569],[77.798,8.565],[77.801,8.568],[77.806,8.57],[77.807,8.571],[77.81,8.571],[77.812,8.566],[77.814,8.564],[77.813,8.557],[77.813,8.554],[77.82,8.552],[77.82,8.549],[77.82,8.545],[77.82,8.541],[77.819,8.539],[77.818,8.534],[77.814,8.535],[77.811,8.535],[77.808,8.535],[77.808,8.532],[77.812,8.53],[77.814,8.528],[77.814,8.524],[77.813,8.521],[77.814,8.52],[77.819,8.519],[77.821,8.518],[77.825,8.517],[77.827,8.513],[77.827,8.509],[77.826,8.503],[77.826,8.503],[77.83,8.5],[77.828,8.495],[77.828,8.489],[77.839,8.484],[77.839,8.476],[77.844,8.471],[77.838,8.466],[77.834,8.46],[77.833,8.453],[77.84,8.451],[77.839,8.444],[77.836,8.442],[77.834,8.437],[77.836,8.431],[77.838,8.426],[77.843,8.425],[77.848,8.422],[77.852,8.416],[77.852,8.409],[77.852,8.403],[77.857,8.402],[77.86,8.398],[77.86,8.394],[77.859,8.392],[77.855,8.384],[77.845,8.386],[77.842,8.382],[77.835,8.38],[77.838,8.379],[77.842,8.379],[77.846,8.378],[77.854,8.376],[77.854,8.372],[77.852,8.367],[77.846,8.366],[77.842,8.365],[77.845,8.363],[77.848,8.361],[77.849,8.359],[77.85,8.356],[77.849,8.354],[77.851,8.356],[77.857,8.356],[77.86,8.352],[77.86,8.346],[77.859,8.341],[77.864,8.341],[77.867,8.344],[77.868,8.348],[77.874,8.348],[77.879,8.346],[77.884,8.344],[77.888,8.342],[77.889,8.339],[77.888,8.333],[77.89,8.329],[77.89,8.325],[77.894,8.322],[77.896,8.324],[77.901,8.325],[77.901,8.322],[77.906,8.322],[77.914,8.326],[77.917,8.327],[77.921,8.328],[77.924,8.33],[77.926,8.331],[77.934,8.33],[77.94,8.332],[77.947,8.334],[77.95,8.335],[77.956,8.334],[77.96,8.335],[77.963,8.335],[77.966,8.334],[77.969,8.337],[77.969,8.34],[77.971,8.341],[77.974,8.338],[77.972,8.333],[78.004,8.35],[78.011,8.353],[78.015,8.355],[78.019,8.356],[78.024,8.359],[78.032,8.361],[78.036,8.362],[78.039,8.363],[78.046,8.366],[78.05,8.368],[78.053,8.368],[78.055,8.369],[78.061,8.371],[78.066,8.372],[78.067,8.373],[78.068,8.374],[78.067,8.374],[78.067,8.374],[78.064,8.374],[78.062,8.374],[78.06,8.375],[78.059,8.377],[78.057,8.379],[78.057,8.383],[78.057,8.385],[78.057,8.39],[78.057,8.392],[78.058,8.394],[78.059,8.397],[78.061,8.401],[78.061,8.405],[78.062,8.414],[78.063,8.416],[78.065,8.42],[78.069,8.425],[78.076,8.434],[78.081,8.441],[78.088,8.45],[78.09,8.452],[78.096,8.46],[78.1,8.464],[78.106,8.469],[78.111,8.475],[78.116,8.48],[78.12,8.484],[78.123,8.487],[78.127,8.492],[78.131,8.497],[78.131,8.498],[78.129,8.498],[78.128,8.5],[78.126,8.501],[78.126,8.502],[78.126,8.505],[78.124,8.508],[78.122,8.517],[78.123,8.522],[78.123,8.527],[78.124,8.534],[78.125,8.54],[78.127,8.545],[78.129,8.55],[78.132,8.555],[78.133,8.563],[78.134,8.571],[78.137,8.58],[78.137,8.589],[78.135,8.594],[78.133,8.601],[78.13,8.606],[78.128,8.613],[78.127,8.626],[78.127,8.631],[78.127,8.638],[78.128,8.644],[78.129,8.65],[78.129,8.655],[78.131,8.661],[78.131,8.663],[78.129,8.669],[78.131,8.675],[78.132,8.679],[78.133,8.683],[78.134,8.687],[78.136,8.692],[78.137,8.695],[78.142,8.701],[78.146,8.704],[78.151,8.708],[78.154,8.712],[78.155,8.716],[78.154,8.717],[78.155,8.723],[78.156,8.727],[78.158,8.731],[78.161,8.738],[78.164,8.741],[78.163,8.742],[78.167,8.744],[78.166,8.744],[78.168,8.744],[78.173,8.747],[78.179,8.75],[78.185,8.75],[78.19,8.749],[78.193,8.751],[78.196,8.753],[78.197,8.759],[78.197,8.761],[78.198,8.765],[78.199,8.772],[78.199,8.773],[78.199,8.78],[78.199,8.787],[78.197,8.789],[78.195,8.788],[78.194,8.787],[78.193,8.786],[78.195,8.782],[78.196,8.775],[78.196,8.776],[78.197,8.779],[78.198,8.774],[78.197,8.774],[78.196,8.771],[78.197,8.769],[78.196,8.769],[78.195,8.769],[78.195,8.767],[78.182,8.767],[78.18,8.767],[78.175,8.769],[78.169,8.771],[78.17,8.775],[78.164,8.778],[78.162,8.778],[78.16,8.784],[78.161,8.787],[78.163,8.784],[78.162,8.789],[78.162,8.797],[78.161,8.796],[78.16,8.793],[78.158,8.797],[78.16,8.804],[78.163,8.802],[78.164,8.81],[78.164,8.812],[78.166,8.823],[78.167,8.827],[78.166,8.839],[78.167,8.871],[78.179,8.892],[78.181,8.908],[78.196,8.939],[78.245,8.988],[78.273,9.006],[78.278,9.009],[78.282,9.012],[78.286,9.015],[78.289,9.017],[78.293,9.02],[78.296,9.022],[78.3,9.025],[78.308,9.032],[78.313,9.036],[78.316,9.038],[78.32,9.041],[78.327,9.047],[78.333,9.051],[78.337,9.054],[78.342,9.058],[78.346,9.061],[78.351,9.064],[78.356,9.069],[78.361,9.073],[78.365,9.076],[78.367,9.079],[78.371,9.083],[78.374,9.086],[78.378,9.089],[78.385,9.095],[78.382,9.098],[78.376,9.1],[78.371,9.099],[78.367,9.102],[78.362,9.101],[78.357,9.099],[78.356,9.11],[78.358,9.115],[78.352,9.118],[78.343,9.121],[78.332,9.126],[78.319,9.132],[78.306,9.134],[78.297,9.135],[78.288,9.136],[78.28,9.139],[78.274,9.143],[78.275,9.147],[78.277,9.151],[78.28,9.159],[78.282,9.16],[78.284,9.162],[78.285,9.164],[78.286,9.168],[78.288,9.171],[78.291,9.178],[78.293,9.188],[78.295,9.199],[78.296,9.205],[78.288,9.206],[78.28,9.204],[78.272,9.203],[78.27,9.21],[78.271,9.22],[78.271,9.229],[78.271,9.238],[78.272,9.247],[78.272,9.255],[78.273,9.258],[78.276,9.269],[78.279,9.276],[78.28,9.28],[78.281,9.284]]],[[[78.21,8.839],[78.207,8.842],[78.205,8.841],[78.209,8.838],[78.213,8.833],[78.216,8.833],[78.219,8.834],[78.217,8.839],[78.213,8.842],[78.21,8.839],[78.21,8.839]]],[[[78.223,8.873],[78.222,8.872],[78.224,8.87],[78.226,8.866],[78.226,8.869],[78.227,8.866],[78.227,8.871],[78.223,8.873]]],[[[78.274,8.943],[78.273,8.944],[78.271,8.942],[78.271,8.944],[78.27,8.939],[78.274,8.943]]],[[[78.253,8.952],[78.254,8.956],[78.252,8.956],[78.251,8.955],[78.252,8.952],[78.253,8.952]]]]}},{"type":"Feature","properties":{"district":"Vellore"},"geometry":{"type":"MultiPolygon","coordinates":[[[[79.284,13.123],[79.283,13.13],[79.282,13.139],[79.28,13.145],[79.28,13.152],[79.276,13.156],[79.271,13.154],[79.268,13.15],[79.264,13.149],[79.262,13.151],[79.26,13.153],[79.26,13.159],[79.257,13.161],[79.253,13.16],[79.252,13.158],[79.254,13.148],[79.25,13.142],[79.245,13.138],[79.242,13.147],[79.243,13.148],[79.243,13.151],[79.242,13.152],[79.244,13.154],[79.243,13.159],[79.242,13.162],[79.242,13.168],[79.24,13.172],[79.233,13.169],[79.231,13.163],[79.226,13.159],[79.224,13.155],[79.216,13.157],[79.213,13.154],[79.211,13.15],[79.216,13.148],[79.223,13.144],[79.228,13.14],[79.232,13.139],[79.23,13.13],[79.238,13.119],[79.234,13.115],[79.234,13.105],[79.226,13.101],[79.216,13.095],[79.211,13.093],[79.201,13.089],[79.199,13.082],[79.197,13.082],[79.193,13.083],[79.19,13.089],[79.189,13.084],[79.187,13.083],[79.181,13.084],[79.181,13.081],[79.182,13.08],[79.183,13.082],[79.186,13.076],[79.184,13.073],[79.191,13.073],[79.191,13.067],[79.188,13.065],[79.185,13.062],[79.18,13.064],[79.178,13.06],[79.185,13.057],[79.192,13.057],[79.189,13.056],[79.182,13.055],[79.181,13.054],[79.18,13.05],[79.183,13.047],[79.19,13.048],[79.191,13.045],[79.187,13.038],[79.186,13.033],[79.183,13.031],[79.181,13.03],[79.18,13.029],[79.178,13.029],[79.174,13.027],[79.171,13.024],[79.167,13.024],[79.161,13.02],[79.156,13.022],[79.147,13.025],[79.142,13.03],[79.139,13.034],[79.137,13.035],[79.131,13.035],[79.124,13.037],[79.116,13.039],[79.11,13.039],[79.107,13.037],[79.105,13.034],[79.099,13.026],[79.09,13.027],[79.083,13.026],[79.075,13.032],[79.066,13.038],[79.063,13.042],[79.065,13.05],[79.062,13.054],[79.055,13.057],[79.044,13.059],[79.036,13.066],[79.034,13.071],[79.03,13.071],[79.026,13.072],[79.023,13.074],[79.018,13.075],[79.017,13.076],[79.014,13.076],[79.008,13.081],[79.004,13.085],[78.997,13.086],[78.994,13.087],[78.99,13.086],[78.986,13.086],[78.983,13.086],[78.98,13.086],[78.977,13.085],[78.974,13.084],[78.972,13.083],[78.97,13.08],[78.971,13.076],[78.97,13.075],[78.968,13.078],[78.964,13.078],[78.961,13.077],[78.958,13.076],[78.955,13.076],[78.952,13.078],[78.949,13.081],[78.949,13.084],[78.948,13.083],[78.946,13.081],[78.943,13.079],[78.941,13.079],[78.937,13.079],[78.933,13.08],[78.928,13.082],[78.925,13.081],[78.923,13.079],[78.923,13.075],[78.922,13.071],[78.922,13.066],[78.919,13.065],[78.917,13.067],[78.913,13.066],[78.911,13.064],[78.91,13.061],[78.908,13.057],[78.907,13.053],[78.904,13.05],[78.904,13.048],[78.906,13.045],[78.91,13.045],[78.914,13.045],[78.918,13.044],[78.919,13.044],[78.922,13.047],[78.925,13.047],[78.928,13.046],[78.93,13.045],[78.932,13.041],[78.934,13.039],[78.937,13.038],[78.941,13.036],[78.94,13.036],[78.938,13.033],[78.937,13.03],[78.936,13.031],[78.936,13.035],[78.932,13.035],[78.929,13.036],[78.927,13.036],[78.923,13.035],[78.919,13.034],[78.916,13.034],[78.913,13.034],[78.908,13.034],[78.905,13.033],[78.901,13.033],[78.897,13.033],[78.893,13.033],[78.892,13.033],[78.891,13.037],[78.891,13.041],[78.892,13.045],[78.891,13.049],[78.891,13.053],[78.891,13.057],[78.891,13.061],[78.891,13.065],[78.891,13.069],[78.889,13.072],[78.889,13.075],[78.89,13.079],[78.89,13.082],[78.891,13.085],[78.892,13.088],[78.892,13.09],[78.893,13.092],[78.894,13.094],[78.896,13.095],[78.892,13.097],[78.887,13.098],[78.883,13.098],[78.879,13.098],[78.876,13.097],[78.874,13.095],[78.871,13.092],[78.87,13.089],[78.87,13.085],[78.871,13.082],[78.867,13.082],[78.864,13.083],[78.86,13.083],[78.857,13.083],[78.854,13.082],[78.851,13.081],[78.847,13.081],[78.845,13.08],[78.842,13.079],[78.839,13.08],[78.836,13.081],[78.832,13.083],[78.829,13.084],[78.825,13.086],[78.822,13.087],[78.819,13.088],[78.815,13.089],[78.813,13.089],[78.811,13.087],[78.807,13.084],[78.805,13.081],[78.801,13.078],[78.798,13.075],[78.797,13.072],[78.795,13.069],[78.793,13.066],[78.79,13.065],[78.786,13.064],[78.783,13.063],[78.78,13.062],[78.777,13.062],[78.774,13.061],[78.77,13.06],[78.767,13.059],[78.763,13.058],[78.76,13.057],[78.757,13.057],[78.754,13.056],[78.752,13.055],[78.749,13.057],[78.727,13.066],[78.712,13.056],[78.705,13.015],[78.668,13.027],[78.655,13.017],[78.642,13.005],[78.634,12.999],[78.631,12.995],[78.626,12.992],[78.622,12.991],[78.623,12.989],[78.627,12.985],[78.635,12.977],[78.641,12.97],[78.647,12.966],[78.642,12.965],[78.639,12.963],[78.642,12.955],[78.646,12.946],[78.651,12.939],[78.657,12.932],[78.654,12.93],[78.65,12.929],[78.646,12.93],[78.641,12.931],[78.637,12.931],[78.634,12.931],[78.634,12.927],[78.631,12.921],[78.629,12.914],[78.627,12.909],[78.623,12.904],[78.62,12.896],[78.617,12.889],[78.614,12.874],[78.61,12.863],[78.602,12.852],[78.616,12.85],[78.622,12.853],[78.626,12.854],[78.631,12.856],[78.636,12.859],[78.645,12.863],[78.652,12.865],[78.66,12.865],[78.667,12.864],[78.674,12.863],[78.682,12.862],[78.691,12.86],[78.697,12.86],[78.706,12.86],[78.711,12.859],[78.715,12.859],[78.717,12.855],[78.715,12.851],[78.718,12.851],[78.72,12.853],[78.718,12.857],[78.72,12.86],[78.721,12.865],[78.73,12.866],[78.732,12.86],[78.733,12.853],[78.734,12.849],[78.736,12.846],[78.736,12.844],[78.737,12.842],[78.735,12.836],[78.734,12.83],[78.738,12.828],[78.743,12.826],[78.745,12.823],[78.749,12.819],[78.752,12.821],[78.757,12.825],[78.763,12.829],[78.77,12.832],[78.776,12.839],[78.779,12.844],[78.788,12.849],[78.794,12.848],[78.8,12.853],[78.809,12.854],[78.814,12.856],[78.827,12.862],[78.834,12.867],[78.842,12.874],[78.853,12.879],[78.862,12.883],[78.878,12.892],[78.887,12.894],[78.896,12.904],[78.91,12.91],[78.917,12.909],[78.913,12.903],[78.912,12.893],[78.906,12.887],[78.911,12.883],[78.907,12.875],[78.901,12.868],[78.903,12.862],[78.904,12.855],[78.901,12.849],[78.9,12.853],[78.893,12.855],[78.889,12.857],[78.878,12.856],[78.878,12.85],[78.88,12.849],[78.878,12.842],[78.885,12.841],[78.893,12.842],[78.898,12.837],[78.895,12.833],[78.885,12.832],[78.876,12.835],[78.869,12.831],[78.865,12.825],[78.877,12.819],[78.881,12.814],[78.884,12.812],[78.883,12.807],[78.879,12.802],[78.877,12.792],[78.873,12.789],[78.875,12.783],[78.871,12.774],[78.865,12.775],[78.859,12.771],[78.851,12.764],[78.85,12.758],[78.848,12.747],[78.849,12.731],[78.852,12.714],[78.845,12.698],[78.849,12.691],[78.855,12.685],[78.841,12.678],[78.84,12.665],[78.83,12.653],[78.813,12.64],[78.823,12.64],[78.841,12.643],[78.855,12.636],[78.865,12.632],[78.872,12.644],[78.886,12.665],[78.892,12.678],[78.899,12.688],[78.897,12.68],[78.904,12.682],[78.907,12.687],[78.92,12.681],[78.925,12.678],[78.943,12.68],[78.945,12.683],[78.945,12.685],[78.95,12.686],[78.948,12.683],[78.952,12.678],[78.971,12.671],[78.974,12.668],[78.979,12.671],[78.981,12.675],[78.982,12.683],[78.986,12.688],[78.988,12.694],[78.987,12.697],[78.994,12.697],[78.993,12.703],[78.998,12.704],[79.001,12.701],[79.022,12.69],[79.012,12.665],[79.015,12.667],[79.025,12.677],[79.025,12.69],[79.033,12.699],[79.048,12.716],[79.058,12.724],[79.065,12.739],[79.061,12.736],[79.062,12.743],[79.072,12.751],[79.073,12.756],[79.077,12.752],[79.078,12.749],[79.082,12.75],[79.083,12.751],[79.084,12.753],[79.088,12.755],[79.094,12.758],[79.096,12.759],[79.101,12.759],[79.107,12.76],[79.116,12.759],[79.125,12.76],[79.127,12.762],[79.133,12.761],[79.14,12.76],[79.147,12.756],[79.151,12.753],[79.156,12.754],[79.16,12.754],[79.16,12.759],[79.161,12.762],[79.16,12.766],[79.16,12.772],[79.163,12.769],[79.166,12.766],[79.171,12.761],[79.173,12.753],[79.173,12.744],[79.176,12.745],[79.191,12.748],[79.207,12.743],[79.208,12.751],[79.213,12.759],[79.213,12.765],[79.213,12.768],[79.21,12.771],[79.209,12.776],[79.209,12.782],[79.207,12.786],[79.201,12.789],[79.198,12.792],[79.196,12.798],[79.194,12.803],[79.184,12.816],[79.18,12.831],[79.183,12.844],[79.183,12.854],[79.189,12.866],[79.193,12.88],[79.193,12.888],[79.198,12.894],[79.206,12.893],[79.208,12.902],[79.2,12.905],[79.189,12.911],[79.187,12.919],[79.188,12.922],[79.197,12.935],[79.21,12.939],[79.215,12.946],[79.218,12.955],[79.231,12.957],[79.247,12.953],[79.253,12.951],[79.258,12.946],[79.263,12.946],[79.268,12.944],[79.264,12.949],[79.269,12.955],[79.269,12.96],[79.27,12.964],[79.27,12.968],[79.269,12.972],[79.268,12.977],[79.267,12.984],[79.267,12.988],[79.268,12.992],[79.269,12.997],[79.274,13.002],[79.28,13.016],[79.283,13.031],[79.289,13.041],[79.294,13.046],[79.29,13.058],[79.284,13.069],[79.278,13.077],[79.273,13.086],[79.283,13.094],[79.29,13.1],[79.291,13.106],[79.287,13.118],[79.284,13.123]]],[[[78.523,12.719],[78.523,12.721],[78.522,12.724],[78.522,12.727],[78.522,12.73],[78.521,12.736],[78.519,12.728],[78.518,12.725],[78.517,12.724],[78.514,12.725],[78.512,12.727],[78.511,12.723],[78.512,12.722],[78.514,12.72],[78.517,12.719],[78.517,12.72],[78.519,12.72],[78.52,12.718],[78.523,12.719]]]]}},{"type":"Feature","properties":{"district":"Villupuram"},"geometry":{"type":"Polygon","coordinates":[[[79.64,12.345],[79.63,12.346],[79.622,12.36],[79.624,12.367],[79.621,12.374],[79.618,12.375],[79.608,12.378],[79.603,12.372],[79.601,12.363],[79.6,12.355],[79.597,12.351],[79.598,12.348],[79.589,12.35],[79.577,12.354],[79.574,12.359],[79.572,12.357],[79.565,12.362],[79.56,12.363],[79.555,12.365],[79.552,12.365],[79.55,12.364],[79.547,12.364],[79.544,12.366],[79.541,12.367],[79.536,12.369],[79.531,12.37],[79.526,12.367],[79.523,12.363],[79.518,12.353],[79.511,12.35],[79.508,12.347],[79.504,12.347],[79.502,12.347],[79.5,12.346],[79.495,12.346],[79.49,12.349],[79.489,12.352],[79.489,12.354],[79.488,12.359],[79.49,12.36],[79.491,12.363],[79.491,12.367],[79.493,12.37],[79.486,12.373],[79.484,12.37],[79.48,12.368],[79.474,12.365],[79.471,12.366],[79.468,12.37],[79.464,12.372],[79.461,12.374],[79.455,12.373],[79.453,12.374],[79.449,12.379],[79.447,12.388],[79.449,12.395],[79.447,12.396],[79.445,12.394],[79.444,12.394],[79.441,12.392],[79.44,12.389],[79.439,12.39],[79.438,12.392],[79.438,12.392],[79.436,12.394],[79.437,12.398],[79.438,12.4],[79.438,12.405],[79.437,12.408],[79.433,12.41],[79.431,12.405],[79.426,12.401],[79.425,12.402],[79.425,12.405],[79.422,12.409],[79.419,12.411],[79.415,12.407],[79.41,12.408],[79.409,12.413],[79.408,12.419],[79.406,12.422],[79.403,12.425],[79.402,12.428],[79.401,12.432],[79.402,12.435],[79.397,12.436],[79.394,12.437],[79.391,12.438],[79.389,12.44],[79.385,12.441],[79.38,12.442],[79.378,12.441],[79.374,12.442],[79.369,12.443],[79.363,12.44],[79.359,12.442],[79.355,12.444],[79.348,12.444],[79.339,12.444],[79.333,12.447],[79.328,12.45],[79.324,12.45],[79.321,12.45],[79.318,12.448],[79.317,12.445],[79.312,12.442],[79.309,12.44],[79.305,12.439],[79.302,12.44],[79.3,12.441],[79.295,12.443],[79.289,12.443],[79.281,12.445],[79.27,12.448],[79.261,12.448],[79.249,12.447],[79.242,12.443],[79.23,12.442],[79.234,12.436],[79.23,12.427],[79.228,12.417],[79.227,12.405],[79.239,12.4],[79.242,12.398],[79.244,12.395],[79.245,12.394],[79.246,12.391],[79.248,12.386],[79.248,12.381],[79.246,12.376],[79.244,12.373],[79.239,12.371],[79.237,12.368],[79.233,12.37],[79.23,12.372],[79.225,12.368],[79.232,12.362],[79.233,12.358],[79.234,12.355],[79.239,12.349],[79.238,12.345],[79.237,12.344],[79.235,12.344],[79.234,12.343],[79.232,12.343],[79.23,12.342],[79.227,12.343],[79.226,12.346],[79.225,12.347],[79.224,12.348],[79.221,12.35],[79.219,12.348],[79.217,12.348],[79.216,12.347],[79.213,12.346],[79.21,12.345],[79.207,12.345],[79.2,12.344],[79.199,12.343],[79.203,12.341],[79.206,12.342],[79.211,12.34],[79.214,12.34],[79.217,12.34],[79.217,12.335],[79.222,12.332],[79.225,12.332],[79.229,12.332],[79.233,12.33],[79.235,12.328],[79.233,12.322],[79.234,12.317],[79.234,12.316],[79.238,12.315],[79.24,12.315],[79.246,12.316],[79.251,12.323],[79.254,12.323],[79.258,12.322],[79.262,12.323],[79.266,12.322],[79.273,12.32],[79.279,12.32],[79.282,12.32],[79.286,12.32],[79.288,12.315],[79.288,12.311],[79.285,12.307],[79.281,12.306],[79.277,12.306],[79.275,12.304],[79.278,12.298],[79.279,12.294],[79.28,12.292],[79.275,12.291],[79.272,12.292],[79.27,12.289],[79.268,12.289],[79.267,12.286],[79.264,12.281],[79.262,12.278],[79.26,12.278],[79.257,12.275],[79.251,12.275],[79.248,12.275],[79.245,12.273],[79.244,12.269],[79.241,12.264],[79.242,12.26],[79.243,12.257],[79.242,12.255],[79.241,12.252],[79.243,12.246],[79.243,12.243],[79.246,12.243],[79.246,12.239],[79.244,12.236],[79.237,12.234],[79.235,12.228],[79.231,12.225],[79.23,12.224],[79.227,12.222],[79.227,12.218],[79.232,12.219],[79.234,12.218],[79.234,12.212],[79.224,12.214],[79.219,12.213],[79.216,12.211],[79.219,12.208],[79.221,12.207],[79.222,12.205],[79.227,12.204],[79.231,12.199],[79.233,12.197],[79.231,12.192],[79.232,12.191],[79.235,12.187],[79.235,12.184],[79.227,12.184],[79.222,12.184],[79.222,12.191],[79.221,12.195],[79.219,12.197],[79.215,12.196],[79.211,12.194],[79.211,12.191],[79.21,12.187],[79.214,12.183],[79.21,12.171],[79.218,12.163],[79.23,12.157],[79.238,12.153],[79.242,12.147],[79.246,12.146],[79.248,12.141],[79.25,12.141],[79.252,12.137],[79.255,12.136],[79.258,12.134],[79.259,12.131],[79.264,12.128],[79.269,12.129],[79.274,12.128],[79.279,12.123],[79.279,12.116],[79.279,12.111],[79.278,12.106],[79.276,12.104],[79.272,12.104],[79.27,12.1],[79.269,12.097],[79.268,12.095],[79.268,12.094],[79.263,12.087],[79.258,12.081],[79.255,12.079],[79.254,12.08],[79.252,12.079],[79.25,12.079],[79.243,12.08],[79.241,12.079],[79.24,12.07],[79.233,12.059],[79.216,12.064],[79.21,12.07],[79.204,12.069],[79.196,12.057],[79.19,12.048],[79.18,12.048],[79.176,12.041],[79.175,12.032],[79.17,12.02],[79.171,12.012],[79.168,12.006],[79.171,12.001],[79.169,11.993],[79.17,11.99],[79.176,11.989],[79.183,11.986],[79.185,11.974],[79.202,11.974],[79.212,11.973],[79.227,11.958],[79.233,11.954],[79.248,11.951],[79.254,11.951],[79.268,11.948],[79.274,11.945],[79.293,11.944],[79.307,11.931],[79.308,11.922],[79.315,11.923],[79.325,11.923],[79.343,11.926],[79.357,11.922],[79.367,11.918],[79.384,11.916],[79.393,11.909],[79.411,11.901],[79.429,11.882],[79.449,11.872],[79.466,11.872],[79.473,11.871],[79.481,11.868],[79.492,11.865],[79.507,11.858],[79.518,11.857],[79.523,11.858],[79.529,11.857],[79.538,11.852],[79.545,11.847],[79.551,11.846],[79.555,11.845],[79.558,11.842],[79.567,11.84],[79.573,11.84],[79.578,11.843],[79.585,11.843],[79.593,11.84],[79.6,11.834],[79.606,11.828],[79.617,11.825],[79.624,11.812],[79.632,11.805],[79.64,11.799],[79.645,11.799],[79.656,11.804],[79.66,11.807],[79.666,11.811],[79.673,11.808],[79.676,11.814],[79.681,11.814],[79.687,11.821],[79.689,11.829],[79.692,11.832],[79.703,11.832],[79.695,11.844],[79.695,11.859],[79.69,11.864],[79.69,11.873],[79.68,11.881],[79.674,11.886],[79.678,11.892],[79.685,11.889],[79.687,11.893],[79.69,11.895],[79.693,11.895],[79.698,11.903],[79.698,11.908],[79.696,11.909],[79.695,11.912],[79.696,11.919],[79.705,11.919],[79.709,11.919],[79.719,11.919],[79.716,11.913],[79.71,11.914],[79.707,11.914],[79.708,11.905],[79.707,11.9],[79.707,11.894],[79.709,11.893],[79.709,11.892],[79.71,11.892],[79.711,11.891],[79.712,11.891],[79.712,11.891],[79.713,11.892],[79.714,11.891],[79.714,11.892],[79.715,11.892],[79.715,11.892],[79.716,11.892],[79.717,11.893],[79.717,11.892],[79.718,11.891],[79.719,11.89],[79.72,11.891],[79.722,11.89],[79.722,11.89],[79.722,11.889],[79.723,11.889],[79.725,11.889],[79.723,11.89],[79.723,11.891],[79.723,11.891],[79.723,11.892],[79.724,11.892],[79.725,11.892],[79.725,11.891],[79.725,11.891],[79.726,11.891],[79.728,11.89],[79.729,11.89],[79.729,11.891],[79.731,11.893],[79.731,11.901],[79.733,11.903],[79.737,11.904],[79.74,11.905],[79.737,11.909],[79.732,11.914],[79.731,11.915],[79.726,11.922],[79.72,11.927],[79.718,11.93],[79.719,11.936],[79.721,11.943],[79.715,11.947],[79.711,11.949],[79.708,11.947],[79.708,11.941],[79.71,11.936],[79.711,11.933],[79.707,11.935],[79.707,11.937],[79.704,11.94],[79.702,11.941],[79.696,11.944],[79.696,11.947],[79.694,11.95],[79.692,11.951],[79.692,11.954],[79.694,11.959],[79.696,11.963],[79.7,11.962],[79.702,11.965],[79.704,11.965],[79.706,11.966],[79.711,11.967],[79.714,11.967],[79.716,11.972],[79.713,11.974],[79.711,11.976],[79.71,11.977],[79.715,11.986],[79.719,11.989],[79.72,11.992],[79.728,11.992],[79.734,11.995],[79.737,11.998],[79.741,12.001],[79.744,12.004],[79.747,12.008],[79.755,12.004],[79.762,11.999],[79.76,11.989],[79.753,11.985],[79.745,11.981],[79.743,11.978],[79.739,11.979],[79.734,11.98],[79.732,11.983],[79.73,11.984],[79.73,11.985],[79.73,11.986],[79.726,11.983],[79.724,11.978],[79.724,11.973],[79.727,11.971],[79.733,11.969],[79.741,11.966],[79.745,11.961],[79.747,11.952],[79.749,11.938],[79.749,11.927],[79.75,11.922],[79.75,11.921],[79.756,11.923],[79.756,11.926],[79.762,11.929],[79.76,11.938],[79.76,11.943],[79.766,11.944],[79.773,11.948],[79.774,11.95],[79.777,11.953],[79.781,11.956],[79.787,11.96],[79.792,11.959],[79.805,11.953],[79.805,11.963],[79.807,11.97],[79.809,11.973],[79.812,11.977],[79.817,11.979],[79.821,11.971],[79.824,11.964],[79.831,11.957],[79.841,11.957],[79.845,11.973],[79.847,11.979],[79.85,11.986],[79.852,11.992],[79.855,12],[79.857,12.006],[79.849,12.009],[79.844,12.011],[79.841,12.014],[79.842,12.019],[79.844,12.024],[79.844,12.028],[79.844,12.032],[79.844,12.036],[79.845,12.039],[79.848,12.044],[79.849,12.049],[79.853,12.05],[79.864,12.047],[79.868,12.045],[79.877,12.049],[79.891,12.074],[79.905,12.096],[79.915,12.112],[79.92,12.119],[79.928,12.132],[79.933,12.139],[79.939,12.148],[79.948,12.162],[79.956,12.174],[79.971,12.197],[79.981,12.212],[79.991,12.227],[79.999,12.24],[80.004,12.254],[79.988,12.251],[79.983,12.241],[79.97,12.237],[79.96,12.234],[79.947,12.239],[79.942,12.243],[79.926,12.249],[79.922,12.243],[79.924,12.234],[79.916,12.235],[79.91,12.231],[79.906,12.23],[79.9,12.23],[79.897,12.232],[79.891,12.235],[79.884,12.236],[79.881,12.24],[79.876,12.242],[79.872,12.244],[79.867,12.25],[79.866,12.255],[79.862,12.263],[79.856,12.268],[79.851,12.273],[79.848,12.276],[79.842,12.28],[79.842,12.287],[79.836,12.294],[79.832,12.3],[79.831,12.305],[79.829,12.311],[79.821,12.314],[79.819,12.313],[79.814,12.321],[79.808,12.325],[79.803,12.328],[79.799,12.336],[79.794,12.337],[79.782,12.338],[79.776,12.337],[79.767,12.332],[79.76,12.33],[79.757,12.327],[79.753,12.327],[79.746,12.326],[79.735,12.329],[79.729,12.331],[79.72,12.333],[79.711,12.335],[79.704,12.334],[79.683,12.317],[79.674,12.316],[79.664,12.321],[79.657,12.328],[79.649,12.337],[79.645,12.344],[79.64,12.345]],[[79.691,12.032],[79.695,12.034],[79.697,12.032],[79.7,12.033],[79.703,12.032],[79.704,12.028],[79.704,12.022],[79.703,12.018],[79.702,12.016],[79.703,12.011],[79.704,12.007],[79.707,12.006],[79.711,12.004],[79.714,12.001],[79.716,11.998],[79.718,11.996],[79.718,11.992],[79.717,11.99],[79.709,11.993],[79.705,11.994],[79.7,11.992],[79.696,11.992],[79.694,11.99],[79.692,11.99],[79.685,11.992],[79.683,11.988],[79.682,11.986],[79.681,11.983],[79.678,11.986],[79.675,11.992],[79.671,11.993],[79.667,11.991],[79.663,11.99],[79.661,11.989],[79.661,11.99],[79.659,11.991],[79.657,11.996],[79.658,12.001],[79.658,12.004],[79.659,12.008],[79.66,12.011],[79.661,12.012],[79.671,12.011],[79.673,12.016],[79.675,12.021],[79.681,12.021],[79.684,12.022],[79.686,12.027],[79.691,12.031],[79.691,12.032]],[[79.794,12.017],[79.789,12.019],[79.79,12.021],[79.789,12.025],[79.789,12.026],[79.793,12.025],[79.797,12.026],[79.803,12.026],[79.806,12.024],[79.805,12.021],[79.802,12.018],[79.802,12.017],[79.796,12.017],[79.795,12.017],[79.794,12.017]],[[79.639,11.987],[79.637,11.982],[79.637,11.978],[79.64,11.976],[79.641,11.973],[79.641,11.971],[79.644,11.969],[79.647,11.968],[79.648,11.964],[79.647,11.96],[79.647,11.957],[79.642,11.954],[79.643,11.942],[79.647,11.944],[79.649,11.944],[79.652,11.946],[79.657,11.948],[79.657,11.947],[79.658,11.945],[79.659,11.943],[79.66,11.942],[79.661,11.94],[79.664,11.938],[79.67,11.936],[79.67,11.934],[79.671,11.932],[79.669,11.926],[79.666,11.918],[79.663,11.915],[79.656,11.909],[79.65,11.908],[79.641,11.905],[79.635,11.901],[79.629,11.902],[79.626,11.905],[79.627,11.911],[79.628,11.92],[79.625,11.922],[79.619,11.929],[79.618,11.932],[79.618,11.936],[79.619,11.943],[79.622,11.943],[79.625,11.943],[79.628,11.945],[79.629,11.955],[79.628,11.961],[79.627,11.964],[79.624,11.969],[79.619,11.97],[79.624,11.975],[79.624,11.979],[79.621,11.984],[79.618,11.986],[79.617,11.988],[79.623,11.989],[79.625,11.994],[79.625,12],[79.619,12.005],[79.622,12.014],[79.627,12.017],[79.627,12.023],[79.626,12.03],[79.628,12.032],[79.634,12.029],[79.638,12.027],[79.646,12.026],[79.651,12.022],[79.649,12.019],[79.647,12.016],[79.646,12.012],[79.646,12.006],[79.644,12.004],[79.642,11.999],[79.641,11.998],[79.637,11.998],[79.638,11.994],[79.64,11.99],[79.639,11.987]],[[79.678,11.972],[79.685,11.973],[79.688,11.97],[79.685,11.964],[79.684,11.96],[79.684,11.956],[79.684,11.954],[79.684,11.953],[79.681,11.952],[79.68,11.951],[79.677,11.95],[79.673,11.948],[79.672,11.948],[79.671,11.949],[79.667,11.95],[79.664,11.951],[79.66,11.95],[79.658,11.951],[79.658,11.953],[79.655,11.953],[79.653,11.957],[79.654,11.961],[79.658,11.959],[79.66,11.96],[79.662,11.963],[79.662,11.969],[79.668,11.968],[79.671,11.968],[79.674,11.968],[79.675,11.968],[79.678,11.972]],[[79.617,11.883],[79.618,11.885],[79.619,11.887],[79.625,11.891],[79.63,11.888],[79.63,11.883],[79.634,11.881],[79.635,11.889],[79.636,11.888],[79.641,11.886],[79.644,11.881],[79.649,11.871],[79.654,11.87],[79.659,11.868],[79.662,11.867],[79.663,11.862],[79.661,11.859],[79.658,11.853],[79.654,11.852],[79.652,11.85],[79.647,11.85],[79.639,11.852],[79.629,11.854],[79.627,11.862],[79.628,11.87],[79.622,11.87],[79.62,11.868],[79.62,11.863],[79.614,11.863],[79.613,11.862],[79.61,11.86],[79.607,11.86],[79.606,11.859],[79.604,11.858],[79.602,11.862],[79.603,11.867],[79.601,11.871],[79.601,11.873],[79.6,11.881],[79.602,11.883],[79.605,11.881],[79.607,11.879],[79.609,11.877],[79.616,11.882],[79.617,11.883]],[[79.647,11.844],[79.652,11.843],[79.659,11.84],[79.662,11.837],[79.659,11.83],[79.661,11.828],[79.664,11.825],[79.671,11.823],[79.669,11.815],[79.663,11.813],[79.661,11.814],[79.659,11.813],[79.655,11.814],[79.65,11.815],[79.646,11.816],[79.645,11.821],[79.641,11.823],[79.642,11.825],[79.643,11.827],[79.644,11.831],[79.646,11.835],[79.646,11.842],[79.647,11.844]]]}},{"type":"Feature","properties":{"district":"Virudhunagar"},"geometry":{"type":"Polygon","coordinates":[[[78.137,9.762],[78.126,9.769],[78.12,9.774],[78.112,9.779],[78.104,9.786],[78.099,9.783],[78.095,9.779],[78.088,9.779],[78.093,9.773],[78.104,9.764],[78.102,9.757],[78.094,9.756],[78.084,9.758],[78.078,9.749],[78.075,9.75],[78.073,9.752],[78.07,9.752],[78.066,9.752],[78.065,9.75],[78.063,9.746],[78.062,9.742],[78.064,9.74],[78.066,9.739],[78.069,9.738],[78.071,9.736],[78.071,9.734],[78.072,9.732],[78.069,9.729],[78.071,9.722],[78.071,9.721],[78.073,9.719],[78.074,9.714],[78.076,9.71],[78.078,9.708],[78.078,9.704],[78.077,9.698],[78.081,9.695],[78.085,9.693],[78.084,9.691],[78.083,9.687],[78.086,9.685],[78.088,9.682],[78.088,9.68],[78.086,9.677],[78.081,9.676],[78.08,9.673],[78.082,9.668],[78.079,9.663],[78.076,9.661],[78.066,9.662],[78.059,9.662],[78.061,9.669],[78.058,9.674],[78.043,9.678],[78.039,9.678],[78.035,9.667],[78.029,9.661],[78.023,9.654],[78.022,9.652],[78.02,9.651],[78.019,9.65],[78.016,9.646],[78.015,9.641],[78.005,9.642],[78.001,9.65],[77.998,9.644],[77.996,9.64],[77.991,9.641],[77.988,9.636],[77.983,9.634],[77.978,9.63],[77.973,9.631],[77.969,9.633],[77.964,9.633],[77.964,9.64],[77.963,9.645],[77.958,9.647],[77.954,9.649],[77.952,9.646],[77.949,9.647],[77.945,9.648],[77.943,9.649],[77.935,9.649],[77.93,9.647],[77.926,9.647],[77.923,9.643],[77.922,9.639],[77.92,9.638],[77.912,9.638],[77.909,9.637],[77.904,9.632],[77.901,9.628],[77.897,9.628],[77.897,9.63],[77.894,9.635],[77.894,9.638],[77.891,9.642],[77.884,9.643],[77.881,9.644],[77.878,9.645],[77.873,9.646],[77.863,9.647],[77.851,9.65],[77.846,9.649],[77.842,9.635],[77.837,9.636],[77.826,9.637],[77.819,9.641],[77.812,9.64],[77.807,9.64],[77.791,9.639],[77.773,9.643],[77.767,9.652],[77.764,9.661],[77.767,9.665],[77.766,9.673],[77.762,9.679],[77.758,9.682],[77.748,9.686],[77.741,9.689],[77.738,9.69],[77.734,9.692],[77.732,9.693],[77.724,9.694],[77.718,9.697],[77.714,9.702],[77.71,9.705],[77.71,9.696],[77.708,9.691],[77.704,9.691],[77.699,9.692],[77.699,9.696],[77.697,9.698],[77.694,9.697],[77.694,9.693],[77.691,9.689],[77.688,9.687],[77.685,9.683],[77.685,9.68],[77.683,9.678],[77.681,9.677],[77.678,9.681],[77.676,9.682],[77.672,9.679],[77.668,9.677],[77.662,9.681],[77.659,9.681],[77.657,9.68],[77.655,9.682],[77.651,9.683],[77.652,9.687],[77.651,9.69],[77.65,9.692],[77.65,9.696],[77.648,9.698],[77.645,9.698],[77.644,9.703],[77.642,9.706],[77.639,9.704],[77.635,9.702],[77.632,9.701],[77.631,9.704],[77.629,9.703],[77.628,9.704],[77.625,9.702],[77.623,9.701],[77.619,9.7],[77.615,9.696],[77.607,9.696],[77.602,9.692],[77.602,9.686],[77.595,9.683],[77.59,9.678],[77.587,9.671],[77.583,9.667],[77.576,9.669],[77.572,9.664],[77.567,9.661],[77.563,9.66],[77.56,9.655],[77.557,9.65],[77.552,9.646],[77.551,9.646],[77.543,9.651],[77.545,9.654],[77.547,9.658],[77.544,9.661],[77.539,9.659],[77.536,9.656],[77.535,9.655],[77.53,9.652],[77.527,9.646],[77.525,9.643],[77.523,9.64],[77.52,9.638],[77.52,9.636],[77.519,9.632],[77.517,9.628],[77.517,9.624],[77.517,9.62],[77.515,9.615],[77.514,9.611],[77.512,9.609],[77.511,9.606],[77.508,9.603],[77.504,9.599],[77.5,9.597],[77.499,9.59],[77.498,9.587],[77.499,9.582],[77.498,9.577],[77.497,9.575],[77.493,9.574],[77.488,9.572],[77.485,9.57],[77.482,9.567],[77.478,9.564],[77.477,9.556],[77.472,9.548],[77.461,9.544],[77.455,9.542],[77.452,9.544],[77.445,9.543],[77.433,9.547],[77.423,9.54],[77.413,9.535],[77.403,9.526],[77.402,9.521],[77.404,9.516],[77.411,9.512],[77.412,9.508],[77.405,9.503],[77.399,9.495],[77.4,9.485],[77.402,9.479],[77.396,9.471],[77.392,9.461],[77.385,9.455],[77.374,9.454],[77.357,9.45],[77.349,9.439],[77.344,9.423],[77.342,9.419],[77.35,9.413],[77.355,9.411],[77.361,9.411],[77.367,9.407],[77.371,9.404],[77.377,9.401],[77.38,9.401],[77.382,9.397],[77.385,9.396],[77.388,9.393],[77.392,9.393],[77.395,9.394],[77.397,9.396],[77.399,9.395],[77.402,9.396],[77.403,9.395],[77.406,9.394],[77.41,9.396],[77.413,9.397],[77.417,9.399],[77.421,9.398],[77.423,9.394],[77.426,9.395],[77.431,9.392],[77.435,9.39],[77.435,9.388],[77.437,9.385],[77.438,9.382],[77.442,9.379],[77.445,9.377],[77.449,9.373],[77.451,9.37],[77.448,9.367],[77.441,9.367],[77.438,9.366],[77.441,9.362],[77.442,9.36],[77.449,9.353],[77.456,9.351],[77.467,9.349],[77.463,9.346],[77.46,9.34],[77.459,9.333],[77.464,9.329],[77.474,9.335],[77.482,9.338],[77.491,9.338],[77.496,9.338],[77.504,9.332],[77.506,9.332],[77.509,9.333],[77.514,9.334],[77.517,9.334],[77.519,9.336],[77.522,9.335],[77.525,9.34],[77.526,9.346],[77.526,9.35],[77.524,9.353],[77.521,9.355],[77.52,9.358],[77.522,9.359],[77.527,9.359],[77.529,9.364],[77.53,9.374],[77.535,9.375],[77.54,9.374],[77.546,9.372],[77.555,9.37],[77.551,9.368],[77.551,9.363],[77.557,9.357],[77.56,9.355],[77.564,9.353],[77.571,9.354],[77.575,9.349],[77.574,9.345],[77.577,9.343],[77.582,9.345],[77.586,9.348],[77.59,9.348],[77.589,9.344],[77.591,9.343],[77.592,9.335],[77.592,9.328],[77.591,9.322],[77.591,9.318],[77.591,9.315],[77.59,9.314],[77.588,9.314],[77.587,9.312],[77.588,9.308],[77.59,9.308],[77.595,9.308],[77.6,9.308],[77.604,9.306],[77.603,9.301],[77.606,9.302],[77.608,9.302],[77.612,9.301],[77.614,9.3],[77.617,9.298],[77.622,9.296],[77.625,9.295],[77.625,9.293],[77.628,9.294],[77.629,9.294],[77.632,9.294],[77.634,9.293],[77.636,9.293],[77.639,9.293],[77.642,9.292],[77.644,9.292],[77.644,9.291],[77.646,9.289],[77.651,9.288],[77.653,9.288],[77.654,9.286],[77.654,9.284],[77.656,9.284],[77.658,9.285],[77.659,9.285],[77.661,9.286],[77.664,9.287],[77.665,9.287],[77.668,9.287],[77.669,9.287],[77.67,9.287],[77.672,9.287],[77.673,9.287],[77.676,9.287],[77.678,9.287],[77.679,9.287],[77.68,9.286],[77.683,9.287],[77.684,9.289],[77.688,9.289],[77.691,9.289],[77.694,9.29],[77.696,9.29],[77.698,9.29],[77.7,9.291],[77.701,9.291],[77.704,9.291],[77.706,9.291],[77.708,9.291],[77.71,9.291],[77.711,9.291],[77.712,9.291],[77.712,9.289],[77.712,9.287],[77.714,9.287],[77.717,9.287],[77.717,9.287],[77.717,9.286],[77.718,9.283],[77.718,9.283],[77.72,9.283],[77.722,9.281],[77.723,9.28],[77.724,9.281],[77.725,9.282],[77.729,9.282],[77.731,9.282],[77.734,9.281],[77.736,9.281],[77.738,9.281],[77.739,9.28],[77.739,9.278],[77.739,9.277],[77.739,9.275],[77.742,9.275],[77.741,9.272],[77.741,9.27],[77.741,9.267],[77.741,9.265],[77.742,9.265],[77.742,9.264],[77.744,9.264],[77.745,9.266],[77.745,9.267],[77.747,9.268],[77.749,9.268],[77.757,9.268],[77.759,9.265],[77.76,9.259],[77.761,9.253],[77.761,9.249],[77.765,9.245],[77.77,9.238],[77.776,9.236],[77.78,9.238],[77.783,9.247],[77.784,9.25],[77.785,9.25],[77.787,9.251],[77.789,9.256],[77.786,9.263],[77.78,9.265],[77.774,9.275],[77.774,9.276],[77.781,9.275],[77.792,9.274],[77.797,9.271],[77.797,9.268],[77.797,9.261],[77.797,9.256],[77.8,9.255],[77.805,9.253],[77.807,9.252],[77.806,9.247],[77.809,9.245],[77.816,9.243],[77.825,9.243],[77.83,9.243],[77.835,9.244],[77.838,9.243],[77.839,9.246],[77.846,9.244],[77.851,9.244],[77.855,9.246],[77.86,9.248],[77.869,9.245],[77.875,9.245],[77.88,9.245],[77.881,9.235],[77.883,9.233],[77.884,9.23],[77.879,9.229],[77.876,9.228],[77.875,9.225],[77.876,9.222],[77.878,9.221],[77.879,9.217],[77.879,9.213],[77.88,9.208],[77.887,9.205],[77.894,9.204],[77.901,9.204],[77.904,9.203],[77.91,9.2],[77.916,9.201],[77.92,9.203],[77.921,9.204],[77.923,9.206],[77.925,9.209],[77.928,9.213],[77.93,9.216],[77.931,9.219],[77.934,9.222],[77.937,9.222],[77.94,9.221],[77.944,9.22],[77.946,9.221],[77.947,9.224],[77.948,9.229],[77.956,9.231],[77.958,9.236],[77.955,9.239],[77.956,9.244],[77.957,9.249],[77.961,9.25],[77.967,9.252],[77.973,9.253],[77.98,9.252],[77.983,9.252],[77.984,9.255],[77.985,9.257],[77.987,9.259],[77.987,9.263],[77.988,9.268],[77.991,9.27],[77.991,9.271],[77.993,9.27],[77.996,9.271],[78,9.272],[78.004,9.273],[78.009,9.276],[78.011,9.293],[78.011,9.294],[78.009,9.301],[78.011,9.308],[78.016,9.308],[78.02,9.307],[78.026,9.307],[78.029,9.307],[78.034,9.307],[78.04,9.307],[78.044,9.308],[78.049,9.306],[78.049,9.308],[78.048,9.313],[78.045,9.315],[78.043,9.316],[78.04,9.32],[78.039,9.323],[78.036,9.326],[78.035,9.33],[78.034,9.333],[78.037,9.336],[78.043,9.339],[78.044,9.341],[78.045,9.345],[78.05,9.345],[78.052,9.355],[78.053,9.359],[78.054,9.361],[78.057,9.362],[78.062,9.361],[78.068,9.361],[78.069,9.361],[78.07,9.362],[78.073,9.363],[78.078,9.359],[78.087,9.361],[78.09,9.361],[78.096,9.362],[78.098,9.362],[78.103,9.362],[78.109,9.362],[78.113,9.363],[78.116,9.363],[78.119,9.364],[78.123,9.365],[78.124,9.365],[78.129,9.366],[78.134,9.368],[78.138,9.37],[78.142,9.37],[78.145,9.37],[78.148,9.37],[78.153,9.372],[78.164,9.369],[78.168,9.369],[78.167,9.36],[78.166,9.359],[78.167,9.356],[78.168,9.352],[78.17,9.348],[78.172,9.346],[78.171,9.343],[78.175,9.339],[78.177,9.338],[78.184,9.337],[78.186,9.334],[78.193,9.331],[78.196,9.33],[78.199,9.33],[78.203,9.329],[78.204,9.328],[78.208,9.327],[78.209,9.324],[78.21,9.32],[78.211,9.319],[78.211,9.317],[78.211,9.315],[78.211,9.309],[78.213,9.304],[78.215,9.303],[78.216,9.301],[78.218,9.3],[78.22,9.3],[78.222,9.298],[78.225,9.298],[78.229,9.297],[78.233,9.296],[78.236,9.297],[78.242,9.296],[78.245,9.297],[78.249,9.297],[78.254,9.296],[78.258,9.296],[78.268,9.293],[78.276,9.29],[78.281,9.288],[78.281,9.284],[78.287,9.283],[78.289,9.284],[78.293,9.283],[78.305,9.281],[78.309,9.283],[78.317,9.282],[78.32,9.28],[78.324,9.277],[78.329,9.275],[78.331,9.279],[78.334,9.282],[78.339,9.287],[78.343,9.293],[78.346,9.298],[78.346,9.305],[78.346,9.309],[78.353,9.309],[78.359,9.321],[78.361,9.325],[78.361,9.329],[78.363,9.332],[78.365,9.337],[78.363,9.343],[78.363,9.349],[78.359,9.352],[78.358,9.355],[78.356,9.358],[78.353,9.357],[78.353,9.353],[78.345,9.353],[78.343,9.353],[78.339,9.353],[78.336,9.354],[78.335,9.353],[78.333,9.352],[78.329,9.34],[78.327,9.336],[78.324,9.332],[78.322,9.334],[78.311,9.333],[78.31,9.33],[78.306,9.328],[78.304,9.324],[78.3,9.325],[78.298,9.326],[78.295,9.33],[78.294,9.331],[78.295,9.334],[78.295,9.338],[78.308,9.344],[78.309,9.347],[78.307,9.354],[78.307,9.359],[78.304,9.366],[78.304,9.369],[78.307,9.373],[78.308,9.376],[78.304,9.377],[78.304,9.381],[78.304,9.384],[78.299,9.385],[78.296,9.382],[78.296,9.385],[78.295,9.389],[78.292,9.391],[78.289,9.39],[78.287,9.39],[78.281,9.39],[78.279,9.388],[78.272,9.385],[78.267,9.385],[78.263,9.385],[78.261,9.379],[78.26,9.376],[78.257,9.374],[78.254,9.375],[78.251,9.377],[78.249,9.379],[78.248,9.38],[78.245,9.381],[78.243,9.381],[78.244,9.386],[78.243,9.39],[78.244,9.393],[78.244,9.396],[78.242,9.398],[78.242,9.401],[78.243,9.407],[78.24,9.408],[78.239,9.409],[78.236,9.409],[78.233,9.41],[78.229,9.41],[78.223,9.41],[78.223,9.416],[78.222,9.421],[78.221,9.425],[78.221,9.428],[78.22,9.432],[78.215,9.433],[78.217,9.441],[78.22,9.447],[78.223,9.446],[78.228,9.445],[78.231,9.446],[78.237,9.446],[78.242,9.446],[78.247,9.446],[78.252,9.447],[78.258,9.447],[78.27,9.448],[78.278,9.447],[78.284,9.445],[78.299,9.442],[78.304,9.446],[78.304,9.451],[78.298,9.455],[78.306,9.461],[78.315,9.468],[78.326,9.464],[78.331,9.468],[78.337,9.469],[78.345,9.465],[78.349,9.46],[78.353,9.464],[78.349,9.469],[78.347,9.471],[78.339,9.47],[78.336,9.473],[78.331,9.473],[78.33,9.478],[78.327,9.483],[78.329,9.487],[78.328,9.495],[78.338,9.496],[78.342,9.503],[78.346,9.505],[78.347,9.511],[78.35,9.511],[78.355,9.51],[78.361,9.512],[78.365,9.512],[78.367,9.508],[78.375,9.507],[78.377,9.516],[78.383,9.519],[78.385,9.526],[78.387,9.531],[78.387,9.537],[78.381,9.54],[78.373,9.542],[78.374,9.544],[78.375,9.547],[78.377,9.553],[78.374,9.558],[78.374,9.561],[78.374,9.569],[78.368,9.57],[78.372,9.573],[78.375,9.576],[78.378,9.578],[78.382,9.578],[78.383,9.58],[78.387,9.58],[78.393,9.581],[78.395,9.584],[78.398,9.587],[78.398,9.594],[78.401,9.592],[78.405,9.59],[78.409,9.589],[78.413,9.589],[78.415,9.593],[78.417,9.596],[78.418,9.6],[78.425,9.6],[78.429,9.606],[78.428,9.61],[78.427,9.614],[78.426,9.617],[78.424,9.614],[78.424,9.609],[78.418,9.608],[78.414,9.61],[78.413,9.617],[78.409,9.62],[78.407,9.616],[78.402,9.612],[78.4,9.615],[78.396,9.617],[78.394,9.619],[78.395,9.626],[78.393,9.63],[78.391,9.63],[78.391,9.634],[78.394,9.644],[78.392,9.65],[78.387,9.654],[78.372,9.656],[78.363,9.653],[78.361,9.651],[78.359,9.651],[78.356,9.653],[78.354,9.658],[78.352,9.657],[78.351,9.657],[78.351,9.664],[78.345,9.659],[78.339,9.659],[78.336,9.669],[78.342,9.68],[78.337,9.685],[78.334,9.69],[78.329,9.693],[78.324,9.7],[78.322,9.705],[78.321,9.711],[78.323,9.717],[78.326,9.723],[78.328,9.726],[78.327,9.731],[78.325,9.74],[78.325,9.743],[78.323,9.743],[78.323,9.739],[78.317,9.728],[78.312,9.72],[78.309,9.716],[78.305,9.706],[78.301,9.704],[78.3,9.703],[78.299,9.698],[78.296,9.695],[78.296,9.691],[78.3,9.689],[78.303,9.687],[78.301,9.682],[78.302,9.68],[78.301,9.678],[78.297,9.678],[78.294,9.678],[78.291,9.677],[78.292,9.675],[78.29,9.676],[78.285,9.677],[78.282,9.683],[78.28,9.683],[78.279,9.684],[78.276,9.686],[78.273,9.687],[78.272,9.691],[78.271,9.694],[78.274,9.694],[78.278,9.696],[78.277,9.699],[78.275,9.7],[78.275,9.706],[78.278,9.711],[78.277,9.72],[78.275,9.721],[78.272,9.724],[78.274,9.728],[78.278,9.728],[78.28,9.731],[78.278,9.733],[78.276,9.734],[78.272,9.742],[78.266,9.745],[78.264,9.747],[78.261,9.748],[78.259,9.75],[78.255,9.752],[78.249,9.753],[78.237,9.759],[78.225,9.769],[78.219,9.774],[78.216,9.777],[78.214,9.78],[78.21,9.783],[78.207,9.772],[78.203,9.764],[78.199,9.767],[78.196,9.768],[78.183,9.757],[78.174,9.758],[78.175,9.752],[78.172,9.748],[78.169,9.748],[78.164,9.75],[78.164,9.756],[78.147,9.75],[78.143,9.743],[78.14,9.745],[78.137,9.747],[78.135,9.752],[78.137,9.762]]]}},{"type":"Feature","properties":{"district":"Krishnagiri"},"geometry":{"type":"Polygon","coordinates":[[[78.413,12.627],[78.405,12.628],[78.396,12.627],[78.386,12.627],[78.381,12.625],[78.371,12.627],[78.36,12.635],[78.349,12.643],[78.343,12.649],[78.332,12.649],[78.329,12.654],[78.319,12.661],[78.309,12.665],[78.301,12.666],[78.3,12.669],[78.296,12.675],[78.288,12.687],[78.28,12.696],[78.272,12.705],[78.265,12.705],[78.255,12.706],[78.249,12.705],[78.246,12.706],[78.244,12.705],[78.242,12.703],[78.24,12.703],[78.239,12.7],[78.238,12.697],[78.238,12.694],[78.238,12.691],[78.238,12.688],[78.237,12.686],[78.234,12.687],[78.232,12.687],[78.23,12.687],[78.228,12.687],[78.226,12.687],[78.224,12.686],[78.221,12.686],[78.218,12.686],[78.215,12.686],[78.213,12.686],[78.211,12.686],[78.212,12.688],[78.21,12.69],[78.208,12.691],[78.206,12.692],[78.203,12.693],[78.202,12.692],[78.2,12.692],[78.2,12.693],[78.199,12.695],[78.2,12.696],[78.202,12.695],[78.204,12.696],[78.206,12.698],[78.208,12.699],[78.21,12.7],[78.209,12.702],[78.209,12.702],[78.207,12.703],[78.207,12.705],[78.206,12.707],[78.207,12.708],[78.21,12.708],[78.212,12.708],[78.213,12.711],[78.215,12.71],[78.218,12.709],[78.221,12.711],[78.223,12.713],[78.226,12.714],[78.228,12.714],[78.231,12.713],[78.232,12.714],[78.233,12.717],[78.235,12.719],[78.237,12.722],[78.238,12.725],[78.24,12.728],[78.241,12.73],[78.24,12.733],[78.239,12.736],[78.237,12.738],[78.236,12.741],[78.235,12.744],[78.235,12.747],[78.234,12.75],[78.234,12.751],[78.232,12.753],[78.232,12.757],[78.231,12.76],[78.229,12.763],[78.226,12.765],[78.222,12.766],[78.218,12.766],[78.215,12.766],[78.213,12.765],[78.21,12.767],[78.206,12.769],[78.203,12.771],[78.201,12.771],[78.199,12.772],[78.195,12.774],[78.192,12.774],[78.19,12.772],[78.189,12.772],[78.187,12.773],[78.187,12.774],[78.186,12.775],[78.184,12.776],[78.181,12.775],[78.177,12.776],[78.174,12.774],[78.171,12.773],[78.168,12.77],[78.167,12.77],[78.164,12.772],[78.16,12.773],[78.156,12.775],[78.154,12.776],[78.151,12.778],[78.149,12.779],[78.145,12.781],[78.141,12.782],[78.138,12.782],[78.136,12.782],[78.136,12.782],[78.136,12.783],[78.135,12.782],[78.133,12.783],[78.131,12.784],[78.13,12.787],[78.129,12.788],[78.127,12.789],[78.126,12.791],[78.126,12.793],[78.126,12.795],[78.125,12.797],[78.124,12.799],[78.121,12.801],[78.118,12.802],[78.116,12.803],[78.111,12.804],[78.108,12.806],[78.105,12.809],[78.101,12.811],[78.098,12.813],[78.094,12.815],[78.091,12.817],[78.09,12.82],[78.09,12.824],[78.088,12.825],[78.088,12.827],[78.087,12.829],[78.087,12.831],[78.085,12.832],[78.082,12.832],[78.08,12.832],[78.076,12.831],[78.074,12.831],[78.075,12.834],[78.076,12.837],[78.077,12.839],[78.076,12.84],[78.073,12.842],[78.069,12.843],[78.065,12.842],[78.06,12.844],[78.06,12.846],[78.059,12.85],[78.057,12.852],[78.053,12.854],[78.051,12.852],[78.05,12.849],[78.046,12.85],[78.043,12.85],[78.039,12.851],[78.034,12.852],[78.031,12.852],[78.031,12.856],[78.029,12.858],[78.025,12.857],[78.024,12.854],[78.025,12.851],[78.027,12.85],[78.03,12.848],[78.029,12.845],[78.026,12.843],[78.023,12.842],[78.02,12.843],[78.019,12.841],[78.019,12.837],[78.018,12.833],[78.018,12.831],[78.013,12.83],[78.009,12.829],[78.005,12.827],[78.004,12.824],[78.007,12.822],[78.01,12.82],[78.013,12.818],[78.014,12.815],[78.015,12.814],[78.014,12.811],[78.012,12.808],[78.009,12.806],[78.007,12.808],[78.004,12.808],[78,12.808],[77.996,12.807],[77.989,12.808],[77.989,12.818],[77.987,12.822],[77.979,12.827],[77.98,12.833],[77.98,12.835],[77.974,12.835],[77.969,12.833],[77.964,12.833],[77.963,12.836],[77.964,12.842],[77.965,12.848],[77.964,12.849],[77.962,12.85],[77.953,12.85],[77.953,12.854],[77.952,12.857],[77.948,12.857],[77.942,12.857],[77.94,12.85],[77.941,12.845],[77.945,12.842],[77.947,12.839],[77.945,12.835],[77.941,12.825],[77.937,12.823],[77.93,12.826],[77.927,12.83],[77.921,12.829],[77.918,12.834],[77.917,12.838],[77.918,12.841],[77.923,12.849],[77.923,12.855],[77.924,12.857],[77.93,12.86],[77.933,12.862],[77.936,12.865],[77.94,12.867],[77.942,12.873],[77.927,12.876],[77.928,12.881],[77.935,12.881],[77.933,12.888],[77.929,12.891],[77.922,12.885],[77.91,12.885],[77.908,12.879],[77.894,12.876],[77.889,12.87],[77.881,12.869],[77.876,12.867],[77.867,12.868],[77.86,12.869],[77.857,12.868],[77.85,12.866],[77.843,12.869],[77.833,12.868],[77.832,12.863],[77.83,12.862],[77.826,12.86],[77.821,12.856],[77.811,12.852],[77.807,12.848],[77.797,12.845],[77.793,12.843],[77.795,12.837],[77.801,12.833],[77.809,12.832],[77.809,12.819],[77.802,12.816],[77.803,12.805],[77.804,12.802],[77.807,12.799],[77.808,12.795],[77.807,12.794],[77.805,12.794],[77.803,12.796],[77.801,12.795],[77.799,12.796],[77.792,12.785],[77.79,12.782],[77.787,12.778],[77.784,12.774],[77.78,12.768],[77.783,12.765],[77.785,12.762],[77.794,12.758],[77.793,12.752],[77.793,12.748],[77.791,12.746],[77.784,12.742],[77.782,12.742],[77.777,12.741],[77.773,12.741],[77.768,12.74],[77.764,12.738],[77.762,12.733],[77.761,12.728],[77.767,12.726],[77.771,12.725],[77.772,12.72],[77.77,12.713],[77.766,12.714],[77.766,12.707],[77.764,12.701],[77.761,12.697],[77.754,12.697],[77.747,12.699],[77.739,12.7],[77.735,12.693],[77.74,12.688],[77.741,12.682],[77.741,12.676],[77.739,12.672],[77.731,12.673],[77.724,12.671],[77.723,12.68],[77.712,12.674],[77.708,12.666],[77.706,12.663],[77.694,12.661],[77.69,12.659],[77.679,12.662],[77.676,12.679],[77.662,12.683],[77.65,12.68],[77.637,12.676],[77.598,12.663],[77.599,12.643],[77.605,12.638],[77.603,12.626],[77.598,12.623],[77.595,12.622],[77.591,12.614],[77.592,12.605],[77.591,12.592],[77.589,12.593],[77.589,12.589],[77.584,12.576],[77.58,12.569],[77.581,12.565],[77.586,12.546],[77.587,12.53],[77.588,12.515],[77.593,12.516],[77.602,12.515],[77.611,12.514],[77.612,12.515],[77.616,12.509],[77.615,12.504],[77.61,12.5],[77.605,12.499],[77.602,12.497],[77.6,12.494],[77.597,12.49],[77.594,12.489],[77.592,12.485],[77.59,12.485],[77.587,12.483],[77.586,12.482],[77.584,12.48],[77.584,12.479],[77.587,12.477],[77.593,12.477],[77.596,12.475],[77.598,12.476],[77.601,12.475],[77.606,12.475],[77.607,12.475],[77.612,12.479],[77.617,12.483],[77.621,12.49],[77.625,12.495],[77.628,12.496],[77.63,12.494],[77.632,12.491],[77.634,12.489],[77.634,12.485],[77.633,12.482],[77.632,12.478],[77.633,12.475],[77.633,12.471],[77.633,12.47],[77.631,12.469],[77.629,12.467],[77.63,12.466],[77.631,12.465],[77.629,12.461],[77.628,12.459],[77.627,12.455],[77.628,12.452],[77.629,12.444],[77.627,12.44],[77.627,12.434],[77.627,12.429],[77.629,12.425],[77.63,12.418],[77.626,12.415],[77.623,12.412],[77.623,12.406],[77.622,12.397],[77.621,12.388],[77.62,12.382],[77.618,12.378],[77.617,12.371],[77.617,12.368],[77.616,12.366],[77.615,12.363],[77.613,12.361],[77.609,12.361],[77.606,12.361],[77.603,12.359],[77.601,12.358],[77.6,12.355],[77.599,12.351],[77.598,12.349],[77.594,12.345],[77.592,12.34],[77.589,12.339],[77.585,12.338],[77.581,12.337],[77.58,12.336],[77.578,12.335],[77.577,12.33],[77.575,12.325],[77.573,12.321],[77.571,12.317],[77.569,12.312],[77.567,12.307],[77.565,12.306],[77.558,12.306],[77.558,12.303],[77.555,12.301],[77.552,12.297],[77.551,12.291],[77.548,12.291],[77.544,12.291],[77.541,12.291],[77.538,12.291],[77.535,12.291],[77.534,12.291],[77.533,12.291],[77.531,12.286],[77.528,12.281],[77.527,12.279],[77.525,12.279],[77.522,12.278],[77.519,12.277],[77.516,12.276],[77.514,12.275],[77.513,12.276],[77.512,12.276],[77.509,12.276],[77.507,12.277],[77.503,12.28],[77.501,12.282],[77.496,12.282],[77.488,12.28],[77.479,12.27],[77.473,12.254],[77.472,12.243],[77.478,12.24],[77.482,12.233],[77.481,12.226],[77.473,12.212],[77.473,12.207],[77.479,12.205],[77.486,12.204],[77.489,12.201],[77.491,12.199],[77.496,12.198],[77.501,12.196],[77.508,12.195],[77.514,12.195],[77.519,12.194],[77.522,12.197],[77.526,12.198],[77.531,12.199],[77.534,12.199],[77.538,12.2],[77.543,12.204],[77.548,12.204],[77.552,12.202],[77.555,12.201],[77.561,12.199],[77.564,12.197],[77.568,12.197],[77.57,12.2],[77.575,12.201],[77.578,12.199],[77.581,12.198],[77.588,12.199],[77.595,12.199],[77.6,12.2],[77.604,12.205],[77.608,12.206],[77.612,12.206],[77.617,12.202],[77.622,12.2],[77.628,12.202],[77.632,12.201],[77.638,12.197],[77.644,12.198],[77.649,12.199],[77.655,12.199],[77.66,12.199],[77.666,12.198],[77.67,12.196],[77.676,12.193],[77.683,12.191],[77.692,12.188],[77.701,12.185],[77.711,12.182],[77.719,12.183],[77.727,12.182],[77.732,12.18],[77.734,12.176],[77.735,12.17],[77.742,12.164],[77.747,12.156],[77.749,12.158],[77.759,12.167],[77.775,12.164],[77.795,12.155],[77.795,12.169],[77.803,12.176],[77.806,12.19],[77.81,12.213],[77.811,12.229],[77.815,12.235],[77.826,12.242],[77.83,12.244],[77.836,12.249],[77.841,12.257],[77.848,12.263],[77.856,12.26],[77.861,12.255],[77.866,12.263],[77.868,12.271],[77.87,12.279],[77.872,12.284],[77.874,12.289],[77.874,12.295],[77.875,12.303],[77.873,12.311],[77.871,12.317],[77.871,12.321],[77.871,12.325],[77.867,12.329],[77.871,12.331],[77.879,12.336],[77.886,12.333],[77.896,12.332],[77.903,12.331],[77.909,12.327],[77.914,12.328],[77.922,12.326],[77.929,12.326],[77.934,12.33],[77.943,12.333],[77.948,12.343],[77.951,12.362],[77.95,12.371],[77.95,12.376],[77.956,12.38],[77.96,12.386],[77.965,12.392],[77.969,12.397],[77.97,12.4],[77.968,12.402],[77.971,12.409],[77.971,12.412],[77.967,12.418],[77.965,12.422],[77.964,12.426],[77.96,12.433],[77.953,12.439],[77.947,12.444],[77.944,12.45],[77.938,12.445],[77.925,12.453],[77.932,12.467],[77.93,12.476],[77.926,12.483],[77.921,12.491],[77.91,12.49],[77.906,12.49],[77.902,12.498],[77.9,12.503],[77.909,12.513],[77.912,12.508],[77.919,12.505],[77.931,12.508],[77.944,12.512],[77.95,12.505],[77.951,12.503],[77.953,12.502],[77.946,12.499],[77.95,12.497],[77.954,12.492],[77.953,12.486],[77.96,12.485],[77.965,12.486],[77.965,12.49],[77.971,12.496],[77.974,12.498],[77.981,12.501],[77.984,12.508],[77.988,12.509],[77.991,12.508],[77.993,12.504],[77.992,12.501],[77.997,12.5],[77.999,12.501],[78.001,12.5],[78.004,12.501],[78.006,12.503],[78.012,12.502],[78.013,12.5],[78.012,12.5],[78.012,12.498],[78.012,12.496],[78.012,12.494],[78.015,12.49],[78.012,12.487],[78.013,12.483],[78.017,12.479],[78.018,12.475],[78.02,12.472],[78.024,12.471],[78.021,12.467],[78.024,12.464],[78.026,12.461],[78.03,12.461],[78.037,12.461],[78.04,12.465],[78.041,12.472],[78.044,12.473],[78.049,12.476],[78.053,12.473],[78.058,12.468],[78.059,12.466],[78.062,12.465],[78.064,12.466],[78.067,12.467],[78.071,12.467],[78.077,12.464],[78.079,12.463],[78.079,12.461],[78.079,12.457],[78.077,12.454],[78.078,12.45],[78.082,12.449],[78.087,12.448],[78.091,12.446],[78.095,12.447],[78.097,12.446],[78.099,12.446],[78.102,12.451],[78.106,12.452],[78.108,12.455],[78.11,12.455],[78.113,12.456],[78.117,12.455],[78.118,12.453],[78.118,12.451],[78.115,12.45],[78.114,12.448],[78.115,12.445],[78.117,12.444],[78.121,12.445],[78.123,12.444],[78.126,12.443],[78.129,12.441],[78.13,12.439],[78.132,12.437],[78.136,12.436],[78.138,12.434],[78.14,12.432],[78.141,12.431],[78.142,12.428],[78.142,12.424],[78.139,12.424],[78.139,12.42],[78.137,12.417],[78.133,12.416],[78.132,12.413],[78.132,12.411],[78.135,12.41],[78.135,12.407],[78.132,12.406],[78.129,12.403],[78.129,12.4],[78.132,12.392],[78.133,12.387],[78.136,12.381],[78.14,12.377],[78.142,12.375],[78.143,12.371],[78.149,12.368],[78.155,12.365],[78.16,12.364],[78.163,12.364],[78.166,12.363],[78.167,12.363],[78.165,12.358],[78.165,12.354],[78.164,12.352],[78.166,12.346],[78.17,12.343],[78.172,12.338],[78.175,12.336],[78.179,12.334],[78.184,12.334],[78.188,12.336],[78.191,12.333],[78.196,12.332],[78.199,12.335],[78.201,12.335],[78.202,12.333],[78.204,12.332],[78.204,12.329],[78.207,12.331],[78.213,12.332],[78.217,12.336],[78.219,12.342],[78.223,12.344],[78.225,12.346],[78.229,12.349],[78.232,12.348],[78.236,12.347],[78.235,12.343],[78.236,12.341],[78.239,12.338],[78.239,12.336],[78.24,12.334],[78.245,12.334],[78.247,12.333],[78.245,12.331],[78.246,12.329],[78.245,12.327],[78.242,12.326],[78.239,12.323],[78.237,12.321],[78.229,12.317],[78.23,12.314],[78.235,12.31],[78.234,12.304],[78.237,12.301],[78.244,12.3],[78.252,12.297],[78.259,12.292],[78.26,12.29],[78.262,12.286],[78.26,12.28],[78.262,12.275],[78.264,12.269],[78.27,12.262],[78.275,12.261],[78.278,12.262],[78.282,12.268],[78.289,12.268],[78.295,12.271],[78.301,12.274],[78.305,12.269],[78.31,12.265],[78.318,12.26],[78.324,12.26],[78.327,12.264],[78.334,12.263],[78.34,12.258],[78.345,12.251],[78.35,12.249],[78.353,12.247],[78.354,12.243],[78.356,12.239],[78.359,12.236],[78.358,12.231],[78.355,12.227],[78.356,12.226],[78.361,12.224],[78.364,12.226],[78.368,12.225],[78.372,12.226],[78.375,12.223],[78.378,12.222],[78.379,12.227],[78.383,12.227],[78.386,12.228],[78.392,12.227],[78.397,12.225],[78.401,12.225],[78.403,12.222],[78.4,12.218],[78.402,12.214],[78.398,12.212],[78.395,12.209],[78.392,12.205],[78.388,12.205],[78.383,12.206],[78.38,12.206],[78.376,12.202],[78.374,12.196],[78.377,12.196],[78.381,12.196],[78.385,12.193],[78.388,12.19],[78.391,12.186],[78.394,12.187],[78.397,12.189],[78.401,12.19],[78.405,12.193],[78.408,12.196],[78.412,12.196],[78.415,12.193],[78.419,12.191],[78.423,12.19],[78.428,12.19],[78.433,12.19],[78.436,12.191],[78.44,12.191],[78.445,12.191],[78.447,12.189],[78.449,12.185],[78.453,12.183],[78.457,12.181],[78.462,12.179],[78.466,12.178],[78.468,12.176],[78.471,12.174],[78.472,12.173],[78.47,12.17],[78.468,12.166],[78.47,12.162],[78.469,12.156],[78.467,12.153],[78.466,12.149],[78.466,12.147],[78.471,12.149],[78.476,12.147],[78.479,12.145],[78.484,12.143],[78.487,12.142],[78.491,12.141],[78.496,12.14],[78.499,12.142],[78.502,12.144],[78.507,12.144],[78.508,12.146],[78.508,12.151],[78.508,12.156],[78.511,12.159],[78.514,12.163],[78.516,12.167],[78.517,12.17],[78.518,12.175],[78.518,12.178],[78.522,12.179],[78.53,12.18],[78.537,12.18],[78.543,12.179],[78.546,12.179],[78.551,12.18],[78.556,12.182],[78.559,12.184],[78.562,12.188],[78.566,12.191],[78.569,12.193],[78.574,12.194],[78.576,12.19],[78.577,12.185],[78.577,12.182],[78.578,12.177],[78.579,12.172],[78.58,12.167],[78.582,12.162],[78.584,12.164],[78.589,12.165],[78.594,12.167],[78.599,12.17],[78.601,12.173],[78.604,12.176],[78.607,12.179],[78.611,12.182],[78.616,12.183],[78.621,12.184],[78.625,12.182],[78.63,12.179],[78.633,12.177],[78.633,12.177],[78.635,12.179],[78.635,12.181],[78.635,12.183],[78.636,12.184],[78.636,12.185],[78.637,12.187],[78.637,12.188],[78.638,12.19],[78.639,12.192],[78.639,12.194],[78.64,12.195],[78.64,12.197],[78.641,12.197],[78.643,12.195],[78.645,12.195],[78.647,12.194],[78.648,12.193],[78.649,12.191],[78.649,12.19],[78.649,12.189],[78.649,12.188],[78.651,12.188],[78.652,12.19],[78.654,12.194],[78.654,12.196],[78.656,12.197],[78.658,12.196],[78.661,12.197],[78.665,12.197],[78.67,12.198],[78.674,12.202],[78.678,12.206],[78.681,12.208],[78.684,12.213],[78.688,12.219],[78.686,12.222],[78.68,12.223],[78.679,12.226],[78.675,12.229],[78.674,12.231],[78.673,12.234],[78.67,12.237],[78.667,12.235],[78.665,12.234],[78.664,12.234],[78.662,12.235],[78.66,12.235],[78.659,12.236],[78.658,12.237],[78.656,12.237],[78.655,12.238],[78.653,12.239],[78.652,12.239],[78.651,12.24],[78.651,12.242],[78.652,12.244],[78.653,12.245],[78.653,12.246],[78.653,12.249],[78.653,12.25],[78.653,12.251],[78.653,12.253],[78.651,12.254],[78.648,12.257],[78.648,12.257],[78.648,12.258],[78.64,12.26],[78.636,12.262],[78.638,12.263],[78.64,12.266],[78.641,12.268],[78.639,12.27],[78.64,12.271],[78.64,12.272],[78.641,12.272],[78.641,12.273],[78.643,12.275],[78.642,12.277],[78.643,12.279],[78.644,12.281],[78.642,12.282],[78.641,12.282],[78.639,12.28],[78.64,12.28],[78.638,12.278],[78.637,12.277],[78.633,12.273],[78.631,12.271],[78.629,12.269],[78.624,12.266],[78.623,12.265],[78.617,12.268],[78.615,12.265],[78.611,12.262],[78.606,12.262],[78.603,12.264],[78.602,12.268],[78.603,12.273],[78.604,12.279],[78.606,12.282],[78.609,12.286],[78.611,12.289],[78.613,12.294],[78.61,12.297],[78.61,12.3],[78.61,12.304],[78.609,12.31],[78.606,12.312],[78.602,12.313],[78.598,12.313],[78.594,12.309],[78.592,12.308],[78.589,12.31],[78.588,12.312],[78.589,12.314],[78.591,12.315],[78.593,12.32],[78.595,12.323],[78.599,12.323],[78.603,12.329],[78.605,12.332],[78.609,12.331],[78.612,12.331],[78.615,12.336],[78.615,12.34],[78.614,12.343],[78.617,12.347],[78.616,12.348],[78.613,12.35],[78.611,12.353],[78.604,12.355],[78.601,12.356],[78.596,12.357],[78.593,12.358],[78.587,12.36],[78.584,12.361],[78.582,12.366],[78.579,12.369],[78.574,12.374],[78.571,12.378],[78.569,12.381],[78.569,12.385],[78.568,12.388],[78.566,12.388],[78.564,12.388],[78.559,12.389],[78.556,12.39],[78.55,12.393],[78.545,12.397],[78.541,12.398],[78.539,12.397],[78.538,12.397],[78.537,12.396],[78.534,12.397],[78.528,12.399],[78.527,12.399],[78.524,12.401],[78.52,12.403],[78.518,12.405],[78.516,12.405],[78.514,12.407],[78.513,12.404],[78.512,12.401],[78.508,12.399],[78.504,12.403],[78.502,12.405],[78.502,12.406],[78.5,12.407],[78.496,12.412],[78.494,12.408],[78.491,12.405],[78.49,12.402],[78.492,12.397],[78.491,12.389],[78.49,12.387],[78.481,12.391],[78.476,12.391],[78.464,12.392],[78.462,12.386],[78.456,12.386],[78.448,12.389],[78.442,12.39],[78.436,12.394],[78.44,12.403],[78.441,12.406],[78.444,12.411],[78.448,12.414],[78.453,12.424],[78.454,12.425],[78.456,12.429],[78.451,12.436],[78.448,12.442],[78.449,12.448],[78.448,12.451],[78.442,12.457],[78.435,12.461],[78.432,12.465],[78.431,12.469],[78.428,12.472],[78.425,12.479],[78.419,12.482],[78.418,12.486],[78.416,12.49],[78.417,12.496],[78.419,12.504],[78.419,12.509],[78.417,12.515],[78.414,12.519],[78.416,12.524],[78.417,12.534],[78.417,12.543],[78.416,12.55],[78.418,12.555],[78.418,12.563],[78.421,12.565],[78.419,12.571],[78.416,12.577],[78.412,12.585],[78.41,12.588],[78.411,12.591],[78.41,12.593],[78.41,12.597],[78.41,12.6],[78.409,12.601],[78.407,12.602],[78.409,12.608],[78.41,12.613],[78.408,12.617],[78.407,12.621],[78.413,12.627]]]}},{"type":"Feature","properties":{"district":"Nagapattinam"},"geometry":{"type":"Polygon","coordinates":[[[79.725,10.93],[79.719,10.932],[79.716,10.927],[79.718,10.924],[79.715,10.92],[79.714,10.914],[79.706,10.919],[79.706,10.92],[79.707,10.923],[79.707,10.925],[79.706,10.925],[79.706,10.926],[79.704,10.926],[79.703,10.924],[79.703,10.921],[79.701,10.919],[79.689,10.921],[79.689,10.927],[79.681,10.928],[79.68,10.923],[79.679,10.916],[79.672,10.917],[79.669,10.91],[79.668,10.905],[79.668,10.901],[79.66,10.895],[79.658,10.887],[79.652,10.882],[79.656,10.877],[79.646,10.874],[79.652,10.868],[79.651,10.86],[79.647,10.857],[79.643,10.855],[79.651,10.853],[79.655,10.845],[79.654,10.836],[79.649,10.835],[79.648,10.829],[79.654,10.829],[79.647,10.823],[79.641,10.826],[79.632,10.823],[79.637,10.816],[79.648,10.811],[79.658,10.808],[79.659,10.817],[79.666,10.818],[79.674,10.819],[79.68,10.816],[79.687,10.816],[79.686,10.828],[79.696,10.829],[79.702,10.828],[79.706,10.826],[79.71,10.828],[79.712,10.828],[79.717,10.829],[79.728,10.825],[79.726,10.822],[79.728,10.812],[79.725,10.809],[79.725,10.806],[79.727,10.809],[79.731,10.806],[79.73,10.799],[79.723,10.796],[79.719,10.792],[79.711,10.787],[79.707,10.784],[79.701,10.775],[79.701,10.768],[79.695,10.763],[79.698,10.746],[79.691,10.739],[79.687,10.735],[79.683,10.729],[79.683,10.725],[79.688,10.718],[79.683,10.717],[79.676,10.715],[79.675,10.712],[79.671,10.712],[79.669,10.708],[79.659,10.712],[79.654,10.708],[79.652,10.705],[79.656,10.701],[79.663,10.697],[79.667,10.696],[79.674,10.69],[79.678,10.681],[79.674,10.671],[79.671,10.667],[79.668,10.656],[79.665,10.651],[79.66,10.656],[79.653,10.653],[79.65,10.646],[79.653,10.642],[79.662,10.637],[79.67,10.632],[79.671,10.626],[79.673,10.616],[79.661,10.616],[79.656,10.613],[79.659,10.604],[79.666,10.603],[79.669,10.595],[79.67,10.588],[79.671,10.585],[79.676,10.585],[79.686,10.58],[79.685,10.579],[79.68,10.574],[79.67,10.575],[79.664,10.569],[79.66,10.559],[79.667,10.561],[79.674,10.561],[79.68,10.555],[79.685,10.556],[79.69,10.551],[79.7,10.549],[79.708,10.553],[79.713,10.549],[79.718,10.54],[79.726,10.537],[79.723,10.532],[79.711,10.519],[79.704,10.512],[79.69,10.508],[79.69,10.503],[79.699,10.483],[79.693,10.482],[79.686,10.481],[79.678,10.481],[79.68,10.476],[79.682,10.469],[79.687,10.46],[79.69,10.452],[79.689,10.449],[79.685,10.448],[79.682,10.447],[79.675,10.447],[79.672,10.447],[79.67,10.446],[79.665,10.443],[79.661,10.44],[79.659,10.446],[79.656,10.447],[79.646,10.446],[79.634,10.446],[79.632,10.443],[79.632,10.44],[79.631,10.429],[79.631,10.422],[79.633,10.416],[79.631,10.413],[79.63,10.41],[79.629,10.399],[79.628,10.394],[79.632,10.387],[79.634,10.379],[79.638,10.372],[79.638,10.362],[79.639,10.349],[79.64,10.341],[79.66,10.329],[79.692,10.303],[79.71,10.291],[79.721,10.288],[79.72,10.283],[79.713,10.281],[79.713,10.279],[79.723,10.278],[79.733,10.276],[79.741,10.277],[79.747,10.275],[79.752,10.276],[79.753,10.277],[79.752,10.275],[79.751,10.273],[79.758,10.273],[79.77,10.272],[79.778,10.273],[79.778,10.278],[79.775,10.287],[79.773,10.291],[79.769,10.289],[79.762,10.291],[79.755,10.294],[79.751,10.3],[79.751,10.315],[79.752,10.313],[79.761,10.312],[79.763,10.313],[79.763,10.311],[79.764,10.309],[79.763,10.309],[79.76,10.309],[79.766,10.303],[79.774,10.297],[79.779,10.292],[79.782,10.294],[79.783,10.296],[79.784,10.291],[79.786,10.288],[79.787,10.283],[79.785,10.279],[79.784,10.274],[79.78,10.273],[79.787,10.273],[79.797,10.273],[79.801,10.276],[79.802,10.278],[79.803,10.276],[79.803,10.274],[79.809,10.275],[79.814,10.276],[79.815,10.278],[79.813,10.281],[79.81,10.285],[79.814,10.283],[79.814,10.284],[79.813,10.289],[79.817,10.282],[79.817,10.277],[79.822,10.276],[79.843,10.28],[79.862,10.283],[79.876,10.296],[79.875,10.298],[79.875,10.3],[79.878,10.3],[79.881,10.31],[79.882,10.315],[79.881,10.319],[79.881,10.324],[79.88,10.325],[79.879,10.334],[79.875,10.344],[79.872,10.358],[79.869,10.374],[79.868,10.382],[79.867,10.393],[79.867,10.399],[79.865,10.402],[79.866,10.411],[79.866,10.415],[79.866,10.423],[79.866,10.437],[79.865,10.442],[79.865,10.445],[79.864,10.452],[79.864,10.456],[79.863,10.457],[79.864,10.458],[79.863,10.47],[79.862,10.471],[79.859,10.472],[79.859,10.472],[79.86,10.472],[79.863,10.474],[79.862,10.482],[79.861,10.49],[79.861,10.495],[79.861,10.501],[79.861,10.508],[79.86,10.518],[79.859,10.534],[79.859,10.542],[79.859,10.551],[79.859,10.555],[79.858,10.568],[79.854,10.575],[79.855,10.576],[79.857,10.574],[79.857,10.578],[79.855,10.59],[79.854,10.603],[79.854,10.615],[79.853,10.625],[79.854,10.65],[79.852,10.677],[79.846,10.676],[79.845,10.678],[79.853,10.679],[79.853,10.69],[79.852,10.729],[79.851,10.751],[79.851,10.756],[79.85,10.764],[79.851,10.778],[79.851,10.798],[79.85,10.815],[79.85,10.826],[79.841,10.828],[79.831,10.827],[79.831,10.827],[79.831,10.827],[79.83,10.833],[79.829,10.838],[79.828,10.85],[79.824,10.847],[79.82,10.847],[79.817,10.85],[79.815,10.85],[79.812,10.852],[79.809,10.854],[79.808,10.856],[79.807,10.86],[79.808,10.866],[79.81,10.863],[79.816,10.862],[79.819,10.864],[79.824,10.865],[79.824,10.869],[79.823,10.872],[79.817,10.874],[79.811,10.878],[79.814,10.88],[79.818,10.88],[79.823,10.88],[79.825,10.88],[79.827,10.881],[79.828,10.884],[79.822,10.885],[79.814,10.887],[79.808,10.887],[79.805,10.89],[79.802,10.891],[79.8,10.889],[79.797,10.888],[79.795,10.889],[79.791,10.894],[79.79,10.89],[79.786,10.889],[79.783,10.889],[79.782,10.894],[79.788,10.896],[79.791,10.896],[79.794,10.899],[79.794,10.903],[79.791,10.908],[79.786,10.907],[79.78,10.908],[79.779,10.906],[79.774,10.896],[79.768,10.894],[79.764,10.893],[79.764,10.892],[79.758,10.891],[79.756,10.893],[79.757,10.895],[79.759,10.896],[79.759,10.897],[79.76,10.898],[79.763,10.899],[79.763,10.901],[79.761,10.902],[79.761,10.899],[79.762,10.9],[79.76,10.9],[79.759,10.898],[79.757,10.898],[79.758,10.901],[79.759,10.902],[79.758,10.906],[79.758,10.909],[79.761,10.913],[79.763,10.913],[79.763,10.914],[79.76,10.916],[79.754,10.916],[79.75,10.914],[79.744,10.916],[79.746,10.919],[79.743,10.918],[79.743,10.925],[79.739,10.923],[79.74,10.926],[79.736,10.928],[79.731,10.928],[79.73,10.929],[79.728,10.929],[79.725,10.93]],[[79.739,10.92],[79.739,10.92],[79.739,10.92],[79.739,10.92],[79.739,10.921],[79.739,10.921],[79.739,10.921],[79.739,10.921],[79.739,10.921],[79.74,10.921],[79.74,10.921],[79.74,10.921],[79.74,10.921],[79.74,10.92],[79.74,10.92],[79.739,10.92],[79.739,10.92]],[[79.807,10.878],[79.807,10.88],[79.81,10.878],[79.807,10.878]]]}},{"type":"Feature","properties":{"district":"Mayiladuthurai"},"geometry":{"type":"Polygon","coordinates":[[[79.748,10.996],[79.748,11.003],[79.754,11.003],[79.756,11.004],[79.758,11.002],[79.76,10.999],[79.763,11.001],[79.767,10.998],[79.769,10.997],[79.774,10.998],[79.78,10.999],[79.779,10.997],[79.784,10.995],[79.785,10.997],[79.787,10.996],[79.787,10.991],[79.788,10.988],[79.79,10.987],[79.793,10.984],[79.799,10.983],[79.8,10.987],[79.803,10.988],[79.804,10.987],[79.804,10.99],[79.804,10.992],[79.806,10.993],[79.804,10.997],[79.81,11],[79.815,11.001],[79.816,11.004],[79.819,10.999],[79.822,11],[79.826,10.998],[79.829,11.001],[79.832,11.003],[79.84,11.002],[79.84,10.998],[79.843,10.995],[79.846,10.995],[79.851,10.994],[79.852,10.992],[79.851,10.989],[79.851,10.987],[79.852,10.984],[79.855,10.997],[79.855,11.006],[79.855,11.016],[79.856,11.02],[79.857,11.026],[79.856,11.034],[79.856,11.046],[79.856,11.061],[79.857,11.074],[79.857,11.086],[79.857,11.088],[79.858,11.101],[79.858,11.111],[79.857,11.137],[79.857,11.15],[79.855,11.184],[79.853,11.2],[79.85,11.222],[79.849,11.235],[79.847,11.246],[79.844,11.254],[79.843,11.261],[79.841,11.268],[79.84,11.275],[79.839,11.282],[79.838,11.287],[79.837,11.296],[79.836,11.302],[79.835,11.306],[79.835,11.314],[79.834,11.321],[79.835,11.327],[79.836,11.334],[79.838,11.339],[79.84,11.344],[79.842,11.349],[79.842,11.352],[79.837,11.355],[79.832,11.36],[79.829,11.366],[79.825,11.373],[79.822,11.382],[79.82,11.387],[79.819,11.393],[79.817,11.4],[79.816,11.405],[79.815,11.409],[79.814,11.414],[79.814,11.419],[79.81,11.413],[79.807,11.395],[79.802,11.381],[79.79,11.373],[79.774,11.381],[79.764,11.382],[79.757,11.374],[79.76,11.359],[79.753,11.351],[79.741,11.35],[79.727,11.347],[79.712,11.337],[79.699,11.323],[79.684,11.312],[79.674,11.307],[79.664,11.306],[79.656,11.303],[79.646,11.294],[79.643,11.286],[79.643,11.28],[79.647,11.266],[79.649,11.254],[79.643,11.247],[79.629,11.25],[79.622,11.255],[79.613,11.251],[79.611,11.248],[79.611,11.241],[79.609,11.233],[79.607,11.227],[79.603,11.221],[79.599,11.219],[79.59,11.216],[79.583,11.214],[79.573,11.211],[79.568,11.209],[79.564,11.209],[79.558,11.206],[79.552,11.201],[79.546,11.197],[79.541,11.193],[79.535,11.189],[79.527,11.184],[79.53,11.178],[79.534,11.178],[79.536,11.18],[79.538,11.177],[79.538,11.171],[79.539,11.166],[79.539,11.164],[79.542,11.162],[79.549,11.162],[79.556,11.163],[79.558,11.157],[79.562,11.155],[79.566,11.149],[79.571,11.148],[79.573,11.147],[79.568,11.143],[79.565,11.139],[79.562,11.136],[79.561,11.132],[79.559,11.131],[79.557,11.131],[79.555,11.131],[79.555,11.131],[79.554,11.131],[79.551,11.13],[79.553,11.127],[79.55,11.127],[79.549,11.127],[79.548,11.123],[79.552,11.124],[79.55,11.119],[79.55,11.115],[79.548,11.113],[79.547,11.116],[79.546,11.116],[79.544,11.114],[79.544,11.112],[79.541,11.11],[79.542,11.11],[79.542,11.109],[79.538,11.109],[79.537,11.105],[79.536,11.102],[79.536,11.101],[79.539,11.096],[79.541,11.097],[79.541,11.098],[79.541,11.099],[79.541,11.099],[79.541,11.1],[79.541,11.101],[79.541,11.104],[79.547,11.104],[79.547,11.099],[79.546,11.098],[79.546,11.096],[79.543,11.091],[79.542,11.085],[79.541,11.085],[79.543,11.085],[79.546,11.086],[79.546,11.086],[79.548,11.086],[79.553,11.081],[79.552,11.078],[79.547,11.075],[79.546,11.074],[79.542,11.073],[79.537,11.07],[79.537,11.067],[79.537,11.066],[79.536,11.064],[79.532,11.061],[79.53,11.056],[79.528,11.055],[79.527,11.055],[79.525,11.055],[79.523,11.053],[79.521,11.053],[79.518,11.049],[79.514,11.044],[79.514,11.044],[79.513,11.039],[79.513,11.035],[79.514,11.028],[79.529,11.027],[79.532,11.016],[79.53,11.014],[79.526,11.016],[79.524,11.012],[79.524,11.008],[79.527,11.009],[79.531,11.011],[79.534,11.009],[79.535,11.009],[79.542,11.008],[79.541,11.005],[79.543,11.004],[79.545,11.004],[79.547,11.001],[79.54,11],[79.523,10.997],[79.525,10.99],[79.518,10.989],[79.51,10.984],[79.513,10.981],[79.515,10.975],[79.52,10.97],[79.527,10.97],[79.529,10.966],[79.527,10.961],[79.532,10.963],[79.532,10.968],[79.546,10.967],[79.553,10.969],[79.557,10.973],[79.568,10.977],[79.574,10.972],[79.577,10.973],[79.577,10.98],[79.586,10.982],[79.592,10.978],[79.599,10.973],[79.606,10.975],[79.605,10.98],[79.609,10.982],[79.62,10.982],[79.631,10.98],[79.631,10.987],[79.634,10.992],[79.631,10.992],[79.634,11],[79.641,11],[79.642,11.009],[79.647,11.011],[79.651,11.013],[79.661,11.014],[79.667,11.015],[79.669,11.016],[79.686,11.017],[79.696,11.016],[79.712,11.006],[79.718,11.006],[79.721,11.001],[79.721,10.999],[79.724,10.998],[79.731,10.998],[79.733,10.996],[79.739,10.996],[79.744,10.996],[79.748,10.996]]]}},{"type":"Feature","properties":{"district":"Kanchipuram"},"geometry":{"type":"MultiPolygon","coordinates":[[[[80.08,13.016],[80.073,13.031],[80.073,13.034],[80.072,13.036],[80.071,13.037],[80.07,13.037],[80.069,13.035],[80.065,13.035],[80.062,13.034],[80.061,13.03],[80.057,13.026],[80.053,13.023],[80.049,13.023],[80.046,13.024],[80.046,13.025],[80.044,13.028],[80.042,13.03],[80.042,13.028],[80.044,13.019],[80.036,13.02],[80.028,13.02],[80.023,13.024],[80.023,13.027],[80.024,13.034],[80.023,13.041],[80.013,13.042],[79.998,13.045],[79.993,13.04],[79.99,13.033],[79.987,13.03],[79.982,13.032],[79.978,13.035],[79.974,13.039],[79.975,13.04],[79.978,13.041],[79.979,13.044],[79.979,13.045],[79.98,13.049],[79.984,13.05],[79.988,13.053],[79.991,13.053],[79.989,13.055],[79.986,13.056],[79.984,13.053],[79.981,13.052],[79.978,13.05],[79.972,13.05],[79.97,13.048],[79.969,13.044],[79.968,13.04],[79.969,13.038],[79.96,13.038],[79.953,13.036],[79.952,13.035],[79.949,13.033],[79.947,13.033],[79.945,13.033],[79.942,13.033],[79.939,13.033],[79.935,13.033],[79.928,13.033],[79.923,13.034],[79.92,13.035],[79.918,13.035],[79.917,13.038],[79.918,13.04],[79.918,13.043],[79.918,13.047],[79.917,13.048],[79.913,13.047],[79.911,13.047],[79.909,13.047],[79.905,13.049],[79.901,13.048],[79.9,13.043],[79.898,13.04],[79.898,13.037],[79.897,13.032],[79.9,13.031],[79.9,13.028],[79.9,13.025],[79.9,13.022],[79.9,13.02],[79.904,13.016],[79.907,13.017],[79.909,13.016],[79.911,13.015],[79.911,13.018],[79.917,13.019],[79.92,13.02],[79.92,13.016],[79.926,13.014],[79.929,13.014],[79.934,13.011],[79.941,13.009],[79.942,13.007],[79.942,13.006],[79.942,13.001],[79.94,12.999],[79.938,12.996],[79.936,12.994],[79.935,12.993],[79.929,12.99],[79.926,12.99],[79.923,12.994],[79.918,12.997],[79.912,13],[79.911,13.002],[79.907,13.003],[79.905,13.001],[79.9,12.996],[79.898,12.996],[79.889,12.994],[79.893,12.991],[79.899,12.988],[79.902,12.985],[79.908,12.981],[79.912,12.98],[79.913,12.976],[79.911,12.97],[79.911,12.967],[79.906,12.967],[79.901,12.964],[79.898,12.96],[79.896,12.959],[79.895,12.951],[79.894,12.948],[79.889,12.946],[79.884,12.947],[79.874,12.947],[79.868,12.948],[79.857,12.949],[79.853,12.948],[79.852,12.952],[79.85,12.953],[79.849,12.955],[79.841,12.959],[79.834,12.959],[79.832,12.959],[79.834,12.963],[79.827,12.964],[79.823,12.963],[79.821,12.963],[79.822,12.964],[79.822,12.968],[79.821,12.976],[79.82,12.981],[79.818,12.984],[79.82,12.988],[79.815,12.987],[79.814,12.991],[79.819,12.992],[79.822,12.993],[79.823,12.997],[79.828,12.997],[79.83,12.999],[79.829,13.003],[79.826,13.01],[79.826,13.015],[79.824,13.018],[79.826,13.024],[79.825,13.031],[79.819,13.026],[79.818,13.024],[79.811,13.018],[79.804,13.016],[79.799,13.02],[79.798,13.024],[79.794,13.026],[79.787,13.022],[79.784,13.023],[79.78,13.022],[79.777,13.021],[79.774,13.019],[79.771,13.018],[79.769,13.017],[79.768,13.016],[79.768,13.015],[79.762,13.011],[79.755,13.008],[79.75,13.005],[79.748,13],[79.738,12.991],[79.731,12.986],[79.722,12.982],[79.713,12.981],[79.709,12.978],[79.701,12.976],[79.697,12.971],[79.688,12.966],[79.683,12.962],[79.677,12.958],[79.665,12.952],[79.659,12.951],[79.659,12.941],[79.662,12.932],[79.66,12.93],[79.655,12.929],[79.652,12.926],[79.646,12.925],[79.64,12.923],[79.635,12.923],[79.632,12.92],[79.624,12.917],[79.617,12.913],[79.613,12.911],[79.608,12.909],[79.603,12.907],[79.598,12.907],[79.594,12.906],[79.589,12.903],[79.579,12.901],[79.57,12.899],[79.569,12.896],[79.567,12.895],[79.567,12.893],[79.565,12.887],[79.559,12.884],[79.557,12.885],[79.559,12.877],[79.561,12.871],[79.563,12.869],[79.566,12.863],[79.567,12.859],[79.556,12.852],[79.57,12.847],[79.581,12.841],[79.585,12.835],[79.591,12.833],[79.596,12.83],[79.599,12.828],[79.607,12.829],[79.616,12.826],[79.624,12.823],[79.634,12.818],[79.64,12.81],[79.643,12.802],[79.64,12.793],[79.637,12.79],[79.641,12.786],[79.65,12.78],[79.646,12.772],[79.65,12.768],[79.659,12.767],[79.659,12.774],[79.659,12.776],[79.663,12.776],[79.667,12.777],[79.67,12.78],[79.67,12.784],[79.672,12.79],[79.679,12.789],[79.683,12.786],[79.69,12.783],[79.694,12.779],[79.696,12.777],[79.703,12.776],[79.704,12.78],[79.707,12.777],[79.708,12.774],[79.708,12.771],[79.708,12.767],[79.708,12.765],[79.709,12.759],[79.717,12.757],[79.728,12.756],[79.731,12.753],[79.736,12.75],[79.74,12.748],[79.743,12.745],[79.744,12.741],[79.744,12.738],[79.742,12.736],[79.74,12.734],[79.735,12.734],[79.733,12.734],[79.729,12.732],[79.724,12.732],[79.722,12.73],[79.721,12.73],[79.719,12.729],[79.714,12.728],[79.714,12.726],[79.716,12.724],[79.719,12.724],[79.722,12.723],[79.725,12.724],[79.728,12.723],[79.732,12.721],[79.735,12.719],[79.737,12.718],[79.737,12.711],[79.737,12.706],[79.736,12.703],[79.74,12.703],[79.744,12.701],[79.744,12.699],[79.743,12.696],[79.742,12.695],[79.741,12.694],[79.74,12.693],[79.738,12.693],[79.736,12.692],[79.734,12.692],[79.729,12.689],[79.726,12.687],[79.723,12.685],[79.722,12.684],[79.714,12.681],[79.711,12.68],[79.708,12.678],[79.705,12.676],[79.701,12.675],[79.698,12.675],[79.692,12.673],[79.686,12.67],[79.682,12.668],[79.679,12.668],[79.674,12.666],[79.665,12.67],[79.655,12.671],[79.648,12.671],[79.644,12.666],[79.643,12.66],[79.639,12.655],[79.638,12.651],[79.637,12.648],[79.637,12.644],[79.633,12.641],[79.632,12.64],[79.632,12.638],[79.631,12.636],[79.63,12.632],[79.634,12.63],[79.637,12.628],[79.645,12.626],[79.644,12.617],[79.644,12.615],[79.645,12.61],[79.645,12.607],[79.645,12.604],[79.65,12.603],[79.654,12.603],[79.655,12.601],[79.659,12.6],[79.66,12.598],[79.662,12.597],[79.667,12.594],[79.671,12.594],[79.675,12.595],[79.679,12.598],[79.688,12.601],[79.691,12.6],[79.692,12.6],[79.694,12.599],[79.695,12.597],[79.698,12.595],[79.699,12.595],[79.7,12.596],[79.703,12.595],[79.71,12.594],[79.713,12.592],[79.719,12.591],[79.724,12.588],[79.725,12.585],[79.725,12.582],[79.724,12.579],[79.72,12.58],[79.715,12.579],[79.712,12.577],[79.709,12.576],[79.707,12.575],[79.706,12.569],[79.708,12.569],[79.712,12.568],[79.714,12.568],[79.715,12.568],[79.717,12.568],[79.718,12.565],[79.719,12.563],[79.718,12.559],[79.717,12.554],[79.715,12.55],[79.719,12.548],[79.729,12.541],[79.735,12.539],[79.739,12.536],[79.743,12.532],[79.748,12.537],[79.751,12.541],[79.754,12.545],[79.753,12.555],[79.76,12.559],[79.763,12.555],[79.773,12.551],[79.785,12.561],[79.793,12.561],[79.819,12.565],[79.82,12.576],[79.817,12.587],[79.814,12.588],[79.814,12.598],[79.813,12.608],[79.811,12.618],[79.805,12.629],[79.821,12.621],[79.837,12.623],[79.846,12.631],[79.862,12.627],[79.875,12.631],[79.883,12.632],[79.887,12.631],[79.894,12.636],[79.904,12.641],[79.913,12.636],[79.926,12.634],[79.928,12.64],[79.926,12.643],[79.925,12.646],[79.924,12.65],[79.923,12.657],[79.922,12.665],[79.921,12.672],[79.921,12.678],[79.919,12.681],[79.917,12.688],[79.917,12.693],[79.927,12.696],[79.931,12.699],[79.946,12.701],[79.953,12.706],[79.947,12.719],[79.942,12.727],[79.936,12.736],[79.928,12.744],[79.921,12.75],[79.911,12.754],[79.903,12.756],[79.888,12.764],[79.891,12.773],[79.877,12.778],[79.881,12.781],[79.891,12.783],[79.902,12.786],[79.908,12.795],[79.911,12.8],[79.919,12.798],[79.926,12.796],[79.929,12.796],[79.932,12.791],[79.933,12.787],[79.937,12.785],[79.941,12.787],[79.945,12.791],[79.952,12.791],[79.958,12.794],[79.961,12.799],[79.962,12.806],[79.961,12.81],[79.958,12.814],[79.956,12.818],[79.957,12.825],[79.959,12.824],[79.961,12.823],[79.964,12.817],[79.967,12.814],[79.972,12.814],[79.978,12.815],[79.983,12.813],[79.989,12.81],[79.994,12.811],[79.998,12.812],[80,12.812],[80.007,12.811],[80.009,12.815],[80.012,12.817],[80.018,12.818],[80.022,12.822],[80.027,12.823],[80.03,12.826],[80.034,12.832],[80.04,12.835],[80.045,12.84],[80.048,12.839],[80.051,12.84],[80.053,12.848],[80.055,12.853],[80.058,12.86],[80.061,12.863],[80.06,12.867],[80.059,12.873],[80.055,12.877],[80.053,12.881],[80.052,12.883],[80.055,12.886],[80.057,12.891],[80.059,12.895],[80.06,12.898],[80.061,12.901],[80.064,12.907],[80.068,12.915],[80.071,12.918],[80.078,12.921],[80.082,12.925],[80.085,12.929],[80.087,12.935],[80.089,12.943],[80.092,12.947],[80.095,12.946],[80.101,12.949],[80.104,12.95],[80.103,12.955],[80.096,12.958],[80.089,12.961],[80.085,12.961],[80.085,12.965],[80.084,12.971],[80.081,12.973],[80.08,12.971],[80.078,12.969],[80.075,12.969],[80.073,12.97],[80.072,12.967],[80.068,12.962],[80.067,12.959],[80.065,12.959],[80.061,12.962],[80.058,12.959],[80.052,12.96],[80.05,12.965],[80.048,12.969],[80.049,12.974],[80.053,12.981],[80.053,12.983],[80.057,12.982],[80.062,12.982],[80.062,12.99],[80.061,12.999],[80.057,13.004],[80.073,13.013],[80.08,13.016]]],[[[80.268,12.975],[80.253,12.977],[80.244,12.982],[80.237,12.977],[80.228,12.972],[80.218,12.967],[80.206,12.983],[80.207,12.997],[80.209,13.001],[80.204,13.012],[80.199,13.019],[80.2,13.029],[80.197,13.029],[80.196,13.028],[80.193,13.028],[80.191,13.027],[80.19,13.025],[80.187,13.023],[80.184,13.025],[80.182,13.024],[80.179,13.023],[80.176,13.025],[80.173,13.025],[80.167,13.024],[80.165,13.023],[80.162,13.023],[80.152,13.026],[80.144,13.023],[80.147,13.016],[80.153,13.017],[80.156,13.014],[80.159,13.014],[80.16,13.009],[80.165,13.004],[80.162,12.994],[80.168,12.985],[80.169,12.98],[80.178,12.98],[80.181,12.972],[80.186,12.968],[80.192,12.969],[80.196,12.969],[80.196,12.96],[80.201,12.959],[80.201,12.956],[80.201,12.952],[80.199,12.947],[80.194,12.943],[80.189,12.941],[80.191,12.938],[80.196,12.935],[80.199,12.933],[80.198,12.932],[80.198,12.931],[80.199,12.927],[80.2,12.918],[80.201,12.911],[80.212,12.91],[80.218,12.909],[80.216,12.888],[80.213,12.879],[80.211,12.866],[80.217,12.856],[80.227,12.852],[80.234,12.853],[80.242,12.857],[80.25,12.863],[80.252,12.876],[80.252,12.884],[80.256,12.906],[80.257,12.917],[80.259,12.927],[80.26,12.936],[80.261,12.944],[80.264,12.955],[80.265,12.961],[80.266,12.97],[80.268,12.975]]]]}},{"type":"Feature","properties":{"district":"Thanjavur"},"geometry":{"type":"MultiPolygon","coordinates":[[[[79.516,10.97],[79.514,10.98],[79.511,10.983],[79.512,10.986],[79.524,10.989],[79.524,10.993],[79.532,10.998],[79.546,11],[79.547,11.003],[79.544,11.004],[79.541,11.004],[79.542,11.007],[79.539,11.008],[79.534,11.009],[79.533,11.01],[79.53,11.01],[79.525,11.009],[79.523,11.009],[79.525,11.014],[79.529,11.015],[79.532,11.016],[79.532,11.016],[79.512,11.028],[79.513,11.032],[79.512,11.037],[79.511,11.042],[79.514,11.044],[79.515,11.045],[79.52,11.051],[79.522,11.054],[79.524,11.054],[79.527,11.055],[79.527,11.055],[79.529,11.056],[79.533,11.059],[79.535,11.063],[79.537,11.066],[79.537,11.067],[79.537,11.068],[79.54,11.072],[79.544,11.075],[79.547,11.075],[79.549,11.076],[79.552,11.079],[79.553,11.083],[79.547,11.086],[79.546,11.086],[79.545,11.087],[79.541,11.084],[79.541,11.085],[79.542,11.088],[79.544,11.093],[79.546,11.098],[79.546,11.098],[79.549,11.101],[79.544,11.105],[79.541,11.101],[79.541,11.101],[79.541,11.1],[79.541,11.099],[79.541,11.098],[79.541,11.097],[79.542,11.096],[79.538,11.098],[79.536,11.102],[79.536,11.102],[79.539,11.107],[79.539,11.109],[79.542,11.109],[79.541,11.11],[79.542,11.112],[79.545,11.114],[79.543,11.116],[79.546,11.116],[79.547,11.116],[79.549,11.114],[79.55,11.117],[79.55,11.121],[79.55,11.123],[79.549,11.126],[79.55,11.127],[79.551,11.125],[79.553,11.129],[79.552,11.13],[79.555,11.132],[79.555,11.131],[79.556,11.129],[79.558,11.131],[79.559,11.131],[79.561,11.134],[79.563,11.138],[79.567,11.141],[79.571,11.144],[79.572,11.148],[79.569,11.148],[79.566,11.154],[79.558,11.155],[79.557,11.162],[79.552,11.163],[79.543,11.161],[79.541,11.163],[79.54,11.165],[79.54,11.17],[79.538,11.175],[79.538,11.179],[79.535,11.179],[79.532,11.178],[79.529,11.18],[79.522,11.182],[79.514,11.179],[79.506,11.177],[79.5,11.176],[79.494,11.172],[79.486,11.167],[79.478,11.161],[79.471,11.16],[79.461,11.152],[79.452,11.144],[79.447,11.139],[79.445,11.135],[79.436,11.127],[79.432,11.122],[79.429,11.118],[79.426,11.11],[79.423,11.1],[79.421,11.095],[79.415,11.086],[79.408,11.077],[79.4,11.069],[79.396,11.065],[79.387,11.061],[79.379,11.058],[79.372,11.054],[79.362,11.05],[79.356,11.047],[79.351,11.044],[79.345,11.042],[79.335,11.032],[79.33,11.028],[79.312,11.018],[79.304,11.018],[79.296,11.016],[79.285,11.008],[79.28,11.001],[79.273,10.996],[79.268,10.985],[79.249,10.971],[79.245,10.969],[79.239,10.964],[79.231,10.956],[79.222,10.946],[79.213,10.941],[79.204,10.943],[79.192,10.947],[79.183,10.941],[79.172,10.94],[79.162,10.942],[79.153,10.942],[79.143,10.941],[79.136,10.938],[79.123,10.93],[79.115,10.927],[79.104,10.925],[79.093,10.927],[79.084,10.927],[79.079,10.924],[79.07,10.915],[79.066,10.903],[79.059,10.894],[79.049,10.888],[79.038,10.887],[79.03,10.887],[79.019,10.891],[79.012,10.892],[79.001,10.895],[78.992,10.892],[78.987,10.892],[78.977,10.889],[78.974,10.888],[78.969,10.888],[78.966,10.887],[78.965,10.888],[78.963,10.891],[78.961,10.892],[78.96,10.895],[78.957,10.893],[78.951,10.89],[78.944,10.889],[78.939,10.885],[78.938,10.882],[78.941,10.878],[78.934,10.873],[78.923,10.866],[78.908,10.863],[78.893,10.858],[78.886,10.854],[78.872,10.85],[78.856,10.846],[78.844,10.841],[78.831,10.839],[78.824,10.837],[78.814,10.836],[78.806,10.838],[78.801,10.838],[78.783,10.834],[78.776,10.827],[78.787,10.829],[78.796,10.825],[78.804,10.826],[78.812,10.824],[78.821,10.823],[78.834,10.824],[78.855,10.825],[78.869,10.82],[78.862,10.812],[78.863,10.801],[78.865,10.792],[78.867,10.786],[78.873,10.786],[78.881,10.785],[78.868,10.761],[78.865,10.733],[78.875,10.705],[78.889,10.694],[78.894,10.693],[78.894,10.685],[78.902,10.682],[78.906,10.679],[78.907,10.676],[78.909,10.672],[78.922,10.673],[78.924,10.677],[78.929,10.681],[78.94,10.683],[78.946,10.679],[78.948,10.675],[78.944,10.677],[78.94,10.679],[78.94,10.674],[78.946,10.669],[78.955,10.668],[78.958,10.662],[78.962,10.66],[78.963,10.653],[78.965,10.653],[78.969,10.658],[78.971,10.666],[78.97,10.672],[78.97,10.674],[78.979,10.678],[78.985,10.679],[78.986,10.681],[78.984,10.69],[78.984,10.696],[78.984,10.698],[78.986,10.701],[78.99,10.706],[78.992,10.717],[79,10.722],[79.004,10.722],[79.005,10.721],[79.009,10.72],[79.008,10.714],[79.007,10.712],[79.009,10.71],[79.01,10.709],[79.011,10.708],[79.017,10.707],[79.02,10.707],[79.022,10.706],[79.024,10.706],[79.026,10.706],[79.029,10.704],[79.029,10.703],[79.026,10.701],[79.022,10.7],[79.021,10.698],[79.021,10.697],[79.02,10.696],[79.021,10.691],[79.021,10.688],[79.021,10.686],[79.021,10.684],[79.019,10.683],[79.017,10.683],[79.016,10.68],[79.017,10.68],[79.02,10.68],[79.03,10.681],[79.037,10.68],[79.044,10.681],[79.054,10.68],[79.055,10.679],[79.056,10.677],[79.063,10.674],[79.066,10.676],[79.069,10.677],[79.069,10.673],[79.067,10.671],[79.067,10.669],[79.066,10.666],[79.066,10.662],[79.066,10.654],[79.066,10.65],[79.067,10.646],[79.07,10.643],[79.071,10.64],[79.078,10.638],[79.082,10.636],[79.09,10.634],[79.092,10.633],[79.101,10.628],[79.103,10.621],[79.105,10.616],[79.116,10.63],[79.124,10.635],[79.13,10.634],[79.134,10.625],[79.136,10.616],[79.14,10.614],[79.143,10.609],[79.143,10.605],[79.141,10.599],[79.141,10.589],[79.147,10.587],[79.154,10.589],[79.159,10.588],[79.165,10.588],[79.171,10.585],[79.177,10.586],[79.179,10.577],[79.182,10.571],[79.181,10.573],[79.181,10.574],[79.186,10.576],[79.191,10.578],[79.19,10.566],[79.187,10.567],[79.191,10.563],[79.19,10.559],[79.183,10.556],[79.183,10.549],[79.185,10.538],[79.178,10.538],[79.174,10.532],[79.168,10.531],[79.165,10.531],[79.158,10.533],[79.152,10.532],[79.15,10.529],[79.15,10.524],[79.151,10.522],[79.153,10.522],[79.155,10.522],[79.151,10.52],[79.148,10.516],[79.143,10.514],[79.14,10.509],[79.134,10.498],[79.13,10.498],[79.129,10.492],[79.131,10.493],[79.133,10.494],[79.131,10.493],[79.132,10.49],[79.132,10.489],[79.13,10.49],[79.13,10.488],[79.132,10.486],[79.134,10.485],[79.135,10.486],[79.138,10.486],[79.141,10.486],[79.142,10.484],[79.144,10.486],[79.146,10.486],[79.147,10.485],[79.149,10.483],[79.15,10.48],[79.152,10.478],[79.152,10.476],[79.154,10.476],[79.155,10.476],[79.158,10.475],[79.16,10.473],[79.16,10.475],[79.162,10.476],[79.163,10.476],[79.165,10.478],[79.167,10.476],[79.17,10.481],[79.172,10.479],[79.171,10.478],[79.172,10.475],[79.174,10.474],[79.175,10.475],[79.173,10.476],[79.172,10.477],[79.174,10.478],[79.176,10.477],[79.176,10.478],[79.178,10.476],[79.178,10.474],[79.179,10.472],[79.183,10.472],[79.186,10.47],[79.19,10.471],[79.191,10.468],[79.194,10.468],[79.194,10.466],[79.191,10.463],[79.191,10.461],[79.188,10.459],[79.181,10.46],[79.179,10.46],[79.178,10.458],[79.173,10.459],[79.172,10.453],[79.167,10.455],[79.166,10.453],[79.172,10.451],[79.173,10.449],[79.174,10.449],[79.175,10.45],[79.176,10.452],[79.177,10.451],[79.171,10.448],[79.167,10.45],[79.166,10.45],[79.165,10.448],[79.161,10.449],[79.159,10.446],[79.157,10.449],[79.156,10.45],[79.156,10.452],[79.153,10.448],[79.149,10.447],[79.146,10.449],[79.142,10.448],[79.14,10.448],[79.142,10.447],[79.14,10.442],[79.136,10.44],[79.133,10.438],[79.129,10.437],[79.129,10.434],[79.134,10.424],[79.137,10.418],[79.144,10.412],[79.149,10.408],[79.152,10.402],[79.15,10.395],[79.148,10.391],[79.145,10.389],[79.145,10.382],[79.149,10.373],[79.146,10.365],[79.148,10.364],[79.149,10.363],[79.151,10.357],[79.147,10.35],[79.135,10.341],[79.124,10.338],[79.12,10.336],[79.115,10.329],[79.119,10.328],[79.123,10.329],[79.134,10.321],[79.135,10.313],[79.133,10.309],[79.129,10.307],[79.125,10.306],[79.122,10.305],[79.126,10.299],[79.121,10.292],[79.121,10.286],[79.128,10.28],[79.126,10.278],[79.128,10.275],[79.131,10.273],[79.132,10.265],[79.131,10.257],[79.13,10.255],[79.123,10.253],[79.117,10.25],[79.117,10.243],[79.116,10.237],[79.117,10.233],[79.122,10.233],[79.128,10.232],[79.132,10.231],[79.134,10.231],[79.136,10.235],[79.141,10.236],[79.146,10.234],[79.147,10.229],[79.148,10.226],[79.146,10.223],[79.147,10.221],[79.15,10.216],[79.153,10.218],[79.157,10.217],[79.162,10.215],[79.165,10.217],[79.172,10.214],[79.175,10.215],[79.179,10.216],[79.184,10.214],[79.183,10.211],[79.182,10.208],[79.187,10.206],[79.189,10.202],[79.188,10.199],[79.186,10.196],[79.183,10.193],[79.18,10.195],[79.178,10.198],[79.175,10.201],[79.173,10.203],[79.168,10.201],[79.163,10.197],[79.161,10.195],[79.157,10.195],[79.155,10.197],[79.152,10.195],[79.15,10.192],[79.149,10.189],[79.152,10.185],[79.156,10.183],[79.16,10.185],[79.161,10.18],[79.16,10.177],[79.157,10.174],[79.157,10.169],[79.152,10.167],[79.151,10.163],[79.152,10.159],[79.158,10.157],[79.164,10.158],[79.166,10.16],[79.164,10.162],[79.167,10.161],[79.17,10.16],[79.176,10.159],[79.18,10.159],[79.183,10.16],[79.189,10.161],[79.194,10.161],[79.196,10.157],[79.201,10.158],[79.203,10.156],[79.205,10.153],[79.207,10.149],[79.209,10.148],[79.209,10.146],[79.21,10.142],[79.208,10.14],[79.21,10.136],[79.214,10.136],[79.219,10.137],[79.224,10.137],[79.226,10.144],[79.227,10.151],[79.231,10.153],[79.234,10.157],[79.239,10.161],[79.236,10.17],[79.239,10.177],[79.241,10.185],[79.245,10.189],[79.247,10.192],[79.25,10.194],[79.256,10.196],[79.258,10.196],[79.262,10.195],[79.264,10.198],[79.265,10.198],[79.266,10.2],[79.269,10.206],[79.275,10.21],[79.278,10.222],[79.277,10.223],[79.274,10.224],[79.271,10.226],[79.269,10.228],[79.268,10.231],[79.276,10.242],[79.281,10.247],[79.291,10.256],[79.316,10.274],[79.329,10.284],[79.344,10.288],[79.366,10.299],[79.396,10.319],[79.432,10.318],[79.472,10.316],[79.5,10.349],[79.503,10.354],[79.505,10.364],[79.497,10.368],[79.489,10.375],[79.485,10.379],[79.48,10.377],[79.476,10.374],[79.467,10.375],[79.47,10.383],[79.466,10.387],[79.461,10.393],[79.472,10.395],[79.476,10.398],[79.469,10.407],[79.463,10.407],[79.465,10.416],[79.459,10.419],[79.453,10.428],[79.452,10.433],[79.456,10.434],[79.465,10.435],[79.472,10.434],[79.474,10.442],[79.476,10.45],[79.47,10.46],[79.476,10.464],[79.482,10.473],[79.483,10.479],[79.482,10.491],[79.471,10.491],[79.459,10.487],[79.456,10.496],[79.46,10.501],[79.464,10.505],[79.469,10.509],[79.458,10.514],[79.454,10.52],[79.45,10.522],[79.445,10.522],[79.44,10.523],[79.439,10.525],[79.438,10.531],[79.433,10.532],[79.423,10.535],[79.428,10.544],[79.433,10.546],[79.44,10.548],[79.452,10.555],[79.446,10.558],[79.439,10.559],[79.43,10.557],[79.424,10.552],[79.42,10.55],[79.415,10.552],[79.409,10.551],[79.4,10.556],[79.398,10.561],[79.401,10.572],[79.399,10.578],[79.397,10.58],[79.389,10.582],[79.382,10.582],[79.37,10.58],[79.358,10.582],[79.35,10.587],[79.347,10.592],[79.349,10.6],[79.349,10.607],[79.354,10.609],[79.352,10.615],[79.349,10.622],[79.35,10.629],[79.354,10.631],[79.358,10.645],[79.356,10.647],[79.354,10.648],[79.351,10.648],[79.349,10.651],[79.346,10.654],[79.343,10.657],[79.333,10.659],[79.326,10.66],[79.318,10.661],[79.317,10.671],[79.318,10.675],[79.32,10.681],[79.319,10.689],[79.315,10.695],[79.313,10.702],[79.308,10.708],[79.307,10.712],[79.308,10.717],[79.308,10.723],[79.305,10.734],[79.302,10.74],[79.305,10.744],[79.312,10.747],[79.314,10.742],[79.317,10.741],[79.32,10.737],[79.328,10.739],[79.338,10.739],[79.34,10.74],[79.342,10.74],[79.347,10.743],[79.349,10.745],[79.345,10.746],[79.35,10.748],[79.355,10.749],[79.358,10.75],[79.36,10.755],[79.361,10.76],[79.358,10.766],[79.346,10.768],[79.344,10.774],[79.345,10.781],[79.351,10.791],[79.35,10.796],[79.365,10.796],[79.37,10.796],[79.374,10.802],[79.373,10.807],[79.364,10.808],[79.358,10.807],[79.354,10.811],[79.347,10.812],[79.342,10.812],[79.336,10.814],[79.328,10.81],[79.321,10.819],[79.314,10.823],[79.308,10.824],[79.303,10.828],[79.299,10.836],[79.292,10.84],[79.293,10.854],[79.295,10.86],[79.289,10.867],[79.284,10.871],[79.278,10.871],[79.274,10.877],[79.274,10.88],[79.275,10.883],[79.273,10.884],[79.271,10.893],[79.272,10.897],[79.268,10.905],[79.278,10.907],[79.287,10.903],[79.296,10.904],[79.294,10.908],[79.287,10.908],[79.287,10.916],[79.286,10.919],[79.281,10.921],[79.275,10.923],[79.282,10.929],[79.285,10.93],[79.289,10.935],[79.291,10.937],[79.295,10.935],[79.302,10.934],[79.305,10.931],[79.309,10.928],[79.312,10.928],[79.318,10.927],[79.325,10.925],[79.331,10.921],[79.327,10.919],[79.332,10.915],[79.337,10.913],[79.344,10.912],[79.351,10.908],[79.357,10.902],[79.361,10.899],[79.367,10.899],[79.373,10.894],[79.388,10.895],[79.393,10.895],[79.399,10.894],[79.409,10.888],[79.415,10.885],[79.423,10.881],[79.434,10.878],[79.436,10.876],[79.445,10.872],[79.451,10.868],[79.457,10.864],[79.463,10.865],[79.467,10.869],[79.475,10.872],[79.481,10.868],[79.486,10.875],[79.486,10.881],[79.488,10.884],[79.488,10.889],[79.496,10.89],[79.507,10.896],[79.506,10.904],[79.495,10.904],[79.492,10.907],[79.493,10.914],[79.488,10.918],[79.484,10.921],[79.49,10.925],[79.499,10.933],[79.501,10.942],[79.505,10.942],[79.511,10.942],[79.52,10.95],[79.516,10.958],[79.516,10.97]]],[[[79.153,10.452],[79.153,10.452],[79.153,10.452],[79.153,10.453],[79.152,10.453],[79.152,10.452],[79.152,10.452],[79.152,10.452],[79.152,10.452],[79.152,10.452],[79.152,10.452],[79.152,10.452],[79.153,10.452]]],[[[79.163,10.456],[79.163,10.456],[79.163,10.456],[79.163,10.455],[79.163,10.454],[79.163,10.456]]],[[[79.161,10.456],[79.16,10.456],[79.16,10.456],[79.16,10.456],[79.159,10.457],[79.159,10.456],[79.159,10.455],[79.16,10.455],[79.161,10.456]]],[[[79.168,10.463],[79.168,10.464],[79.168,10.464],[79.168,10.464],[79.167,10.464],[79.167,10.463],[79.168,10.462],[79.168,10.463]]],[[[79.174,10.465],[79.174,10.465],[79.174,10.465],[79.173,10.465],[79.173,10.465],[79.173,10.464],[79.174,10.464],[79.174,10.465]]],[[[79.172,10.465],[79.172,10.465],[79.172,10.465],[79.172,10.465],[79.171,10.465],[79.171,10.465],[79.172,10.465]]],[[[79.153,10.465],[79.154,10.465],[79.154,10.466],[79.153,10.466],[79.153,10.466],[79.153,10.466],[79.152,10.466],[79.152,10.465],[79.152,10.464],[79.153,10.465]]],[[[79.156,10.465],[79.157,10.466],[79.157,10.467],[79.157,10.467],[79.156,10.467],[79.156,10.467],[79.155,10.466],[79.155,10.466],[79.156,10.466],[79.156,10.465],[79.156,10.465]]],[[[79.175,10.467],[79.175,10.467],[79.175,10.468],[79.175,10.468],[79.174,10.468],[79.174,10.467],[79.175,10.467],[79.175,10.467],[79.175,10.467]]],[[[79.18,10.467],[79.18,10.468],[79.18,10.468],[79.18,10.468],[79.179,10.469],[79.178,10.468],[79.178,10.467],[79.178,10.467],[79.178,10.467],[79.179,10.467],[79.18,10.467]]],[[[79.158,10.469],[79.158,10.469],[79.158,10.469],[79.158,10.47],[79.157,10.47],[79.157,10.47],[79.157,10.469],[79.157,10.469],[79.157,10.468],[79.158,10.469]]],[[[79.176,10.468],[79.176,10.468],[79.177,10.47],[79.176,10.471],[79.175,10.47],[79.175,10.47],[79.175,10.47],[79.175,10.469],[79.175,10.468],[79.176,10.468]]],[[[79.159,10.473],[79.158,10.473],[79.158,10.473],[79.158,10.472],[79.158,10.472],[79.158,10.472],[79.159,10.472],[79.159,10.472],[79.159,10.473]]],[[[79.137,10.505],[79.138,10.506],[79.139,10.507],[79.138,10.507],[79.138,10.507],[79.138,10.507],[79.138,10.508],[79.138,10.507],[79.138,10.507],[79.137,10.506],[79.137,10.505],[79.137,10.505],[79.137,10.505],[79.137,10.505]]],[[[79.136,10.507],[79.136,10.507],[79.136,10.508],[79.136,10.508],[79.135,10.508],[79.134,10.508],[79.134,10.508],[79.134,10.507],[79.134,10.507],[79.135,10.507],[79.135,10.506],[79.136,10.507]]],[[[79.135,10.509],[79.135,10.509],[79.135,10.509],[79.135,10.51],[79.134,10.51],[79.133,10.51],[79.134,10.509],[79.135,10.509]]],[[[79.145,10.517],[79.145,10.517],[79.145,10.518],[79.145,10.518],[79.144,10.516],[79.145,10.516],[79.145,10.516],[79.145,10.517]]],[[[79.149,10.525],[79.148,10.525],[79.148,10.524],[79.148,10.524],[79.149,10.524],[79.149,10.525]]],[[[79.146,10.527],[79.146,10.526],[79.145,10.527],[79.145,10.526],[79.145,10.526],[79.146,10.526],[79.146,10.525],[79.146,10.525],[79.146,10.525],[79.147,10.526],[79.146,10.527]]],[[[79.149,10.529],[79.149,10.53],[79.148,10.53],[79.148,10.529],[79.148,10.529],[79.148,10.529],[79.148,10.529],[79.149,10.528],[79.149,10.529]]],[[[79.171,10.543],[79.17,10.543],[79.17,10.542],[79.171,10.542],[79.171,10.543]]],[[[79.185,10.566],[79.185,10.567],[79.183,10.568],[79.183,10.567],[79.184,10.566],[79.185,10.566]]]]}},{"type":"Feature","properties":{"district":"Pudukkottai"},"geometry":{"type":"MultiPolygon","coordinates":[[[[78.873,10.706],[78.86,10.693],[78.831,10.695],[78.813,10.678],[78.805,10.68],[78.799,10.674],[78.798,10.667],[78.794,10.656],[78.774,10.651],[78.758,10.652],[78.752,10.642],[78.743,10.652],[78.74,10.663],[78.736,10.676],[78.747,10.687],[78.739,10.711],[78.719,10.717],[78.708,10.728],[78.708,10.733],[78.696,10.733],[78.689,10.735],[78.688,10.729],[78.691,10.716],[78.695,10.707],[78.696,10.699],[78.691,10.691],[78.682,10.687],[78.683,10.673],[78.667,10.672],[78.665,10.655],[78.656,10.657],[78.656,10.672],[78.656,10.688],[78.656,10.692],[78.658,10.703],[78.649,10.704],[78.644,10.705],[78.64,10.708],[78.627,10.704],[78.626,10.699],[78.623,10.691],[78.624,10.687],[78.623,10.681],[78.622,10.678],[78.617,10.678],[78.614,10.681],[78.608,10.68],[78.598,10.666],[78.592,10.659],[78.583,10.663],[78.577,10.662],[78.571,10.66],[78.566,10.661],[78.565,10.668],[78.565,10.671],[78.568,10.681],[78.563,10.684],[78.549,10.684],[78.545,10.675],[78.534,10.676],[78.523,10.673],[78.52,10.664],[78.518,10.66],[78.523,10.648],[78.529,10.642],[78.528,10.637],[78.525,10.63],[78.521,10.63],[78.517,10.632],[78.513,10.634],[78.504,10.636],[78.493,10.635],[78.48,10.636],[78.474,10.63],[78.469,10.626],[78.467,10.618],[78.461,10.618],[78.459,10.614],[78.452,10.61],[78.449,10.609],[78.447,10.607],[78.45,10.604],[78.45,10.602],[78.452,10.6],[78.453,10.598],[78.451,10.596],[78.453,10.592],[78.456,10.591],[78.46,10.59],[78.46,10.584],[78.458,10.583],[78.462,10.58],[78.466,10.576],[78.465,10.571],[78.464,10.565],[78.464,10.559],[78.465,10.555],[78.466,10.546],[78.464,10.541],[78.469,10.541],[78.478,10.54],[78.486,10.539],[78.486,10.534],[78.491,10.527],[78.489,10.525],[78.488,10.522],[78.491,10.516],[78.493,10.51],[78.497,10.507],[78.496,10.501],[78.495,10.486],[78.507,10.483],[78.528,10.488],[78.538,10.501],[78.541,10.507],[78.539,10.511],[78.533,10.514],[78.536,10.531],[78.541,10.528],[78.548,10.521],[78.552,10.514],[78.561,10.514],[78.567,10.516],[78.573,10.518],[78.582,10.522],[78.58,10.513],[78.576,10.504],[78.578,10.485],[78.589,10.468],[78.587,10.46],[78.583,10.446],[78.577,10.445],[78.565,10.443],[78.565,10.43],[78.555,10.427],[78.544,10.435],[78.527,10.437],[78.518,10.423],[78.517,10.407],[78.531,10.397],[78.525,10.378],[78.508,10.374],[78.502,10.367],[78.498,10.364],[78.497,10.36],[78.498,10.356],[78.498,10.352],[78.51,10.345],[78.517,10.332],[78.519,10.319],[78.515,10.309],[78.516,10.297],[78.513,10.286],[78.514,10.274],[78.51,10.265],[78.499,10.264],[78.494,10.264],[78.49,10.263],[78.485,10.266],[78.479,10.267],[78.476,10.269],[78.471,10.27],[78.464,10.267],[78.46,10.267],[78.457,10.268],[78.456,10.267],[78.453,10.266],[78.453,10.259],[78.452,10.257],[78.45,10.254],[78.45,10.25],[78.449,10.247],[78.45,10.245],[78.456,10.242],[78.461,10.241],[78.465,10.241],[78.474,10.244],[78.479,10.25],[78.482,10.255],[78.484,10.254],[78.485,10.251],[78.482,10.25],[78.48,10.245],[78.479,10.241],[78.485,10.237],[78.488,10.235],[78.486,10.231],[78.483,10.228],[78.48,10.224],[78.476,10.223],[78.473,10.22],[78.474,10.216],[78.473,10.211],[78.471,10.206],[78.474,10.203],[78.476,10.202],[78.478,10.2],[78.481,10.197],[78.483,10.194],[78.488,10.191],[78.491,10.19],[78.495,10.192],[78.498,10.189],[78.5,10.188],[78.504,10.188],[78.51,10.189],[78.516,10.191],[78.516,10.194],[78.514,10.198],[78.514,10.201],[78.514,10.206],[78.514,10.207],[78.517,10.209],[78.517,10.212],[78.515,10.218],[78.516,10.222],[78.515,10.225],[78.516,10.227],[78.518,10.232],[78.52,10.237],[78.529,10.241],[78.529,10.243],[78.53,10.25],[78.53,10.251],[78.534,10.254],[78.538,10.256],[78.541,10.253],[78.549,10.252],[78.554,10.251],[78.564,10.257],[78.573,10.259],[78.576,10.265],[78.575,10.274],[78.572,10.275],[78.571,10.281],[78.576,10.287],[78.587,10.283],[78.597,10.277],[78.61,10.274],[78.613,10.27],[78.624,10.27],[78.634,10.269],[78.641,10.265],[78.648,10.256],[78.652,10.254],[78.651,10.251],[78.65,10.249],[78.649,10.248],[78.647,10.246],[78.646,10.245],[78.644,10.244],[78.644,10.244],[78.641,10.242],[78.643,10.24],[78.649,10.237],[78.651,10.237],[78.651,10.236],[78.65,10.233],[78.648,10.229],[78.647,10.228],[78.649,10.224],[78.652,10.219],[78.656,10.217],[78.659,10.215],[78.66,10.215],[78.664,10.213],[78.666,10.211],[78.669,10.208],[78.671,10.206],[78.673,10.205],[78.673,10.202],[78.672,10.2],[78.672,10.198],[78.671,10.195],[78.669,10.194],[78.668,10.194],[78.667,10.191],[78.667,10.189],[78.667,10.187],[78.666,10.186],[78.665,10.185],[78.665,10.183],[78.664,10.179],[78.665,10.178],[78.667,10.178],[78.669,10.177],[78.67,10.176],[78.669,10.173],[78.668,10.172],[78.668,10.17],[78.667,10.17],[78.669,10.168],[78.669,10.167],[78.669,10.166],[78.67,10.163],[78.67,10.162],[78.67,10.16],[78.669,10.157],[78.668,10.154],[78.67,10.154],[78.671,10.153],[78.672,10.153],[78.673,10.152],[78.674,10.151],[78.676,10.149],[78.676,10.148],[78.677,10.147],[78.681,10.148],[78.685,10.146],[78.69,10.147],[78.692,10.149],[78.693,10.154],[78.695,10.156],[78.697,10.159],[78.703,10.169],[78.708,10.175],[78.709,10.176],[78.716,10.171],[78.723,10.17],[78.724,10.17],[78.727,10.17],[78.728,10.166],[78.727,10.163],[78.729,10.161],[78.735,10.159],[78.738,10.16],[78.738,10.162],[78.744,10.164],[78.747,10.164],[78.749,10.164],[78.755,10.165],[78.758,10.165],[78.761,10.165],[78.765,10.164],[78.767,10.163],[78.768,10.166],[78.77,10.169],[78.767,10.173],[78.766,10.174],[78.766,10.178],[78.765,10.181],[78.765,10.193],[78.766,10.195],[78.769,10.197],[78.769,10.199],[78.772,10.199],[78.774,10.2],[78.777,10.203],[78.783,10.205],[78.79,10.207],[78.8,10.209],[78.81,10.213],[78.821,10.201],[78.82,10.183],[78.816,10.17],[78.814,10.167],[78.825,10.157],[78.831,10.151],[78.831,10.148],[78.833,10.145],[78.833,10.139],[78.837,10.14],[78.842,10.139],[78.847,10.138],[78.849,10.134],[78.848,10.127],[78.863,10.127],[78.865,10.132],[78.872,10.138],[78.873,10.142],[78.875,10.143],[78.88,10.151],[78.885,10.152],[78.888,10.149],[78.896,10.147],[78.9,10.15],[78.902,10.155],[78.908,10.149],[78.911,10.145],[78.913,10.143],[78.912,10.139],[78.91,10.136],[78.911,10.131],[78.913,10.13],[78.914,10.127],[78.919,10.125],[78.921,10.123],[78.927,10.121],[78.929,10.118],[78.93,10.115],[78.933,10.116],[78.938,10.114],[78.939,10.111],[78.94,10.111],[78.941,10.11],[78.942,10.113],[78.946,10.111],[78.947,10.11],[78.948,10.105],[78.95,10.114],[78.953,10.114],[78.96,10.116],[78.964,10.119],[78.966,10.127],[78.971,10.122],[78.973,10.119],[78.976,10.111],[78.982,10.1],[78.982,10.095],[78.983,10.085],[78.978,10.086],[78.972,10.082],[78.963,10.092],[78.96,10.095],[78.95,10.088],[78.946,10.08],[78.944,10.078],[78.94,10.076],[78.934,10.072],[78.938,10.064],[78.944,10.057],[78.94,10.054],[78.936,10.054],[78.934,10.052],[78.931,10.047],[78.924,10.043],[78.932,10.037],[78.93,10.031],[78.937,10.016],[78.952,10.008],[78.967,10.006],[78.975,10],[78.977,9.991],[78.986,9.992],[78.988,9.995],[78.994,9.996],[78.999,9.99],[79.004,9.987],[79.007,9.989],[79.009,9.99],[79.012,9.985],[79.011,9.98],[79.003,9.979],[79,9.972],[78.998,9.965],[79.002,9.964],[79.002,9.962],[79.002,9.96],[79.002,9.958],[79.003,9.956],[78.998,9.954],[78.994,9.952],[78.993,9.953],[78.988,9.951],[78.991,9.945],[78.998,9.937],[79.002,9.923],[79.006,9.914],[79.011,9.911],[79.016,9.903],[79.022,9.903],[79.026,9.896],[79.031,9.894],[79.036,9.883],[79.038,9.875],[79.041,9.87],[79.043,9.861],[79.055,9.859],[79.062,9.857],[79.068,9.85],[79.073,9.852],[79.08,9.853],[79.086,9.855],[79.091,9.857],[79.101,9.855],[79.103,9.854],[79.107,9.852],[79.107,9.852],[79.112,9.851],[79.115,9.849],[79.11,9.858],[79.119,9.853],[79.122,9.86],[79.113,9.861],[79.117,9.867],[79.116,9.872],[79.117,9.872],[79.119,9.878],[79.116,9.879],[79.119,9.879],[79.122,9.88],[79.12,9.885],[79.119,9.889],[79.115,9.889],[79.112,9.891],[79.113,9.892],[79.115,9.89],[79.119,9.89],[79.122,9.886],[79.125,9.885],[79.126,9.891],[79.129,9.899],[79.127,9.903],[79.128,9.903],[79.131,9.898],[79.134,9.902],[79.135,9.901],[79.14,9.905],[79.138,9.906],[79.137,9.908],[79.138,9.908],[79.141,9.906],[79.147,9.912],[79.141,9.918],[79.141,9.919],[79.144,9.921],[79.145,9.924],[79.145,9.921],[79.147,9.919],[79.152,9.921],[79.153,9.923],[79.155,9.931],[79.16,9.937],[79.167,9.942],[79.173,9.949],[79.179,9.956],[79.184,9.96],[79.189,9.966],[79.197,9.972],[79.201,9.98],[79.205,9.985],[79.211,9.992],[79.216,9.997],[79.216,9.999],[79.223,10.004],[79.231,10.012],[79.237,10.02],[79.244,10.027],[79.26,10.036],[79.257,10.044],[79.254,10.045],[79.251,10.044],[79.25,10.042],[79.25,10.044],[79.252,10.045],[79.253,10.047],[79.246,10.057],[79.245,10.055],[79.244,10.057],[79.241,10.058],[79.245,10.06],[79.24,10.063],[79.243,10.065],[79.25,10.067],[79.247,10.071],[79.241,10.072],[79.239,10.072],[79.237,10.073],[79.234,10.071],[79.236,10.073],[79.235,10.077],[79.232,10.077],[79.233,10.079],[79.231,10.081],[79.23,10.077],[79.227,10.074],[79.228,10.076],[79.23,10.08],[79.23,10.083],[79.225,10.082],[79.226,10.083],[79.229,10.084],[79.231,10.083],[79.229,10.09],[79.226,10.098],[79.229,10.105],[79.228,10.105],[79.224,10.105],[79.221,10.109],[79.219,10.109],[79.219,10.113],[79.222,10.109],[79.225,10.106],[79.227,10.109],[79.229,10.107],[79.228,10.114],[79.228,10.119],[79.231,10.119],[79.232,10.126],[79.23,10.13],[79.226,10.136],[79.223,10.137],[79.217,10.136],[79.214,10.136],[79.207,10.137],[79.21,10.14],[79.209,10.144],[79.209,10.147],[79.208,10.148],[79.207,10.151],[79.205,10.153],[79.203,10.158],[79.199,10.157],[79.196,10.159],[79.191,10.162],[79.188,10.161],[79.183,10.16],[79.178,10.158],[79.173,10.159],[79.169,10.16],[79.166,10.161],[79.164,10.161],[79.166,10.159],[79.161,10.157],[79.155,10.158],[79.151,10.16],[79.151,10.165],[79.154,10.168],[79.157,10.171],[79.157,10.176],[79.161,10.177],[79.16,10.182],[79.158,10.184],[79.156,10.185],[79.15,10.185],[79.15,10.19],[79.15,10.194],[79.152,10.196],[79.156,10.196],[79.159,10.195],[79.161,10.195],[79.165,10.199],[79.169,10.201],[79.174,10.203],[79.177,10.2],[79.179,10.197],[79.181,10.194],[79.184,10.194],[79.187,10.197],[79.189,10.201],[79.189,10.202],[79.184,10.207],[79.182,10.208],[79.184,10.213],[79.183,10.215],[79.178,10.216],[79.174,10.214],[79.169,10.216],[79.163,10.218],[79.161,10.215],[79.155,10.217],[79.152,10.217],[79.149,10.218],[79.147,10.222],[79.147,10.224],[79.147,10.228],[79.147,10.23],[79.144,10.236],[79.137,10.236],[79.135,10.233],[79.134,10.231],[79.131,10.231],[79.126,10.232],[79.12,10.233],[79.116,10.234],[79.116,10.241],[79.117,10.245],[79.118,10.252],[79.126,10.253],[79.13,10.256],[79.13,10.26],[79.13,10.267],[79.129,10.274],[79.127,10.277],[79.127,10.279],[79.127,10.283],[79.119,10.289],[79.123,10.294],[79.126,10.301],[79.122,10.306],[79.127,10.307],[79.13,10.308],[79.135,10.312],[79.135,10.317],[79.132,10.324],[79.122,10.328],[79.116,10.327],[79.117,10.332],[79.121,10.337],[79.129,10.338],[79.141,10.344],[79.153,10.35],[79.151,10.363],[79.149,10.363],[79.147,10.364],[79.147,10.367],[79.147,10.375],[79.144,10.385],[79.146,10.391],[79.149,10.393],[79.152,10.399],[79.151,10.404],[79.148,10.41],[79.142,10.414],[79.136,10.419],[79.132,10.424],[79.125,10.436],[79.131,10.436],[79.134,10.438],[79.138,10.44],[79.142,10.444],[79.141,10.448],[79.142,10.449],[79.144,10.449],[79.148,10.448],[79.151,10.447],[79.154,10.449],[79.156,10.452],[79.157,10.45],[79.158,10.448],[79.16,10.449],[79.162,10.448],[79.165,10.45],[79.166,10.45],[79.169,10.449],[79.174,10.448],[79.177,10.451],[79.175,10.451],[79.175,10.449],[79.174,10.449],[79.172,10.449],[79.17,10.451],[79.166,10.455],[79.169,10.455],[79.173,10.454],[79.175,10.459],[79.178,10.459],[79.18,10.46],[79.183,10.459],[79.19,10.459],[79.19,10.462],[79.194,10.463],[79.194,10.466],[79.193,10.469],[79.191,10.469],[79.188,10.471],[79.185,10.469],[79.182,10.472],[79.178,10.472],[79.179,10.476],[79.177,10.476],[79.176,10.478],[79.175,10.477],[79.173,10.478],[79.172,10.476],[79.174,10.476],[79.175,10.475],[79.173,10.474],[79.172,10.476],[79.17,10.479],[79.172,10.481],[79.169,10.479],[79.166,10.476],[79.165,10.478],[79.163,10.476],[79.161,10.476],[79.16,10.475],[79.159,10.474],[79.157,10.475],[79.154,10.477],[79.153,10.476],[79.152,10.477],[79.151,10.478],[79.15,10.48],[79.148,10.483],[79.147,10.486],[79.145,10.486],[79.144,10.485],[79.141,10.484],[79.139,10.486],[79.136,10.486],[79.135,10.486],[79.134,10.486],[79.132,10.487],[79.13,10.489],[79.131,10.49],[79.132,10.489],[79.132,10.491],[79.132,10.493],[79.132,10.494],[79.13,10.492],[79.129,10.495],[79.132,10.498],[79.141,10.501],[79.14,10.51],[79.145,10.514],[79.149,10.517],[79.152,10.52],[79.154,10.523],[79.152,10.524],[79.15,10.523],[79.149,10.524],[79.151,10.531],[79.154,10.53],[79.159,10.533],[79.167,10.531],[79.171,10.533],[79.174,10.536],[79.181,10.538],[79.186,10.542],[79.179,10.551],[79.185,10.557],[79.191,10.561],[79.19,10.565],[79.188,10.567],[79.19,10.572],[79.19,10.578],[79.185,10.577],[79.182,10.573],[79.181,10.572],[79.179,10.571],[79.178,10.58],[79.176,10.586],[79.169,10.587],[79.162,10.588],[79.157,10.589],[79.153,10.588],[79.143,10.586],[79.141,10.59],[79.141,10.602],[79.144,10.606],[79.14,10.611],[79.138,10.615],[79.134,10.619],[79.133,10.629],[79.128,10.636],[79.12,10.635],[79.11,10.623],[79.104,10.616],[79.103,10.623],[79.093,10.631],[79.091,10.633],[79.089,10.635],[79.081,10.636],[79.077,10.638],[79.07,10.641],[79.07,10.645],[79.066,10.648],[79.066,10.652],[79.067,10.657],[79.066,10.663],[79.066,10.667],[79.066,10.67],[79.069,10.672],[79.069,10.675],[79.068,10.677],[79.064,10.675],[79.061,10.675],[79.055,10.678],[79.055,10.68],[79.051,10.68],[79.04,10.68],[79.034,10.681],[79.029,10.681],[79.019,10.68],[79.017,10.68],[79.016,10.681],[79.018,10.683],[79.02,10.683],[79.02,10.685],[79.021,10.687],[79.021,10.689],[79.021,10.692],[79.02,10.696],[79.021,10.697],[79.021,10.698],[79.022,10.7],[79.028,10.702],[79.029,10.704],[79.028,10.705],[79.025,10.706],[79.023,10.706],[79.021,10.707],[79.019,10.707],[79.014,10.708],[79.01,10.708],[79.01,10.71],[79.009,10.71],[79.007,10.712],[79.009,10.717],[79.006,10.72],[79.005,10.721],[79.002,10.722],[78.994,10.722],[78.992,10.714],[78.989,10.703],[78.985,10.7],[78.985,10.697],[78.984,10.694],[78.983,10.688],[78.987,10.679],[78.983,10.678],[78.974,10.677],[78.97,10.673],[78.972,10.669],[78.971,10.664],[78.968,10.657],[78.964,10.652],[78.961,10.656],[78.961,10.662],[78.957,10.665],[78.953,10.669],[78.943,10.671],[78.938,10.678],[78.942,10.677],[78.945,10.676],[78.949,10.676],[78.943,10.681],[78.938,10.683],[78.926,10.68],[78.923,10.675],[78.919,10.671],[78.908,10.674],[78.907,10.679],[78.903,10.68],[78.897,10.683],[78.894,10.687],[78.893,10.694],[78.882,10.695],[78.873,10.706]],[[79.185,10.566],[79.184,10.566],[79.183,10.567],[79.183,10.568],[79.185,10.567],[79.185,10.566]],[[79.171,10.543],[79.171,10.542],[79.17,10.542],[79.17,10.543],[79.171,10.543]],[[79.149,10.529],[79.149,10.528],[79.148,10.529],[79.148,10.529],[79.148,10.529],[79.148,10.529],[79.148,10.53],[79.149,10.53],[79.149,10.529]],[[79.146,10.527],[79.147,10.526],[79.146,10.525],[79.146,10.525],[79.146,10.525],[79.146,10.526],[79.145,10.526],[79.145,10.526],[79.145,10.527],[79.146,10.526],[79.146,10.527]],[[79.149,10.525],[79.149,10.524],[79.148,10.524],[79.148,10.524],[79.148,10.525],[79.149,10.525]],[[79.145,10.517],[79.145,10.516],[79.145,10.516],[79.144,10.516],[79.145,10.518],[79.145,10.518],[79.145,10.517],[79.145,10.517]],[[79.135,10.509],[79.134,10.509],[79.133,10.51],[79.134,10.51],[79.135,10.51],[79.135,10.509],[79.135,10.509],[79.135,10.509]],[[79.136,10.507],[79.135,10.506],[79.135,10.507],[79.134,10.507],[79.134,10.507],[79.134,10.508],[79.134,10.508],[79.135,10.508],[79.136,10.508],[79.136,10.508],[79.136,10.507],[79.136,10.507]],[[79.137,10.505],[79.137,10.505],[79.137,10.505],[79.137,10.505],[79.137,10.506],[79.138,10.507],[79.138,10.507],[79.138,10.508],[79.138,10.507],[79.138,10.507],[79.138,10.507],[79.139,10.507],[79.138,10.506],[79.137,10.505]],[[79.159,10.473],[79.159,10.472],[79.159,10.472],[79.158,10.472],[79.158,10.472],[79.158,10.472],[79.158,10.473],[79.158,10.473],[79.159,10.473]],[[79.176,10.468],[79.175,10.468],[79.175,10.469],[79.175,10.47],[79.175,10.47],[79.175,10.47],[79.176,10.471],[79.177,10.47],[79.176,10.468],[79.176,10.468]],[[79.18,10.467],[79.179,10.467],[79.178,10.467],[79.178,10.467],[79.178,10.467],[79.178,10.468],[79.179,10.469],[79.18,10.468],[79.18,10.468],[79.18,10.468],[79.18,10.467]],[[79.175,10.467],[79.175,10.467],[79.175,10.467],[79.174,10.467],[79.174,10.468],[79.175,10.468],[79.175,10.468],[79.175,10.467],[79.175,10.467]],[[79.156,10.465],[79.156,10.465],[79.156,10.466],[79.155,10.466],[79.155,10.466],[79.156,10.467],[79.156,10.467],[79.157,10.467],[79.157,10.467],[79.157,10.466],[79.156,10.465]],[[79.153,10.465],[79.152,10.464],[79.152,10.465],[79.152,10.466],[79.153,10.466],[79.153,10.466],[79.153,10.466],[79.154,10.466],[79.154,10.465],[79.153,10.465]],[[79.172,10.465],[79.171,10.465],[79.171,10.465],[79.172,10.465],[79.172,10.465],[79.172,10.465],[79.172,10.465]],[[79.174,10.465],[79.174,10.464],[79.173,10.464],[79.173,10.465],[79.173,10.465],[79.174,10.465],[79.174,10.465],[79.174,10.465]],[[79.168,10.463],[79.168,10.462],[79.167,10.463],[79.167,10.464],[79.168,10.464],[79.168,10.464],[79.168,10.464],[79.168,10.463]],[[79.158,10.469],[79.157,10.468],[79.157,10.469],[79.157,10.469],[79.157,10.47],[79.157,10.47],[79.158,10.47],[79.158,10.469],[79.158,10.469],[79.158,10.469]],[[79.161,10.456],[79.16,10.455],[79.159,10.455],[79.159,10.456],[79.159,10.457],[79.16,10.456],[79.16,10.456],[79.16,10.456],[79.161,10.456]],[[79.163,10.456],[79.163,10.454],[79.163,10.455],[79.163,10.456],[79.163,10.456],[79.163,10.456]],[[79.153,10.452],[79.152,10.452],[79.152,10.452],[79.152,10.452],[79.152,10.452],[79.152,10.452],[79.152,10.452],[79.152,10.452],[79.152,10.453],[79.153,10.453],[79.153,10.452],[79.153,10.452],[79.153,10.452]]],[[[78.569,10.709],[78.558,10.697],[78.569,10.686],[78.575,10.685],[78.578,10.703],[78.569,10.709]]]]}}]}